Job ID,Job URL,Job Title,Company Name,Status,Timestamp,WP ID
11ff85f857b5f49f,https://uy.linkedin.com/jobs/view/ayudante-de-sanitaria-montevideo-at-aym-santa-lucia-4435255143,Ayudante de Sanitaria Montevideo,AyM Santa Lucia,posted,2026-07-07T02:24:24.725444,19
613a7926d13f3e6e,https://uy.linkedin.com/jobs/view/ayudante-de-cuadrilla-montevideo-at-aym-santa-lucia-4435255144,Ayudante de Cuadrilla Montevideo,AyM Santa Lucia,posted,2026-07-07T02:24:37.122627,21
a127e9901427f000,https://uy.linkedin.com/jobs/view/auxiliar-de-dep%C3%B3sito-at-mis-petates-4436985109,Auxiliar de depósito,,scraped,2026-07-07T02:24:40.018419,
3be9798cc4bbf476,https://uy.linkedin.com/jobs/view/vendedor-a-casa-central-at-divino-sa-4434395993,Vendedor/a Casa Central,,scraped,2026-07-07T02:24:47.920133,
94fd2c1fd8930d13,https://uy.linkedin.com/jobs/view/vendedor-a-para-tienda-de-decoraci%C3%B3n-part-time-at-divino-sa-4434601031,Vendedor/a para tienda de decoración Part-Time,,scraped,2026-07-07T02:24:55.778631,
567a8a1bf01fca54,https://uy.linkedin.com/jobs/view/recepcionista-administrativo-a-facilities-at-southbay-4436235233,Recepcionista Administrativo/a & Facilities,,scraped,2026-07-07T02:25:03.818503,
433647a56ea5e096,https://uy.linkedin.com/jobs/view/analista-de-supply-chain-at-tienda-inglesa-4436473126,Analista de Supply Chain,Tienda Inglesa,posted,2026-07-07T02:25:27.102415,23
0b595b37312080bf,https://uy.linkedin.com/jobs/view/analista-de-reportes-y-gesti%C3%B3n-at-chic-parisien-4436930094,Analista de Reportes y Gestión,Grupo Parisien,posted,2026-07-07T02:25:40.559672,25
5e861a2d5157040e,https://uy.linkedin.com/jobs/view/ni%C3%B1era-con-experiencia-en-recepci%C3%B3n-at-control-kilos-4436167239,Niñera con experiencia en Recepción,,scraped,2026-07-07T02:25:43.189187,
334de96d47d26777,https://uy.linkedin.com/jobs/view/asistente-de-producci%C3%B3n-audiovisual-at-divino-sa-4435453446,Asistente de producción Audiovisual,,scraped,2026-07-07T02:25:52.238646,
ede5df4a08e37370,https://uy.linkedin.com/jobs/view/supervisor-de-mantenimiento-at-ciemsa-4436980400,Supervisor de Mantenimiento,,scraped,2026-07-07T02:25:59.673793,
b65133ccc4e7e556,https://uy.linkedin.com/jobs/view/supervisor-general-de-mantenimiento-at-conaprole-4436153581,Supervisor General de Mantenimiento,,scraped,2026-07-07T02:27:10.312446,
a9d099835d784b97,https://uy.linkedin.com/jobs/view/field-engineer-technician-at-aeromarine-s-a-4436158473,Field Engineer/Technician,,scraped,2026-07-07T02:27:18.860069,
e390b91aa6fcdf97,https://uy.linkedin.com/jobs/view/reponedor-pt30-sayago-at-sodimac-4427075706,Reponedor PT30 Sayago,,scraped,2026-07-07T02:27:27.570808,
df4ba126d8307c06,https://uy.linkedin.com/jobs/view/agente-de-ventas-telef%C3%B3nicas-%E2%80%93-turno-vespertino-at-casa-tres-contact-center-4436914630,Agente de Ventas Telefónicas – Turno Vespertino,,scraped,2026-07-07T02:27:34.661969,
1f6fe5a81f09c48d,https://uy.linkedin.com/jobs/view/t%C3%A9cnico-en-soporte-jr-at-its-infrastructure-technology-services-4434390692,Técnico en soporte Jr,,scraped,2026-07-07T02:28:45.774871,
382dd2f7d7614cc6,https://uy.linkedin.com/jobs/view/asistente-contable-at-its-infrastructure-technology-services-4434606059,Asistente Contable,,scraped,2026-07-07T02:28:54.857191,
f5b518f6bdd7f1c7,https://uy.linkedin.com/jobs/view/asistente-comercial-at-its-infrastructure-technology-services-4434389667,Asistente Comercial,,scraped,2026-07-07T02:29:04.395082,
4e97d14757bdecbd,https://uy.linkedin.com/jobs/view/sales-executive-at-electroneek-4436254227,Sales Executive,,scraped,2026-07-07T02:29:13.180115,
08be974f2001cbc7,https://uy.linkedin.com/jobs/view/telemarketers-para-call-center-recaudador-de-fondos-at-teleservicios-4436450974,Telemarketers para Call Center - Recaudador de Fondos.,,scraped,2026-07-07T02:30:24.276584,
02fb0dc22890f517,https://uy.linkedin.com/jobs/view/guest-service-officer-at-royal-caribbean-group-4435589901,Guest Service Officer,,scraped,2026-07-07T02:30:31.406540,
25e841aabc7bd764,https://uy.linkedin.com/jobs/view/brand-manager-soluble-coffee-rtd-at-nestl%C3%A9-4435500828,Brand Manager - Soluble Coffee & RTD,Nestlé,posted,2026-07-07T02:30:48.959009,27
6250c9e45f7d2308,https://uy.linkedin.com/jobs/view/responsable-de-gesti%C3%B3n-de-innovaci%C3%B3n-at-advice-uruguay-4433967407,Responsable de Gestión de Innovación,,scraped,2026-07-07T02:30:51.933606,
220722996cde149a,https://uy.linkedin.com/jobs/view/housekeeper-general-maintenance-worker-gmw-day-shift-at-minnesota-direct-care-and-treatment-4433150715,Housekeeper - General Maintenance Worker (GMW) / Day Shift,,scraped,2026-07-07T02:31:03.525425,
623f2d9f7b706fd7,https://uy.linkedin.com/jobs/view/host-%E2%80%93-casino-marketing-player-development-at-cipriani-punta-4432729341,Host – Casino Marketing & Player Development,,scraped,2026-07-07T02:31:11.326963,
65f779353fc17cee,https://uy.linkedin.com/jobs/view/sr-accountant-hospitality-industry-at-howard-4436793187,Sr. Accountant (Hospitality Industry),,scraped,2026-07-07T02:31:18.785071,
c620634625f69589,https://uy.linkedin.com/jobs/view/creador-a-de-contenido-pov-para-ia-remoto-at-toloka-annotators-4435161676,Creador(a) de Contenido POV para IA - Remoto,,scraped,2026-07-07T02:31:27.482922,
c181e9180ec7de65,https://uy.linkedin.com/jobs/view/business-development-representative-at-elvtr-4435845427,Business Development Representative,,scraped,2026-07-07T02:31:35.796164,
9f08f32e3916c805,https://uy.linkedin.com/jobs/view/suplencia-control-de-calidad-at-megalabs-4435381571,Suplencia - Control de Calidad,,scraped,2026-07-07T02:31:43.014083,
65c11c9a9eeb6668,https://uy.linkedin.com/jobs/view/project-manager-at-whs-inc-4436472064,Project Manager,WHS Inc.,posted,2026-07-07T02:33:19.768119,29
ef766cd9f3f3ffd4,https://uy.linkedin.com/jobs/view/coordinador-de-operaciones-y-log%C3%ADstica-at-randstad-uruguay-4433719009,Coordinador de Operaciones y Logística,,scraped,2026-07-07T02:33:22.206432,
54aac6d0c2539213,https://uy.linkedin.com/jobs/view/manager-fiberline-at-upm-4436797716,"Manager, Fiberline",,scraped,2026-07-07T02:33:29.631186,
f88cd354cbe1bfdb,https://uy.linkedin.com/jobs/view/account-executive-mid-market-latam-at-deel-4435251228,"Account Executive, Mid-Market | LATAM",,scraped,2026-07-07T02:33:36.958333,
a23494e04ff9134f,https://uy.linkedin.com/jobs/view/head-of-treasury-at-nexum-consulting-4435851380,Head Of Treasury,,scraped,2026-07-07T02:33:55.487127,
544754bff40faef8,https://uy.linkedin.com/jobs/view/electromec%C3%A1nico-flores-at-aym-santa-lucia-4433194192,Electromecánico Flores,AyM Santa Lucia,posted,2026-07-07T02:34:16.097634,31
b16e40aca5dd3def,https://uy.linkedin.com/jobs/view/account-executive-smb-latam-south-cone-at-deel-4432792158,"Account Executive, SMB | LATAM (South Cone)",,scraped,2026-07-07T02:34:19.106031,
a7e39034095c92dd,https://uy.linkedin.com/jobs/view/senior-business-developer-at-pento-4433709453,Senior Business Developer,,scraped,2026-07-07T02:35:30.461277,
3b0ec013ea9c13bc,https://uy.linkedin.com/jobs/view/analista-de-mejora-continua-at-gxo-logistics-inc-4433715250,Analista de Mejora Continua,,scraped,2026-07-07T02:35:42.260457,
751ca1ddc10a54d4,https://uy.linkedin.com/jobs/view/analista-de-resolucion-de-incidentes-at-scotiabank-uruguay-4435218661,Analista de Resolucion de Incidentes,,scraped,2026-07-07T02:35:49.637928,
67da34e1282432dd,https://uy.linkedin.com/jobs/view/staff-engineer-big-data-at-scanntech-uruguay-4436740985,Staff Engineer Big Data,,scraped,2026-07-07T02:37:00.747484,
bfb158d5df7f3dc8,https://uy.linkedin.com/jobs/view/coordinador-a-de-farmacovigilancia-corporativo-at-adium-4433272615,Coordinador/a de Farmacovigilancia Corporativo,,scraped,2026-07-07T02:37:08.790861,
e5517069c6ffd9c4,https://uy.linkedin.com/jobs/view/backend-developer-at-plan-a-technologies-4427214684,Backend Developer,,scraped,2026-07-07T02:37:16.161454,
bcc5664038874f50,https://uy.linkedin.com/jobs/view/technology-operations-engineer-at-specialized-bicycle-components-4427586188,Technology Operations Engineer,Specialized Bicycle Components,posted,2026-07-07T02:38:33.494987,33
3d0e54f35e29a4dc,https://uy.linkedin.com/jobs/view/ejecutivo-de-ventas-maldonado-at-m%C3%A1s-ventas-4431693447,Ejecutivo de Ventas - MALDONADO,Más Ventas,posted,2026-07-07T02:38:46.609715,35
4128c1b77a8f0b34,https://uy.linkedin.com/jobs/view/jefe-de-recepci%C3%B3n-hotelero-hotel-pr%C3%B3ximo-a-zonamerica-montevideo-at-methodo-servicios-profesionales-en-rr-hh-4433969536,"JEFE DE RECEPCIÓN HOTELERO, HOTEL  próximo a   Zonamerica Montevideo.",,scraped,2026-07-07T02:38:49.279350,
c9aebaf0b550b567,https://uy.linkedin.com/jobs/view/technical-writer-b2b-social-media-search-seo-ai-referral-at-inair-4435533029,Technical Writer - B2B Social Media & Search (SEO/AI Referral),InAir,posted,2026-07-07T02:39:09.767108,37
1c4c667960d30017,https://uy.linkedin.com/jobs/view/l%C3%ADder-de-producto-plataforma-sea-at-ceibal-4437440335,Líder de producto Plataforma SEA,Ceibal,posted,2026-07-07T02:40:29.260977,39
b21ad2557a6d8757,https://uy.linkedin.com/jobs/view/data-engineer-at-perform-4406410237,Data Engineer,Perform,posted,2026-07-07T02:41:02.527954,41
12429f22cd25882d,https://uy.linkedin.com/jobs/view/sustainable-energy-experts-at-ntu-international-a-s-4437115549,Sustainable Energy Experts,,scraped,2026-07-07T02:41:05.136769,
c8d77b06a4b6220b,https://uy.linkedin.com/jobs/view/freelance-annotator-english-ai-trainer-at-toloka-annotators-4437198043,Freelance Annotator (English) - AI Trainer,,scraped,2026-07-07T02:41:12.635670,
3d9178d39d144dce,https://uy.linkedin.com/jobs/view/marketing-specialist-at-internova-global-services-4437125182,Marketing Specialist,Internova Global Services,posted,2026-07-07T02:43:24.596221,43
f4d8124b0ae97f1d,https://uy.linkedin.com/jobs/view/analista-de-marketing-at-sodimac-4416412041,Analista de Marketing,,scraped,2026-07-07T02:43:27.657255,
d90bb3065cbb5bd9,https://uy.linkedin.com/jobs/view/claims-processing-agent-freelance-ai-trainer-at-mindrift-4432382648,Claims Processing Agent - Freelance AI Trainer,,scraped,2026-07-07T02:44:38.177157,
604fef556f2b1a9a,https://uy.linkedin.com/jobs/view/mortgage-underwriter-freelance-ai-trainer-at-mindrift-4432366428,Mortgage Underwriter - Freelance AI Trainer,,scraped,2026-07-07T02:44:53.008226,
c9d6677c27fb7d07,https://uy.linkedin.com/jobs/view/outbond-call-sales-agent-argentinian-market-at-best-service-team-4436747303,Outbond Call Sales Agent (Argentinian market),,scraped,2026-07-07T02:45:09.917393,
81d967a2c3941195,https://uy.linkedin.com/jobs/view/programa-de-pasant%C3%ADas-basf-services-americas-at-basf-4433995069,Programa de Pasantías BASF Services Americas,,scraped,2026-07-07T02:45:29.138299,
91dd3347179e4eda,https://uy.linkedin.com/jobs/view/responsable-comercial-at-maqssa-4435105350,Responsable Comercial,,scraped,2026-07-07T02:45:36.141974,
fbc23440c7a6abf4,https://uy.linkedin.com/jobs/view/ejecutivo-de-inteligencia-comercial-retail-at-scanntech-uruguay-4437184916,Ejecutivo de Inteligencia Comercial - Retail,,scraped,2026-07-07T02:45:48.050005,
aef331060cfb0f28,https://uy.linkedin.com/jobs/view/arquitecto-jefe-de-obra-at-varesi-arquitectos-4433907339,Arquitecto Jefe de Obra,,scraped,2026-07-07T02:45:56.214193,
5af5eb6c381d3e19,https://uy.linkedin.com/jobs/view/consultor-a-hr-transformation-uruguay-at-deloitte-4435341086,Consultor(a) HR Transformation- Uruguay,Deloitte,posted,2026-07-07T02:46:15.868837,45
1f4890e6c1d25a89,https://uy.linkedin.com/jobs/view/regional-sales-manager-%E2%80%93-latam-south-genomics-next-generation-sequencing-ngs-life-sciences-biotechnology-at-mobilize-talent-acquisition-4433792270,Regional Sales Manager – LATAM South - Genomics | Next-Generation Sequencing (NGS) | Life Sciences | Biotechnology,,scraped,2026-07-07T02:46:18.506410,
9759fd998816645c,https://uy.linkedin.com/jobs/view/arquitectos-e-ingenieros-at-stiler-project-management-4436738619,Arquitectos e Ingenieros,,scraped,2026-07-07T02:46:25.747771,
f3f29a143c8845af,https://uy.linkedin.com/jobs/view/senior-media-analytics-insights-analyst-at-blend-4431741179,Senior Media Analytics & Insights Analyst,,scraped,2026-07-07T02:47:37.500960,
6553b14447677183,https://uy.linkedin.com/jobs/view/ingeniero-civil-vial-at-csi-4434022629,Ingeniero Civil - Vial,,scraped,2026-07-07T02:47:56.872817,
de926d3f94230d57,https://uy.linkedin.com/jobs/view/outside-sales-representative-at-w%C3%BCrth-industry-usa-4435116911,Outside Sales Representative,,scraped,2026-07-07T02:48:06.974993,
f613dbe997ee417f,https://uy.linkedin.com/jobs/view/analista-de-sheq-temporal-at-saam-towage-4431948679,Analista de SHEQ (Temporal),SAAM Towage,posted,2026-07-07T02:49:28.901946,47
342c67787c6c2f1a,https://uy.linkedin.com/jobs/view/field-operations-manager-samsung-electronics-at-samsung-electronics-4436446297,Field Operations Manager | Samsung Electronics,,scraped,2026-07-07T02:49:31.643182,
c3c1ac6e0d7d585f,https://uy.linkedin.com/jobs/view/psic%C3%B3logos-at-quiero-una-sesi%C3%B3n-4433938852,Psicólogos,,scraped,2026-07-07T02:50:42.172549,
895dc9033efb4fd2,https://uy.linkedin.com/jobs/view/private-sector-engagement-and-investment-promotion-experts-at-ntu-international-a-s-4436739618,Private Sector Engagement and Investment Promotion Experts,,scraped,2026-07-07T02:50:51.158525,
80a308752c7f58e8,https://uy.linkedin.com/jobs/view/digital-experts-at-ntu-international-a-s-4437160482,Digital Experts,,scraped,2026-07-07T02:50:58.589236,
228a60cb17c6e318,https://uy.linkedin.com/jobs/view/education-research-and-innovation-experts-at-ntu-international-a-s-4437405211,"Education, Research and Innovation Experts",,scraped,2026-07-07T02:51:06.200755,
2c54fa1a7c301bec,https://uy.linkedin.com/jobs/view/health-experts-at-ntu-international-a-s-4437195095,Health Experts,,scraped,2026-07-07T02:51:13.774221,
9b840fcd53514648,https://uy.linkedin.com/jobs/view/agente-de-campo-at-grupo-transamerican-4435374676,Agente de Campo,,scraped,2026-07-07T02:51:21.192671,
f39bd0456cea3cbb,https://uy.linkedin.com/jobs/view/inclusive-and-sustainable-economic-integration-experts-at-ntu-international-a-s-4436727731,Inclusive and Sustainable Economic Integration Experts,,scraped,2026-07-07T02:51:29.346422,
56b50cbf7596a952,https://uy.linkedin.com/jobs/view/global-governance-and-security-experts-at-ntu-international-a-s-4437404551,Global Governance and Security Experts,,scraped,2026-07-07T02:51:37.327665,
ad9733561233c1a1,https://uy.linkedin.com/jobs/view/agentic-aws-devops-engineer-remote-latin-america-at-fullstack-4407576834,Agentic AWS DevOps Engineer - Remote - Latin America,,scraped,2026-07-07T02:51:44.699591,
34a8550196a96597,https://uy.linkedin.com/jobs/view/aws-devops-engineer-linux-remote-latin-america-at-fullstack-4435340165,AWS DevOps Engineer (Linux) - Remote - Latin America,,scraped,2026-07-07T02:52:10.621488,
7677aeff5991b3c6,https://uy.linkedin.com/jobs/view/agentic-product-designer-remote-latin-america-at-fullstack-4417339155,Agentic Product Designer - Remote - Latin America,,scraped,2026-07-07T02:53:32.768108,
5edca39e60af79ff,https://uy.linkedin.com/jobs/view/it-business-analyst-at-internova-global-services-4436960753,IT Business Analyst,Internova Global Services,posted,2026-07-07T02:54:26.303008,49
683fa298c1bc8ad1,https://uy.linkedin.com/jobs/view/mid-level-cms-engineer-sanity-remote-latin-america-at-fullstack-4434623948,Mid-Level CMS Engineer (Sanity) - Remote - Latin America,,scraped,2026-07-07T02:54:29.443411,
a41f2021038bdd1f,https://uy.linkedin.com/jobs/view/tech-lead-sanity-cms-remote-latin-america-at-fullstack-4427111353,Tech Lead (Sanity CMS) - Remote - Latin America,,scraped,2026-07-07T02:54:36.763192,
3af6b07b0d0bcf55,https://uy.linkedin.com/jobs/view/tech-lead-sanity-cms-remote-latin-america-at-fullstack-4427112311,Tech Lead (Sanity CMS) - Remote - Latin America,,scraped,2026-07-07T02:54:59.485881,
e5ab7c04c5f37dc7,https://uy.linkedin.com/jobs/view/mid-level-cms-engineer-sanity-remote-latin-america-at-fullstack-4434625981,Mid-Level CMS Engineer (Sanity) - Remote - Latin America,,scraped,2026-07-07T02:56:18.126285,
0d5b55d36666e8f1,https://uy.linkedin.com/jobs/view/staff-data-scientist-marketing-at-launch-potato-4435825097,"Staff Data Scientist, Marketing",,scraped,2026-07-07T02:56:29.389905,
138abb61fc304a96,https://uy.linkedin.com/jobs/view/mid-level-cms-engineer-sanity-remote-latin-america-at-fullstack-4434626902,Mid-Level CMS Engineer (Sanity) - Remote - Latin America,,scraped,2026-07-07T02:56:46.045559,
ef7a5a7d9d0989ed,https://uy.linkedin.com/jobs/view/agentic-elixir-engineer-remote-latin-america-at-fullstack-4387999595,Agentic Elixir Engineer - Remote - Latin America,,scraped,2026-07-07T02:57:11.868738,
76cccb6c749059e0,https://uy.linkedin.com/jobs/view/agentic-product-designer-remote-latin-america-at-fullstack-4417332670,Agentic Product Designer - Remote - Latin America,,scraped,2026-07-07T02:58:31.217643,
b714ebcfccd76391,https://uy.linkedin.com/jobs/view/ai-video-creator-at-the-flex-4436785120,AI Video Creator,,scraped,2026-07-07T02:58:38.578286,
26765e060bcff4ce,https://uy.linkedin.com/jobs/view/lead-data-scientist-adtech-at-launch-potato-4435814402,"Lead Data Scientist, AdTech",,scraped,2026-07-07T02:58:48.469519,
ae78a118c48436f9,https://uy.linkedin.com/jobs/view/aws-devops-engineer-linux-remote-latin-america-at-fullstack-4435331705,AWS DevOps Engineer (Linux) - Remote - Latin America,,scraped,2026-07-07T02:59:25.833001,
50684722e040f9f1,https://uy.linkedin.com/jobs/view/agentic-aws-devops-engineer-remote-latin-america-at-fullstack-4407588762,Agentic AWS DevOps Engineer - Remote - Latin America,,scraped,2026-07-07T03:00:44.003418,
996b70fe45462cff,https://uy.linkedin.com/jobs/view/probador-de-software-qa-investigaci%C3%B3n-y-desarrollo-trabajo-remoto-at-bairesdev-4436205817,Probador de Software (QA) / Investigación y Desarrollo - Trabajo Remoto,,scraped,2026-07-07T03:01:55.054644,
3922742c87d2a62d,https://uy.linkedin.com/jobs/view/agentic-aws-devops-engineer-remote-latin-america-at-fullstack-4407581838,Agentic AWS DevOps Engineer - Remote - Latin America,FullStack,posted,2026-07-07T03:03:40.391440,51
bf95da675da55fdc,https://uy.linkedin.com/jobs/view/aws-devops-engineer-linux-remote-latin-america-at-fullstack-4435332698,AWS DevOps Engineer (Linux) - Remote - Latin America,FullStack,posted,2026-07-07T03:03:52.172671,53
af77add1c944fa1e,https://uy.linkedin.com/jobs/view/agentic-product-designer-remote-latin-america-at-fullstack-4417321819,Agentic Product Designer - Remote - Latin America,,scraped,2026-07-07T03:03:54.818039,
7dff508fe80998e4,https://uy.linkedin.com/jobs/view/gesucht-teilnehmer-f%C3%BCr-bezahlte-studien-studentjob-ch-at-jobster-4435087078,Gesucht: Teilnehmer für bezahlte Studien - Studentjob.ch,,scraped,2026-07-07T03:04:02.091166,
d6ec522dd647f65e,https://uy.linkedin.com/jobs/view/data-analyst-de-excelencia-comercial-at-adium-4436246100,Data Analyst de Excelencia Comercial,,scraped,2026-07-07T03:04:10.005555,
e46d7186f8cf9538,https://uy.linkedin.com/jobs/view/global-service-desk-manager-at-aven-hospitality-4435851750,Global Service Desk Manager,Aven Hospitality,posted,2026-07-07T03:04:27.950081,55
0e5cecdef60babac,https://uy.linkedin.com/jobs/view/full-stack-developer-python-at-perform-4398418131,Full Stack Developer (Python),,scraped,2026-07-07T03:04:30.678927,
4a723810aee1ad93,https://uy.linkedin.com/jobs/view/manual-qa-r-%2B-d-trabalho-remoto-at-bairesdev-4436221892,Manual QA / R + D - Trabalho Remoto,,scraped,2026-07-07T03:05:14.734632,
ebdc833bab0bf767,https://uy.linkedin.com/jobs/view/ejecutivo-de-venta-a-empresas-at-sodimac-4408798629,Ejecutivo de Venta a Empresas,,scraped,2026-07-07T03:05:29.707732,
401f6ffd16d2e43b,https://uy.linkedin.com/jobs/view/lead-applied-scientist-marketing-at-launch-potato-4435815340,"Lead Applied Scientist, Marketing",,scraped,2026-07-07T03:05:36.909965,
dc55e03d08c805db,https://uy.linkedin.com/jobs/view/berater-in-gesundheitsvorsorge-f%C3%BCr-die-generalagentur-vorsorge-verm%C3%B6gen-st-gallen-at-axa-4435851128,Berater:in Gesundheitsvorsorge für die Generalagentur Vorsorge & Vermögen St.Gallen,,scraped,2026-07-07T03:06:03.818635,
7c6913a99f36cd9e,https://uy.linkedin.com/jobs/view/t%C3%A9cnico-electromec%C3%A1nico-industrial-%E2%80%93-ciudad-de-la-costa-at-work-office-4433933957,Técnico Electromecánico Industrial – Ciudad de la Costa,,scraped,2026-07-07T03:06:13.852469,
fe310ad71fdb82b7,https://uy.linkedin.com/jobs/view/ejecutivo-de-ventas-montevideo-at-m%C3%A1s-ventas-4430727672,Ejecutivo de Ventas  - Montevideo,,scraped,2026-07-07T03:06:20.848354,
571efd5293894f83,https://uy.linkedin.com/jobs/view/l%C3%ADder-de-marketing-at-experis-uruguay-4433177751,Líder de Marketing,,scraped,2026-07-07T03:06:36.661846,
d54047e9f0c36241,https://uy.linkedin.com/jobs/view/jefe-ventas-canal-tradicional-at-afood-4433122172,Jefe Ventas Canal Tradicional,,scraped,2026-07-07T03:06:43.979995,
cc05ec94b697b07a,https://uy.linkedin.com/jobs/view/latin-american-voice-actor-fully-remote-upto-%24150-hr-at-mercor-4427164037,Latin American Voice Actor - Fully Remote | Upto $150/hr,,scraped,2026-07-07T03:06:51.728073,
54e60e3f70509b49,https://uy.linkedin.com/jobs/view/ejecutivo-a-principal-de-datos-de-infraestructura-econ%C3%B3mica-y-social-at-caf-banco-de-desarrollo-de-am%C3%A9rica-latina-y-el-caribe-4437462046,Ejecutivo(a) Principal de Datos de Infraestructura Económica y Social,CAF -banco de desarrollo de América Latina y el Caribe-,posted,2026-07-07T03:09:32.801380,57
e174fc43b94bd14f,https://uy.linkedin.com/jobs/view/sports-data-collector-football-montevideo-uruguay-at-genius-sports-4425391495,"Sports Data Collector (Football) - Montevideo, Uruguay",,scraped,2026-07-07T03:09:35.483485,
4b53b880a9ba8f2a,https://uy.linkedin.com/jobs/view/representante-de-ventas-at-megalabs-4436166293,Representante de ventas,,scraped,2026-07-07T03:09:42.352788,
f79256df435f59f6,https://uy.linkedin.com/jobs/view/encargado-de-sala-y-eventos-at-oxygeno-4433741795,Encargado de Sala y Eventos,,scraped,2026-07-07T03:09:51.544984,
1a21c2ae522fc711,https://uy.linkedin.com/jobs/view/especialista-en-marketing-at-arnaldo-c-castro-s-a-4436976643,Especialista en Marketing,,scraped,2026-07-07T03:09:58.396446,
fef83d03d4c6294c,https://uy.linkedin.com/jobs/view/jefe-a-de-operaciones-para-club-deportivo-at-manpowergroup-4433957673,Jefe/a de operaciones para Club deportivo,,scraped,2026-07-07T03:10:07.960970,
8dd91df10ecd6f7c,https://uy.linkedin.com/jobs/view/auxiliar-contable-4429871421,Auxiliar contable,Estudio Contable- Estudio Guerrina,posted,2026-07-07T03:10:27.060668,59
a72307c04b4b271e,https://uy.linkedin.com/jobs/view/estudiante-de-contador-para-impuestos-h%C3%ADbrido-at-ey-4407083597,Estudiante de Contador para Impuestos (híbrido),EY,posted,2026-07-07T03:10:38.953191,61
1ef590bda6b3acd5,https://uy.linkedin.com/jobs/view/electr%C3%B3nico-a-para-reparaci%C3%B3n-de-placas-tarjetas-electr%C3%B3nicas-aguada-at-manpowergroup-4433110737,Electrónico/a para reparación de placas/tarjetas electrónicas (Aguada),,scraped,2026-07-07T03:10:41.593114,
15e9fc8a677d6787,https://uy.linkedin.com/jobs/view/laboratorista-t%C3%A9cnico-montevideo-at-aym-santa-lucia-4436245252,Laboratorista Técnico Montevideo,AyM Santa Lucia,posted,2026-07-07T03:11:04.183466,63
219cbef0a09fbc16,https://uy.linkedin.com/jobs/view/contador-at-prota-4433985928,Contador,,scraped,2026-07-07T03:11:06.853869,
112feea8cde6a403,https://uy.linkedin.com/jobs/view/contador-p%C3%BAblico-at-carle-andrioli-4433985371,Contador Público,,scraped,2026-07-07T03:11:13.188111,
250ce553c77f5512,https://uy.linkedin.com/jobs/view/asesor-t%C3%A9cnico-comercial-%C3%A1rea-infraestructura-at-gianni-store-4436909950,Asesor Técnico Comercial (Área Infraestructura),,scraped,2026-07-07T03:11:22.623538,
4100fd85f9fd66e9,https://uy.linkedin.com/jobs/view/especialista-en-ciberseguridad-y-redes-at-talenter-4436346913,Especialista en ciberseguridad y redes,,scraped,2026-07-07T03:11:31.176145,
c4aeff889f1a72c6,https://uy.linkedin.com/jobs/view/mechanical-engineer-ii-at-integer-holdings-corporation-4418153834,Mechanical Engineer II,,scraped,2026-07-07T03:11:39.181888,
de0ec4d1b87282b0,https://uy.linkedin.com/jobs/view/vendedor-a-del-rubro-construcci%C3%B3n-at-randstad-uruguay-4432712003,Vendedor/a del Rubro Construcción,,scraped,2026-07-07T03:12:06.448908,
209c901f0659529a,https://uy.linkedin.com/jobs/view/contador-a-at-manpowergroup-uruguay-4433946704,Contador/a,,scraped,2026-07-07T03:12:13.859020,
828448df93db8151,https://uy.linkedin.com/jobs/view/junior-net-developer-sumate-a-nuestro-equipo-de-desarrollo-at-practia-uruguay-4436981967,Junior .NET Developer: Sumate a nuestro equipo de desarrollo,,scraped,2026-07-07T03:12:21.088717,
c2ac9c9be24d6534,https://uy.linkedin.com/jobs/view/ingeniero-para-%C3%A1rea-de-soluciones-at-urudata-s-a-4436168207,Ingeniero para Área de Soluciones,,scraped,2026-07-07T03:12:28.054260,
d868d910688d63dd,https://uy.linkedin.com/jobs/view/analista-financiero-para-operaciones-pensamiento-computacional-e-ia-at-ceibal-4437402359,Analista Financiero para Operaciones Pensamiento Computacional e IA,Ceibal,posted,2026-07-07T03:12:46.397550,65
fd48776afd5bd186,https://uy.linkedin.com/jobs/view/full-stack-developer-net-developer-at-perform-4398409341,Full Stack Developer (.NET Developer),,scraped,2026-07-07T03:12:49.014715,
26d764748ef9a9ec,https://uy.linkedin.com/jobs/view/dise%C3%B1ador-gr%C3%A1fico-at-acher-4433969183,Diseñador gráfico,,scraped,2026-07-07T03:13:08.222622,
140ff959e0563bd9,https://uy.linkedin.com/jobs/view/accounts-executive-at-allocated-bullion-exchange-abx-4355310278,Accounts Executive,Allocated Bullion Exchange - ABX,posted,2026-07-07T03:13:50.597547,67
201563d19fc46cce,https://uy.linkedin.com/jobs/view/auxiliar-de-ventas-costa-urbana-shopping-at-jack-jones-4436275437,Auxiliar de Ventas - Costa Urbana Shopping,,scraped,2026-07-07T03:13:53.237142,
31440bcfe98b2a40,https://uy.linkedin.com/jobs/view/sr-quality-data-analyst-at-despegar-4436415452,Sr Quality Data Analyst,Despegar,posted,2026-07-07T03:14:12.376922,69
a4fee99af553c486,https://uy.linkedin.com/jobs/view/ingeniero-a-civil-para-oficina-t%C3%A9cnica-at-nova-construcciones-4436150817,Ingeniero/a Civil para Oficina Técnica,,scraped,2026-07-07T03:14:15.019387,
f0a750e509df98f8,https://uy.linkedin.com/jobs/view/senior-ai-engineer-at-blend-4437415994,Senior AI Engineer,,scraped,2026-07-07T03:14:22.921589,
f1aca26c9a9bfebb,https://uy.linkedin.com/jobs/view/supervisor-de-ventas-at-felispark-distribuidora-4434506208,Supervisor de ventas,,scraped,2026-07-07T03:14:30.325995,
f675df4997b0a411,https://uy.linkedin.com/jobs/view/ingeniero-a-civil-estudiante-avanzado-at-csi-4435895719,Ingeniero/a Civil - Estudiante Avanzado,,scraped,2026-07-07T03:14:45.492961,
85de2770983c7da8,https://uy.linkedin.com/jobs/view/verdiene-geld-von-zuhause-aus-nebenjob-im-home-office-mit-umfragen-studentjob-ch-at-jobster-4435079899,Verdiene Geld von Zuhause aus: Nebenjob im Home Office mit Umfragen - Studentjob.ch,,scraped,2026-07-07T03:14:55.495215,
bf782f9573e59f5b,https://uy.linkedin.com/jobs/view/senior-technical-support-engineer-upto-%2450k-yr-at-mercor-4417021264,Senior Technical Support Engineer | Upto $50K/yr,,scraped,2026-07-07T03:15:03.586768,
6b836e0eb9db9361,https://uy.linkedin.com/jobs/view/net-developer-at-kinamic-4432706848,.Net Developer,,scraped,2026-07-07T03:15:11.098739,
0cc6f484431b2c26,https://uy.linkedin.com/jobs/view/ejecutivo-de-cuentas-tecnolog%C3%ADa-at-talenter-4436736841,Ejecutivo de cuentas - Tecnología,,scraped,2026-07-07T03:15:17.566082,
93484f948a2cfdbc,https://uy.linkedin.com/jobs/view/verdiene-schnell-und-einfach-geld-mit-umfragen%21-von-%C3%BCberall%21-studentjob-ch-at-jobster-4435076591,Verdiene schnell und einfach Geld mit Umfragen! Von überall! - Studentjob.ch,,scraped,2026-07-07T03:15:25.213916,
835011e82f1d5058,https://uy.linkedin.com/jobs/view/home-office-ihre-meinung-ist-wertvoll-%E2%80%93-lassen-sie-sich-daf%C3%BCr-belohnen%21-studentjob-ch-at-jobster-4435085869,Home Office: Ihre Meinung ist wertvoll – lassen Sie sich dafür belohnen! - Studentjob.ch,,scraped,2026-07-07T03:15:32.894602,
ae593cbd5720f407,https://uy.linkedin.com/jobs/view/home-office-ihre-meinung-ist-wertvoll-%E2%80%93-lassen-sie-sich-daf%C3%BCr-belohnen%21-studentjob-ch-at-jobster-4435079347,Home Office: Ihre Meinung ist wertvoll – lassen Sie sich dafür belohnen! - Studentjob.ch,,scraped,2026-07-07T03:15:40.081201,
20005079c7e0586d,https://uy.linkedin.com/jobs/view/jefe-de-servicie-delivery-at-sonda-4427637109,Jefe de Servicie Delivery,,scraped,2026-07-07T03:15:47.488815,
c3770f479cc705b5,https://uy.linkedin.com/jobs/view/manager-data-management-at-internova-travel-group-4435836047,Manager Data Management,Internova Travel Group,posted,2026-07-07T03:16:40.607244,71
43b1bf223a33022c,https://uy.linkedin.com/jobs/view/pasante-en-riesgos-retail-at-scotiabank-uruguay-4434657941,Pasante en Riesgos Retail,,scraped,2026-07-07T03:16:43.339474,
2fc83518dd1ac61a,https://uy.linkedin.com/jobs/view/senior-full-stack-engineer-shopify-at-lazer-technologies-4168004809,"Senior Full Stack Engineer, Shopify",,scraped,2026-07-07T03:16:51.177139,
6053fab21fcf719f,https://uy.linkedin.com/jobs/view/analista-senior-de-control-interno-para-importante-empresa-internacional-at-grant-thornton-uruguay-4433984098,Analista Senior de Control Interno (para importante empresa internacional),,scraped,2026-07-07T03:16:57.815914,
49ba262f38194f63,https://uy.linkedin.com/jobs/view/senior-middleware-engineer-at-partnerone-4436739676,Senior Middleware Engineer,PartnerOne,posted,2026-07-07T03:17:16.305143,73
914d47bd314ee93b,https://uy.linkedin.com/jobs/view/principal-data-engineer-remote-latin-america-at-fullstack-4436437181,Principal Data Engineer - Remote - Latin America,,scraped,2026-07-07T03:17:18.943619,
7695938e10c0223f,https://uy.linkedin.com/jobs/view/principal-data-engineer-remote-latin-america-at-fullstack-4436425621,Principal Data Engineer - Remote - Latin America,,scraped,2026-07-07T03:17:33.913031,
48752bdebf870365,https://uy.linkedin.com/jobs/view/principal-data-engineer-remote-latin-america-at-fullstack-4436432400,Principal Data Engineer - Remote - Latin America,,scraped,2026-07-07T03:17:41.061442,
d1700580c815a092,https://uy.linkedin.com/jobs/view/pipeline-requisition-presales-preventas-cx-at-oracle-4435847145,Pipeline Requisition Presales / Preventas CX,Oracle,posted,2026-07-07T03:18:13.444118,75
84e31ae26de0890a,https://uy.linkedin.com/jobs/view/vorsorge-und-finanzberater-in-f%C3%BCr-die-region-st-gallen-at-axa-4435832646,Vorsorge- und Finanzberater:in für die Region St.Gallen,,scraped,2026-07-07T03:18:15.997953,
b59abb4123777148,https://uy.linkedin.com/jobs/view/principal-technical-architect-%E2%80%93-acs-at-oracle-4432311780,Principal Technical Architect – ACS,Oracle,posted,2026-07-07T03:18:35.909241,77
e14dbc631d8ca63b,https://uy.linkedin.com/jobs/view/sr-full-stack-engineer-at-pento-4433940818,Sr. Full Stack Engineer,,scraped,2026-07-07T03:18:38.625107,
feca86c56f9d2884,https://uy.linkedin.com/jobs/view/top-verdienen-in-der-schweiz-200-%E2%82%AC-pro-tag-als-dialoger-in-m-w-d-studentjob-ch-at-jobster-4435095316,Top verdienen in der Schweiz: 200 € pro Tag als Dialoger*in (m/w/d) - Studentjob.ch,,scraped,2026-07-07T03:18:45.246588,
3e8a8faceeef2907,https://uy.linkedin.com/jobs/view/ejecutivo-a-de-ventas-at-nexum-consulting-4433748782,Ejecutivo/a de Ventas,Nexum Consulting,posted,2026-07-07T03:19:44.178649,79
b91d7a492bd87e3d,https://uy.linkedin.com/jobs/view/ib-mathematics-teacher-at-nord-anglia-education-4434315592,IB Mathematics Teacher,Nord Anglia Education,posted,2026-07-07T03:19:56.286669,81
37847b3011dc4d88,https://uy.linkedin.com/jobs/view/ejecutivo-a-de-ventas-at-nexum-consulting-4433755554,Ejecutivo/a de Ventas,Nexum Consulting,posted,2026-07-07T03:20:38.628706,79
81e7350afbab5728,https://uy.linkedin.com/jobs/view/backend-developer-node-js-at-applaudo-4436167030,Backend Developer (Node.js),,scraped,2026-07-07T03:20:41.324756,
39ca6cb743cd5778,https://uy.linkedin.com/jobs/view/analista-de-liquidaci%C3%B3n-de-sueldos-at-acciona-soluciones-en-capital-humano-4431097978,Analista de Liquidación de Sueldos,,scraped,2026-07-07T03:20:47.952025,
fc60eb2fc56a04e1,https://uy.linkedin.com/jobs/view/sr-client-partner-twitch-at-aleph-4425836409,Sr. Client Partner - Twitch,,scraped,2026-07-07T03:20:58.367724,
fe9ef64877638101,https://uy.linkedin.com/jobs/view/agentic-product-designer-remote-latin-america-at-fullstack-4417323802,Agentic Product Designer - Remote - Latin America,,scraped,2026-07-07T03:21:30.800316,
2608cde5bcf7f28c,https://uy.linkedin.com/jobs/view/buscamos-contador-junior-estudiante-avanzado-de-contador-p%C3%BAblico-4433914079,Buscamos Contador Junior / Estudiante Avanzado de Contador Público,Estudio Arrospide Mazzone,posted,2026-07-07T03:21:55.289799,83
5a14534f7e76307d,https://uy.linkedin.com/jobs/view/senior-lead-full-stack-developer-entra-id-api-at-sparq-4428153091,Senior Lead Full Stack Developer (Entra ID/API),,scraped,2026-07-07T03:21:57.995124,
6671c6f830b419e1,https://uy.linkedin.com/jobs/view/principal-technical-architect-at-oracle-4432387710,Principal Technical Architect,Oracle,posted,2026-07-07T03:22:54.372397,85
b166e6aa2ebf2171,https://uy.linkedin.com/jobs/view/pipeline-requisition-arquitecto-a-de-aplicaciones-at-oracle-4435828856,Pipeline Requisition Arquitecto/a de Aplicaciones,Oracle,posted,2026-07-07T03:23:08.826026,87
cc8a84a48a279dcd,https://uy.linkedin.com/jobs/view/site-reliability-engineering-manager-en-at-cae-4433709021,Site Reliability Engineering Manager-EN,CAE,posted,2026-07-07T03:23:20.836320,89
679450d18aef4230,https://uy.linkedin.com/jobs/view/pipeline-requisition-presales-preventas-epm-at-oracle-4435834454,Pipeline Requisition Presales / Preventas EPM,Oracle,posted,2026-07-07T03:23:30.631583,91
59173a8d038e388c,https://uy.linkedin.com/jobs/view/mechanical-bim-specialist-%E2%80%93-revit-navisworks-vendor-model-remote-latam-paid-in-usd-at-eng-4422495859,Mechanical BIM Specialist – Revit & Navisworks Vendor Model | Remote LATAM | Paid in USD,,scraped,2026-07-07T03:23:33.339294,
472a505520435ac1,https://uy.linkedin.com/jobs/view/senior-frontend-software-engineer-at-specialized-bicycle-components-4436137322,Senior Frontend Software Engineer,,scraped,2026-07-07T03:23:47.114252,
a4e1c39a15f27cae,https://uy.linkedin.com/jobs/view/gmp-technician-puerto-rico-at-sbm-management-services-lp-4425871407,"GMP Technician, Puerto Rico","SBM Management Services, LP",posted,2026-07-07T03:24:13.903928,93
5f58c935f85a3b4c,https://uy.linkedin.com/jobs/view/tech-lead-sanity-cms-remote-latin-america-at-fullstack-4427097788,Tech Lead (Sanity CMS) - Remote - Latin America,FullStack,posted,2026-07-07T03:24:24.448630,95
e9b27abcf73d5ef5,https://uy.linkedin.com/jobs/view/tech-lead-sanity-cms-remote-latin-america-at-fullstack-4427106617,Tech Lead (Sanity CMS) - Remote - Latin America,FullStack,posted,2026-07-07T03:24:29.948269,95
c98b7e70714d3aad,https://uy.linkedin.com/jobs/view/tech-lead-sanity-cms-remote-latin-america-at-fullstack-4427093865,Tech Lead (Sanity CMS) - Remote - Latin America,FullStack,posted,2026-07-07T03:24:40.389698,95
0dcf12d930e33405,https://uy.linkedin.com/jobs/view/mid-level-cms-engineer-sanity-remote-latin-america-at-fullstack-4434633566,Mid-Level CMS Engineer (Sanity) - Remote - Latin America,FullStack,posted,2026-07-07T03:24:50.027010,97
9c85c95151aa2303,https://uy.linkedin.com/jobs/view/qa-automation-engineer-node-js-distributed-systems-at-applaudo-4436140620,QA Automation Engineer (Node.js & Distributed Systems),,scraped,2026-07-07T03:24:52.727669,
95919a050d2af543,https://uy.linkedin.com/jobs/view/principal-data-engineer-remote-latin-america-at-fullstack-4436438181,Principal Data Engineer - Remote - Latin America,FullStack,posted,2026-07-07T03:25:06.978065,99
bd2d35a81f000573,https://uy.linkedin.com/jobs/view/lehrstelle-kauffrau-kaufmann-efz-privatversicherung-2027-generalagentur-vorsorge-verm%C3%B6gen-st-gallen-at-axa-4432354996,Lehrstelle Kauffrau / Kaufmann EFZ Privatversicherung 2027 - Generalagentur Vorsorge & Vermögen St. Gallen,,scraped,2026-07-07T03:25:09.563054,
29439a7b34ee103e,https://uy.linkedin.com/jobs/view/aws-devops-engineer-linux-remote-latin-america-at-fullstack-4435326807,AWS DevOps Engineer (Linux) - Remote - Latin America,FullStack,posted,2026-07-07T03:25:21.158854,53
9ee4700ebcd4d937,https://uy.linkedin.com/jobs/view/mid-level-cms-engineer-sanity-remote-latin-america-at-fullstack-4434647045,Mid-Level CMS Engineer (Sanity) - Remote - Latin America,FullStack,posted,2026-07-07T03:25:26.811289,97
1e23bb657f93fcd9,https://uy.linkedin.com/jobs/view/eg0053-senior-adobe-workfront-developer-at-nortal-4436791033,(EG0053) Senior Adobe Workfront Developer,,scraped,2026-07-07T03:25:29.479396,
90c249bc92e62acc,https://uy.linkedin.com/jobs/view/agentic-elixir-engineer-remote-latin-america-at-fullstack-4388204264,Agentic Elixir Engineer - Remote - Latin America,FullStack,posted,2026-07-07T03:25:44.258438,101
d3c87b7c491396f2,https://uy.linkedin.com/jobs/view/gmp-technician-at-sbm-management-services-lp-4425851687,GMP Technician,"SBM Management Services, LP",posted,2026-07-07T12:21:54.642412,103
9e0834cbfb97f2af,https://uy.linkedin.com/jobs/view/mobility-transport-and-urban-planning-experts-at-ntu-international-a-s-4437145618,"Mobility, Transport and Urban Planning Experts",,scraped,2026-07-07T12:21:57.350820,
364fa5d1c90bb94a,https://uy.linkedin.com/jobs/view/critical-raw-materials-experts-at-ntu-international-a-s-4437129130,Critical Raw Materials Experts,,scraped,2026-07-07T12:22:04.603320,
aaa02c9bc14e821c,https://uy.linkedin.com/jobs/view/trading-risk-monitoring-specialist-at-exness-4407023682,Trading Risk Monitoring Specialist,,scraped,2026-07-07T12:22:11.773810,
37226cc14fcf3886,https://uy.linkedin.com/jobs/view/bookkeeper-at-cs-outsource-4436006529,Bookkeeper,CS Outsource,posted,2026-07-07T12:22:30.147156,105
3a21874f30b2c4a9,https://uy.linkedin.com/jobs/view/sports-betting-settlement-operator-at-altenar-4432791314,Sports Betting Settlement Operator,,scraped,2026-07-07T12:22:32.793443,
48eacae91b93aa13,https://uy.linkedin.com/jobs/view/product-manager-visual-display-samsung-electronics-at-samsung-electronics-4435338806,"Product Manager, Visual Display | Samsung Electronics",,scraped,2026-07-07T12:22:40.424786,
21e569cf1470f80d,https://uy.linkedin.com/jobs/view/tax-specialist-at-trafigura-4397942736,Tax Specialist,,scraped,2026-07-07T12:22:47.343053,
138125f5f962fbe3,https://uy.linkedin.com/jobs/view/executive-housekeeper-at-royal-caribbean-group-4436516471,Executive Housekeeper,Royal Caribbean Group,posted,2026-07-07T12:23:05.194877,107
be321ed0c87da80a,https://uy.linkedin.com/jobs/view/ar-specialist-at-bonotel-exclusive-travel-4426646881,AR Specialist,Bonotel Exclusive Travel,posted,2026-07-07T12:23:20.358700,109
521174b0cbe68bf2,https://uy.linkedin.com/jobs/view/encargado-de-producto-at-newlook-uruguay-4432380929,ENCARGADO DE PRODUCTO,,scraped,2026-07-07T12:23:23.033848,
5574e0c4f65e0a23,https://uy.linkedin.com/jobs/view/promotor-a-para-unicef-uruguay-agencia-proa-at-proa-argentina-4436909951,Promotor/a para Unicef Uruguay - Agencia PROA,,scraped,2026-07-07T12:23:30.811564,
27886c4933d2e3c9,https://uy.linkedin.com/jobs/view/commercial-analyst-at-only-brand-house-4436450634,Commercial Analyst,,scraped,2026-07-07T12:23:38.459948,
dc82cbbe27071ae4,https://uy.linkedin.com/jobs/view/administracion-profesor-de-autoescuela-at-academia-de-choferes-lomas-4433968220,Administracion / Profesor de Autoescuela,,scraped,2026-07-07T12:23:45.304732,
eb860559d717ee33,https://uy.linkedin.com/jobs/view/directora-t%C3%A9cnica-para-equipo-femenino-amateur-at-cerceta-f%C3%BAtbol-femenino-4433961508,Directora técnica para equipo Femenino Amateur,Cerceta Fútbol Femenino,posted,2026-07-07T12:24:01.569461,111
0dae8a6f208e88b6,https://uy.linkedin.com/jobs/view/microsoft-365-services-specialist-at-aven-hospitality-4435509683,Microsoft 365 Services Specialist,Aven Hospitality,posted,2026-07-07T12:24:16.629633,113
c74ca6958f009acd,https://uy.linkedin.com/jobs/view/adobe-target-consultant-work-from-home-at-nortal-4436262140,Adobe Target Consultant - Work from home,,scraped,2026-07-07T12:24:19.324499,
c058036ce82f5fd9,https://uy.linkedin.com/jobs/view/corporate-travel-specialist-at-internova-global-services-4398051660,Corporate Travel Specialist,Internova Global Services,posted,2026-07-07T12:25:11.525767,115
895a6d207fa8b9da,https://uy.linkedin.com/jobs/view/freelance-grabaci%C3%B3n-de-tareas-cotidianas-para-proyecto-de-ia-at-toloka-annotators-4437769418,Freelance: grabación de tareas cotidianas para proyecto de IA,Toloka Annotators,posted,2026-07-07T12:25:19.302253,117
b8b6f7ffc16ccde0,https://uy.linkedin.com/jobs/view/servicio-de-atenci%C3%B3n-al-cliente-at-equipos-industriales-4434506159,Servicio de atención al cliente,,scraped,2026-07-07T12:25:31.932989,
7be54bd235a55f79,https://uy.linkedin.com/jobs/view/sr-accountant-hospitality-industry-at-howard-4437738946,Sr. Accountant (Hospitality Industry),Howard,posted,2026-07-07T12:25:45.858933,119
0466347bdf4f579e,https://uy.linkedin.com/jobs/view/asistente-ejecutivo-at-estaciones-de-servicio-uruguay-4433181974,Asistente ejecutivo,Estaciones de Servicio Uruguay,posted,2026-07-07T12:25:59.356198,121
653b58359422ae40,https://uy.linkedin.com/jobs/view/accountant-vacation-rental-industry-at-howard-4436939064,Accountant (Vacation Rental Industry),Howard,posted,2026-07-07T12:26:09.440259,123
1d8c956112e9a8c3,https://uy.linkedin.com/jobs/view/ejecutivo-de-soluciones-digitales-at-claro-uruguay-4435237747,Ejecutivo de Soluciones Digitales,,scraped,2026-07-07T12:26:12.092439,
b18ccfd1dac59adf,https://uy.linkedin.com/jobs/view/supervisor-%E2%80%93-casino-marketing-player-development-at-cipriani-punta-4432716770,Supervisor – Casino Marketing & Player Development,,scraped,2026-07-07T12:26:20.502191,
57fffa3b0e8c05f8,https://uy.linkedin.com/jobs/view/ingenieros-as-de-producci%C3%B3n-at-upm-4436789951,Ingenieros/as de Producción,,scraped,2026-07-07T12:26:26.973633,
061dac193b1db83a,https://uy.linkedin.com/jobs/view/administration-assistant-at-bestseller-4436776878,Administration Assistant,,scraped,2026-07-07T12:26:34.266615,
8515db39cab5385c,https://uy.linkedin.com/jobs/view/executive-host-%E2%80%93-casino-marketing-player-development-at-cipriani-punta-4432729340,Executive Host – Casino Marketing & Player Development,,scraped,2026-07-07T12:26:40.602507,
12e2d079bf33afcc,https://uy.linkedin.com/jobs/view/comprador-a-at-manpowergroup-4432793376,Comprador/a,ManpowerGroup,posted,2026-07-07T12:26:56.783238,125
0a4da2463175580d,https://uy.linkedin.com/jobs/view/compliance-analyst-freelance-ai-trainer-at-mindrift-4432330884,Compliance Analyst - Freelance AI Trainer,Mindrift,posted,2026-07-07T12:27:07.837596,127
1857ea4683ee7230,https://uy.linkedin.com/jobs/view/enfermeros-emergencia-m%C3%A9dica-at-aglh-4435373670,Enfermeros - Emergencia Médica,AGLH,posted,2026-07-07T12:27:17.319234,129
ac9426b87b035858,https://uy.linkedin.com/jobs/view/data-machine-learning-engineer-at-idt-corporation-4436440500,Data & Machine Learning Engineer,IDT Corporation,posted,2026-07-07T12:27:43.213458,131
098a8f447946238b,https://uy.linkedin.com/jobs/view/spi-aoi-process-engineer-at-foxconn-industrial-internet-fii-4436285504,SPI / AOI Process Engineer,Foxconn Industrial Internet - FII,posted,2026-07-07T12:27:50.776851,133
8d848c1cdc09cc4a,https://uy.linkedin.com/jobs/view/crm-cvm-lifecycle-retention-marketing-lead-us-b2c-subscription-only-at-jobhire-ai-4437763848,CRM/ CVM / Lifecycle/Retention Marketing Lead (US b2c subscription only),JobHire.AI,posted,2026-07-07T12:27:58.116591,135
6a264cfae0d65491,https://uy.linkedin.com/jobs/view/ex-quality-assurance-analyst-at-perceptyx-4436422874,EX Quality Assurance Analyst,Perceptyx,posted,2026-07-07T12:28:09.426618,137
251230af7a46e97b,https://uy.linkedin.com/jobs/view/data-consultant-at-oracle-4433157461,Data Consultant,Oracle,posted,2026-07-07T12:28:24.639175,139
fb5103a409fbc019,https://uy.linkedin.com/jobs/view/lehrstelle-kauffrau-kaufmann-efz-privatversicherung-2027-regionaldirektion-st-gallen-at-axa-4435836489,Lehrstelle Kauffrau / Kaufmann EFZ Privatversicherung 2027 - Regionaldirektion St. Gallen,,scraped,2026-07-07T12:28:27.134781,
475d67e37bdd38b1,https://uy.linkedin.com/jobs/view/marketing-specialist-at-cs-outsource-4436259360,Marketing Specialist,CS Outsource,posted,2026-07-07T12:28:39.083807,43
6540e7d047908930,https://uy.linkedin.com/jobs/view/automation-engineer-at-blend-4436166299,Automation Engineer,Blend,posted,2026-07-07T12:28:47.929112,141
bd67d7c90fd10850,https://uy.linkedin.com/jobs/view/team-leader-at-masterson-seguridad-4437709624,Team Leader,,scraped,2026-07-07T12:29:08.707169,
ac5decfe78a376d4,https://uy.linkedin.com/jobs/view/customer-success-specialist-accounting-saas-part-time-at-scale-up-recruiting-partners-4435520886,Customer Success Specialist (Accounting SaaS) - Part Time,Scale Up Recruiting Partners,posted,2026-07-07T12:29:29.997372,143
6048199ecfe41bc1,https://uy.linkedin.com/jobs/view/freelance-mobile-app-developer-ios-android-at-mindrift-4436726029,Freelance Mobile App Developer (iOS / Android),Mindrift,posted,2026-07-07T12:29:38.598285,145
a10323d25062bf90,https://uy.linkedin.com/jobs/view/customer-care-short-term-contract-at-aven-hospitality-4436130882,Customer Care - Short Term Contract,Aven Hospitality,posted,2026-07-07T12:29:52.729374,147
e7316d5cad09a51b,https://uy.linkedin.com/jobs/view/jefe-comercial-textil-maldonado-at-el-dorado-4435366968,Jefe Comercial Textil - Maldonado,,scraped,2026-07-07T12:29:55.324355,
fa95878ca68d731f,https://uy.linkedin.com/jobs/view/project-manager-de-productos-digitales-at-domus-global-4436223189,Project Manager de Productos Digitales,,scraped,2026-07-07T12:30:02.386823,
d94070de4691950c,https://uy.linkedin.com/jobs/view/climate-change-and-circular-economy-experts-at-ntu-international-a-s-4437131756,Climate Change and Circular Economy Experts,,scraped,2026-07-07T12:30:11.948133,
e95c7a7d9a5b3316,https://uy.linkedin.com/jobs/view/trabajador-a-social-%E2%80%93-maldonado-licencia-maternal-at-el-dorado-4436159381,Trabajador/a Social – Maldonado ( Licencia Maternal),,scraped,2026-07-07T12:30:19.127254,
732c0aa6fb92a7ad,https://uy.linkedin.com/jobs/view/staff-accountant-at-internova-travel-group-4435843452,Staff Accountant,Internova Travel Group,posted,2026-07-07T12:30:35.884382,149
0431ae272b51520d,https://uy.linkedin.com/jobs/view/oil-operator-at-trafigura-4421964998,Oil Operator,,scraped,2026-07-07T12:30:38.527527,
7461a15231f08c8f,https://uy.linkedin.com/jobs/view/consolidation-analyst-at-ricoh-latam-4436253255,Consolidation Analyst,Ricoh LATAM,posted,2026-07-07T12:30:51.858226,151
46ebd90e0782c48c,https://uy.linkedin.com/jobs/view/corporate-travel-consultant-at-internova-global-services-4425957687,Corporate Travel Consultant,Internova Global Services,posted,2026-07-07T12:31:42.557366,153
261dbe35816f5e7a,https://uy.linkedin.com/jobs/view/analista-de-sistemas-at-sonda-4436417154,Analista de Sistemas,,scraped,2026-07-07T12:31:45.229026,
698d49114ba0abc8,https://uy.linkedin.com/jobs/view/sustainable-finance-experts-at-ntu-international-a-s-4436759285,Sustainable Finance Experts,,scraped,2026-07-07T12:31:54.131169,
1dd5a130ec7d7be6,https://uy.linkedin.com/jobs/view/contador-con-experiencia-en-auditor%C3%ADa-at-bf-auditores-4432796568,Contador con experiencia en Auditoría,,scraped,2026-07-07T12:32:03.717200,
86c29d0a6ce8429f,https://uy.linkedin.com/jobs/view/nebenjob-%E2%80%93-home-office-mit-umfragen-geld-verdienen%21-einfach-von-zuhause-oder-unterwegs-studentjob-ch-at-jobster-4436592102,Nebenjob – Home Office: Mit Umfragen Geld verdienen! Einfach von zuhause oder unterwegs - Studentjob.ch,,scraped,2026-07-07T12:32:30.349046,
28699ced98dc7ba0,https://uy.linkedin.com/jobs/view/uruguay-online-language-school-franchise-partnership-at-lingua-learn-franchise-group-4437756331,Uruguay Online Language School Franchise Partnership,,scraped,2026-07-07T12:32:37.644840,
b83534e5549a07ba,https://uy.linkedin.com/jobs/view/senior-grc-consultant-at-scale-up-recruiting-partners-4436534226,Senior GRC Consultant,Scale Up Recruiting Partners,posted,2026-07-07T12:32:59.869910,155
5e7ad375640e7f95,https://uy.linkedin.com/jobs/view/asesor-comercial-at-nexum-consulting-4433978783,Asesor Comercial,,scraped,2026-07-07T12:33:02.500694,
e3058155c46bccd0,https://uy.linkedin.com/jobs/view/heimarbeit-homeoffice-mit-online-umfragen-geld-verdienen-von-%C3%BCberall%21-studentjob-ch-at-jobster-4436571657,Heimarbeit / Homeoffice: Mit online-Umfragen Geld verdienen von überall! - Studentjob.ch,,scraped,2026-07-07T12:33:12.954459,
d500b2ec7ea273f7,https://uy.linkedin.com/jobs/view/gesucht-teilnehmer-f%C3%BCr-bezahlte-studien-studentjob-ch-at-jobster-4436567033,Gesucht: Teilnehmer für bezahlte Studien - Studentjob.ch,,scraped,2026-07-07T12:33:19.846403,
3db9fa6e2540b060,https://uy.linkedin.com/jobs/view/lead-technical-support-engineer-at-mercor-4419111896,Lead Technical Support Engineer,Mercor,posted,2026-07-07T12:33:33.422219,157
eb798f6ff2c6e60e,https://uy.linkedin.com/jobs/view/scrum-master-r%2Bd-remote-work-at-bairesdev-4436203907,Scrum Master / R+D - Remote Work,BairesDev,posted,2026-07-07T12:33:42.931884,159
b6ab71574cf03f26,https://uy.linkedin.com/jobs/view/finance-and-reporting-specialist-at-kuehne%2Bnagel-4435167481,Finance and Reporting Specialist,,scraped,2026-07-07T12:33:45.655990,
6b177e2af9bfab7c,https://uy.linkedin.com/jobs/view/ejecutivo-de-ventas-at-dos-orientales-4432787536,Ejecutivo de ventas,Dos Orientales,posted,2026-07-07T12:34:03.316628,161
79c4a8533067d2fb,https://uy.linkedin.com/jobs/view/emprendedor-at-emprendedores-essen-4400124655,Emprendedor,Emprendedores Essen,posted,2026-07-07T12:34:10.731606,163
92b3a3225fb7c916,https://uy.linkedin.com/jobs/view/sabre-travel-agent-at-internova-global-services-4427134657,Sabre travel agent,Internova Global Services,posted,2026-07-07T12:34:58.546928,165
f713155278e0faee,https://uy.linkedin.com/jobs/view/encargado-a-de-local-ciudad-de-tacuaremb%C3%B3-at-manpowergroup-uruguay-4431954312,Encargado/a de local (ciudad de Tacuarembó),,scraped,2026-07-07T12:35:00.975347,
3f46dcc861e7c7d7,https://uy.linkedin.com/jobs/view/senior-python-data-scraping-engineer-freelance-at-mindrift-4436305694,Senior Python Data Scraping Engineer (Freelance),Mindrift,posted,2026-07-07T12:35:14.400491,167
c28c56bc67248e7a,https://uy.linkedin.com/jobs/view/coordinador-a-de-reparaciones-at-ceibal-4435116850,Coordinador/a de Reparaciones,Ceibal,posted,2026-07-07T12:35:27.511997,169
8628faa24da611d1,https://uy.linkedin.com/jobs/view/customer-success-engineer-fully-remote-at-mercor-4427139983,Customer Success Engineer - Fully Remote,Mercor,posted,2026-07-07T12:35:36.128562,171
bf401b4c77c68acb,https://uy.linkedin.com/jobs/view/desarrollador-de-sw-3-at-sonda-4417385453,Desarrollador de SW 3,,scraped,2026-07-07T12:35:38.845773,
2dbc8d598a60c058,https://uy.linkedin.com/jobs/view/online-aufgaben-umfragen-flexible-m%C3%B6glichkeit-geld-online-zu-verdienen-studentjob-ch-at-jobster-4436563544,"Online Aufgaben & Umfragen - Flexible Möglichkeit, Geld online zu verdienen - Studentjob.ch",,scraped,2026-07-07T12:35:45.455506,
66636774384acaad,https://uy.linkedin.com/jobs/view/it-operations-analyst-ii-at-sabre-4425885701,IT Operations Analyst II,Sabre,posted,2026-07-07T12:36:05.678836,173
fb2cb9e4be6b528d,https://uy.linkedin.com/jobs/view/net-developer-paystudio-at-evertec-4435258629,.Net Developer PayStudio,Evertec,posted,2026-07-07T12:36:14.552017,175
e88acf6df7d6307e,https://uy.linkedin.com/jobs/view/auxiliar-de-flota-4432394425,Auxiliar de flota,AUTONOMIA RENT A CAR,posted,2026-07-07T12:36:22.504947,177
b083760f4b7e2775,https://uy.linkedin.com/jobs/view/analista-sap-senior-at-missionhires-4436202950,Analista SAP Senior,MissionHires,posted,2026-07-07T12:36:35.032160,179
34dad45890aa6613,https://uy.linkedin.com/jobs/view/partner-account-manager-%E2%80%93-airline-it-partnerships-at-sabre-4407630528,Partner Account Manager – Airline IT Partnerships,Sabre,posted,2026-07-07T12:36:47.261573,181
785770a9d3aeabba,https://uy.linkedin.com/jobs/view/data-engineer-at-scanntech-uruguay-4436743909,Data Engineer,,scraped,2026-07-07T12:36:49.964903,
17cec806d339ef38,https://uy.linkedin.com/jobs/view/staff-applied-scientist-adtech-at-launch-potato-4435824103,"Staff Applied Scientist, AdTech",Launch Potato,posted,2026-07-07T12:37:04.981015,183
80ffd5107e7bf413,https://uy.linkedin.com/jobs/view/verdiene-geld-mit-deinen-meinungen-%E2%80%93-flexibler-nebenjob-f%C3%BCr-studenten%21-studentjob-ch-at-jobster-4436592043,Verdiene Geld mit deinen Meinungen – Flexibler Nebenjob für Studenten! - Studentjob.ch,,scraped,2026-07-07T12:37:07.573608,
8939c36665a79227,https://uy.linkedin.com/jobs/view/panelteilnehmer-in-%E2%80%93-askgfk-schweiz-studentjob-ch-at-jobster-4436556380,Panelteilnehmer:in – askGfK Schweiz - Studentjob.ch,,scraped,2026-07-07T12:37:15.190621,
face33d3eb18b957,https://uy.linkedin.com/jobs/view/agente-inmobiliario-at-pointer-mejores-negocios-inmobiliarios-4432704264,Agente inmobiliario,,scraped,2026-07-07T12:37:22.417868,
8e714b931bf93646,https://uy.linkedin.com/jobs/view/ejecutivo-a-comercial-y-licitaciones-at-darkolighting-4426839365,Ejecutivo/a Comercial y Licitaciones,Darko Lighting,posted,2026-07-07T12:37:36.280548,185
9ad8f62bb420130d,https://uy.linkedin.com/jobs/view/einfach-mit-umfragen-geld-verdienen-mit-toluna-studentjob-ch-at-jobster-4436579384,"Einfach mit Umfragen Geld verdienen, mit Toluna - Studentjob.ch",,scraped,2026-07-07T12:37:40.847068,
690c1a0a371944c3,https://uy.linkedin.com/jobs/view/manager-ai-engineering-at-ulta-beauty-4426721882,"Manager, AI Engineering",Ulta Beauty,posted,2026-07-07T12:37:54.814697,187
ef157eeb6f9d9105,https://uy.linkedin.com/jobs/view/vendedor-industria-de-alimentos-at-cambay-industrias-alimentarias-s-a-4433983186,Vendedor - Industria de Alimentos,Cambay Industrias Alimentarias S.A.,posted,2026-07-07T12:38:08.380117,189
3084fedf6c89dfdf,https://uy.linkedin.com/jobs/view/salesforce-developer-at-internova-global-services-4408548337,Salesforce Developer,Internova Global Services,posted,2026-07-07T12:39:01.547139,191
d31e03bab56b0e42,https://uy.linkedin.com/jobs/view/job-mit-sinn-dialoger-m-w-d-80-%E2%80%93-100%25-chf-210-tag-fix-%2B-bonus-studentjob-ch-at-jobster-4436577526,Job mit Sinn: Dialoger (m/w/d) (80 – 100%) CHF 210.-/Tag fix + Bonus - Studentjob.ch,,scraped,2026-07-07T12:39:04.165329,
d7ee060cec30fe3c,https://uy.linkedin.com/jobs/view/customer-support-officer-latam-at-xs-com-4436326495,Customer Support Officer - LATAM,,scraped,2026-07-07T12:39:11.279166,
05a021f5812ec020,https://uy.linkedin.com/jobs/view/agentic-product-designer-remote-latin-america-at-fullstack-4417330673,Agentic Product Designer - Remote - Latin America,FullStack,posted,2026-07-07T12:39:25.205206,193
f330e412af1028fa,https://uy.linkedin.com/jobs/view/technical-product-support-specialist-revenue-optimization-at-sabre-4434371188,Technical Product Support Specialist / Revenue Optimization,Sabre,posted,2026-07-07T12:39:33.363676,195
c456e8294125c05b,https://uy.linkedin.com/jobs/view/senior-fullstack-react-node-shopify-engineer-remote-uruguay-at-kake-4433980354,Senior FullStack (React/Node/Shopify) Engineer | Remote | Uruguay,Kake,posted,2026-07-07T12:39:41.585171,197
bfaf1dd5ddb996f9,https://uy.linkedin.com/jobs/view/sinnvoller-job-als-dialoger-in-in-teamarbeit-%E2%80%93-einsatz-f%C3%BCr-menschenrechte-tiere-und-umwelt-studentjob-ch-at-jobster-4436562655,"Sinnvoller Job als Dialoger*in in Teamarbeit – Einsatz für Menschenrechte, Tiere und Umwelt - Studentjob.ch",,scraped,2026-07-07T12:39:44.111685,
2c3a353922af5760,https://uy.linkedin.com/jobs/view/senior-technical-product-owner-at-consultora-citrino-4433100421,Senior Technical Product Owner,,scraped,2026-07-07T12:39:51.145000,
0aeb1d82e63fd4af,https://uy.linkedin.com/jobs/view/software-development-engineer-in-test-pro-at-kraken-4416725067,Software Development Engineer in Test - Pro,Kraken,posted,2026-07-07T12:40:05.378241,199
a106c58061c33efb,https://uy.linkedin.com/jobs/view/visitador-m%C3%A9dico-l%C3%ADnea-dermocosm%C3%A9tica-at-siegfried-uruguay-4433955285,Visitador Médico - Línea dermocosmética,Siegfried Uruguay,posted,2026-07-07T12:40:17.777280,201
b1dece54764e135e,https://uy.linkedin.com/jobs/view/verdiene-geld-von-zuhause-aus-nebenjob-im-home-office-mit-umfragen-studentjob-ch-at-jobster-4436576279,Verdiene Geld von Zuhause aus: Nebenjob im Home Office mit Umfragen - Studentjob.ch,,scraped,2026-07-07T12:40:20.298524,
ea6bd47b4638e424,https://uy.linkedin.com/jobs/view/consultor-a-sap-fico-senior-%E2%80%93-triling%C3%BCe-espa%C3%B1ol-portugu%C3%A9s-e-ingl%C3%A9s-%E2%80%93-100%25-remoto-uruguay-at-sapindex-4437445917,"Consultor/a SAP FICO Senior – Trilingüe (Español, Portugués e Inglés) – 100% Remoto - Uruguay",,scraped,2026-07-07T12:40:27.305046,
5502ac6ea8a5ed4c,https://uy.linkedin.com/jobs/view/kc-finance-process-excellence-training-specialist-at-kuehne%2Bnagel-4437425318,KC Finance Process Excellence & Training Specialist,,scraped,2026-07-07T12:40:34.359358,
5dee8c9f8a694b98,https://uy.linkedin.com/jobs/view/data-engineering-consultant-at-oracle-4434334467,Data Engineering Consultant,Oracle,posted,2026-07-07T12:40:47.826737,203
5d221a52a79c08dd,https://uy.linkedin.com/jobs/view/sr-ai-ml-engineer-at-perform-4398643530,Sr. AI/ML Engineer,Perform,posted,2026-07-07T12:40:57.662623,205
75fbbb0887c38b85,https://uy.linkedin.com/jobs/view/online-umfragen-im-home-office-bearbeiten-f%C3%BCr-geld-studentjob-ch-at-jobster-4436564933,Online-Umfragen im Home-Office bearbeiten für Geld - Studentjob.ch,,scraped,2026-07-07T12:41:00.164041,
5cf17bcdf058b03f,https://uy.linkedin.com/jobs/view/sagen-sie-es%21-teilen-sie-ihre-erkenntnisse-mit%21-umfragen-durchf%C3%BChren-und-geld-verdienen%21-m-w-d-studentjob-ch-at-jobster-4436575626,Sagen Sie es! Teilen Sie Ihre Erkenntnisse mit! Umfragen durchführen und Geld verdienen! (m/w/d) - Studentjob.ch,,scraped,2026-07-07T12:41:07.008155,
1e981075e5e75c83,https://uy.linkedin.com/jobs/view/t%C3%A9l%C3%A9travail-r%C3%A9pondez-%C3%A0-des-sondages-studentjob-ch-at-jobster-4436560489,Télétravail: Répondez à des sondages - Studentjob.ch,,scraped,2026-07-07T12:41:13.831989,
a9ff842ca4aed8dd,https://uy.linkedin.com/jobs/view/estudiante-avanzado-de-administraci%C3%B3n-contador-p%C3%BAblico-at-csi-4435583758,Estudiante avanzado de Administración/Contador Público,,scraped,2026-07-07T12:41:20.803669,
91523e97aab2d37c,https://uy.linkedin.com/jobs/view/housekeeper-general-maintenance-worker-gmw-day-shift-at-minnesota-direct-care-and-treatment-4434500832,Housekeeper - General Maintenance Worker (GMW) / Day Shift,Minnesota Direct Care and Treatment,posted,2026-07-07T12:41:39.019778,207
d530c172402506aa,https://uy.linkedin.com/jobs/view/tech-lead-sanity-cms-remote-latin-america-at-fullstack-4427097790,Tech Lead (Sanity CMS) - Remote - Latin America,FullStack,posted,2026-07-07T12:41:53.877041,95
819671bbe0aeb615,https://uy.linkedin.com/jobs/view/mid-level-cms-engineer-sanity-remote-latin-america-at-fullstack-4434633565,Mid-Level CMS Engineer (Sanity) - Remote - Latin America,FullStack,posted,2026-07-07T12:41:58.524534,97
0733def85e55fffb,https://uy.linkedin.com/jobs/view/linux-software-engineer-ubuntu-for-next-gen-silicon-multiple-roles-and-seniority-levels-at-canonical-4434634037,Linux Software Engineer - Ubuntu for Next-Gen Silicon (multiple roles and seniority levels),,scraped,2026-07-07T12:42:03.171491,
5ae4618dc0581291,https://uy.linkedin.com/jobs/view/lead-talent-acquisition-specialist-at-sabre-4426167116,Lead Talent Acquisition Specialist,Sabre,posted,2026-07-07T20:35:19.606183,209
2f323b901f3e49cf,https://uy.linkedin.com/jobs/view/casino-greeter-at-cipriani-punta-4432736069,Casino Greeter,,scraped,2026-07-07T20:35:22.294407,
4db752214206b06e,https://uy.linkedin.com/jobs/view/especialista-en-ofertas-at-elecnor-group-4436785472,Especialista en ofertas,,scraped,2026-07-07T20:35:29.694820,
b52748dc11f9c9c4,https://uy.linkedin.com/jobs/view/product-manager-at-sukupay-4432786841,Product Manager,SukuPay,posted,2026-07-07T20:36:03.418965,211
a1da7f1c24d1b591,https://uy.linkedin.com/jobs/view/sr-accountant-hospitality-industry-at-howard-4437852798,Sr. Accountant (Hospitality Industry),Howard,posted,2026-07-07T20:36:08.642049,119
b511a414d9fb4305,https://uy.linkedin.com/jobs/view/operadores-de-surveillance-at-cipriani-punta-4434561683,Operadores de Surveillance,,scraped,2026-07-07T20:36:11.366887,
51f6a30b4925de64,https://uy.linkedin.com/jobs/view/agente-inmobiliario-at-re-max-conecta-uruguay-4434572069,Agente inmobiliario,RE/MAX CONECTA Uruguay,posted,2026-07-07T20:36:42.438611,213
50eaf002fa26e570,https://uy.linkedin.com/jobs/view/administrador-de-telecomunicaciones-3-at-sonda-4427646013,Administrador de Telecomunicaciones 3,,scraped,2026-07-07T20:37:13.171613,
6a43389c1b904fe0,https://uy.linkedin.com/jobs/view/compliance-operations-analyst-at-zonamerica-4432792576,Compliance & Operations Analyst,,scraped,2026-07-07T20:37:20.515399,
d8d1ea8e980efefa,https://uy.linkedin.com/jobs/view/uy-java-technical-lead-at-perficient-4378357869,UY - Java Technical Lead,Perficient,posted,2026-07-07T20:37:40.054235,215
07c04a440d64a85f,https://uy.linkedin.com/jobs/view/responsable-corporativo-de-gesti%C3%B3n-ambiental-at-adium-4433625385,Responsable Corporativo de Gestión Ambiental,,scraped,2026-07-07T20:37:42.779480,
b10d741dd1cfd0f0,https://uy.linkedin.com/jobs/view/analista-de-adquisici%C3%B3n-de-cuentas-fintech-at-mercado-libre-4433702209,Analista de Adquisición de Cuentas - Fintech,,scraped,2026-07-07T20:38:02.666722,
ca647dbb4a34999d,https://uy.linkedin.com/jobs/view/ing-de-aplicaci%C3%B3n-nalco-water-uruguay-at-ecolab-4436911957,Ing. de Aplicación - Nalco Water - Uruguay,Ecolab,posted,2026-07-07T20:38:22.015509,217
04c4145a4018564f,https://uy.linkedin.com/jobs/view/marketing-manager-mobile-top-up-at-idt-corporation-4437480609,Marketing Manager - Mobile Top Up,IDT Corporation,posted,2026-07-07T20:38:37.370136,219
19a92ed11e26a825,https://uy.linkedin.com/jobs/view/t%C3%A9cnico-de-automatizaci%C3%B3n-y-control-at-berkes-group-4436827044,Técnico de automatización y Control,,scraped,2026-07-07T20:38:40.100117,
806f08e129a4931e,https://uy.linkedin.com/jobs/view/solutions-consultant-full-time-at-inair-4436482900,Solutions Consultant (Full Time),InAir,posted,2026-07-07T20:38:59.206980,221
0cf079aab4f40a68,https://uy.linkedin.com/jobs/view/jefe-de-producci%C3%B3n-at-nestl%C3%A9-4435508232,Jefe de Producción,Nestlé,posted,2026-07-07T20:39:11.806604,223
7976b50fc9b394a7,https://uy.linkedin.com/jobs/view/jefe-a-de-sucursal-%E2%80%93-maldonado-4433189555,Jefe/a de Sucursal – Maldonado,BDF Uruguay SRL,posted,2026-07-07T20:39:24.318245,225
23dc194cca277237,https://uy.linkedin.com/jobs/view/gestor-a-de-cuentas-clave-kam-at-ues-4435369812,Gestor/a de Cuentas Clave (KAM),,scraped,2026-07-07T20:39:27.152477,
b8841c6ef47a5cf3,https://uy.linkedin.com/jobs/view/hiring-journey-analyst-remote-work-at-bairesdev-4436841609,Hiring Journey Analyst - Remote Work,BairesDev,posted,2026-07-07T20:39:49.505246,227
4241323d3a36cb91,https://uy.linkedin.com/jobs/view/agentic-elixir-engineer-remote-latin-america-at-fullstack-4388204263,Agentic Elixir Engineer - Remote - Latin America,FullStack,posted,2026-07-07T20:39:59.034227,101
c54c59393e3bd4ad,https://uy.linkedin.com/jobs/view/agentic-product-designer-remote-latin-america-at-fullstack-4417335517,Agentic Product Designer - Remote - Latin America,FullStack,posted,2026-07-07T20:40:06.348717,193
fce156d383852bd2,https://uy.linkedin.com/jobs/view/agentic-aws-devops-engineer-remote-latin-america-at-fullstack-4407592717,Agentic AWS DevOps Engineer - Remote - Latin America,FullStack,posted,2026-07-07T20:40:11.588865,51
e7287c53c8581e41,https://uy.linkedin.com/jobs/view/supervisor-de-surveillance-at-cipriani-punta-4434563575,Supervisor de Surveillance,,scraped,2026-07-07T20:40:14.319177,
72e4b1d29427d5a1,https://uy.linkedin.com/jobs/view/assistant-front-desk-manager-at-royal-caribbean-group-4434603664,Assistant Front Desk Manager,Royal Caribbean Group,posted,2026-07-07T20:40:31.277029,229
91a515bba2e33c77,https://uy.linkedin.com/jobs/view/aws-devops-engineer-linux-remote-latin-america-at-fullstack-4435324836,AWS DevOps Engineer (Linux) - Remote - Latin America,FullStack,posted,2026-07-07T20:40:36.692476,53
7c0e18e99bb0b188,https://uy.linkedin.com/jobs/view/gerente-de-siniestros-at-seguros-sura-4434535553,Gerente de Siniestros,,scraped,2026-07-07T20:40:39.467856,
1390d8f499f03b31,https://uy.linkedin.com/jobs/view/operations-analyst-at-gts-4424851065,Operations Analyst,GTS,posted,2026-07-07T20:40:55.782171,231
01b086609cc64050,https://uy.linkedin.com/jobs/view/ejecutivo-t%C3%A9cnico-a-comercial-at-pwc-4437862940,Ejecutivo técnico/a comercial,PwC,posted,2026-07-07T20:41:13.530804,233
0f6c66fb1c3288e7,https://uy.linkedin.com/jobs/view/supervisor-woodhandling-at-upm-4436908247,"Supervisor, Woodhandling",,scraped,2026-07-07T20:41:17.966804,
320ede6d24bc41b9,https://uy.linkedin.com/jobs/view/analista-de-projetos-s%C3%AAnior-at-segula-technologies-4435314278,Analista de Projetos Sênior,SEGULA Technologies,posted,2026-07-07T20:41:38.468476,235
f77b380358ac171b,https://uy.linkedin.com/jobs/view/senior-contable-reporting-at-andersen-in-uruguay-4434560392,Senior Contable & Reporting,Andersen in Uruguay,posted,2026-07-07T20:41:51.851741,237
8180d8742b6626eb,https://uy.linkedin.com/jobs/view/l%C3%ADder-t%C3%A9cnico-at-witi-4436598885,Líder Técnico Front-end – Headless Commerce,,scraped,2026-07-07T20:41:54.859284,
99145cdab2431a7c,https://uy.linkedin.com/jobs/view/analista-de-producto-estudiantes-de-arquitectura-o-ing-civil-at-manpowergroup-uruguay-4433981477,Analista de Producto (Estudiantes de Arquitectura o Ing. Civil),,scraped,2026-07-07T20:42:01.553095,
f1c7549f574121c6,https://uy.linkedin.com/jobs/view/director-legal-uruguay-and-latin-america-at-upm-4437837255,"Director, Legal, Uruguay and Latin America",,scraped,2026-07-07T20:42:08.900410,
2122d252bcfff5ba,https://uy.linkedin.com/jobs/view/ai-machine-learning-engineer-remote-latin-america-at-fullstack-4371022493,AI Machine Learning Engineer - Remote - Latin America,FullStack,posted,2026-07-07T20:42:39.191466,239
5e8069d268c36d5d,https://uy.linkedin.com/jobs/view/ai-machine-learning-engineer-remote-latin-america-at-fullstack-4371035007,AI Machine Learning Engineer - Remote - Latin America,FullStack,posted,2026-07-07T20:42:48.686495,239
bae44f0f9e9f3604,https://uy.linkedin.com/jobs/view/agentic-product-designer-remote-latin-america-at-fullstack-4417318879,Agentic Product Designer - Remote - Latin America,FullStack,posted,2026-07-07T20:42:57.993871,193
34c1b037f0e32915,https://uy.linkedin.com/jobs/view/property-sales-manager-nh-montevideo-columbia-montevideo-uruguay-at-minor-hotels-europe-and-americas-4437113212,"Property Sales Manager - NH Montevideo Columbia - Montevideo, Uruguay",,scraped,2026-07-07T20:43:00.739284,
f63e6f67bf7b8bb4,https://uy.linkedin.com/jobs/view/sr-ba-%E2%80%93-insurance-regulatory-specialist-irc298736-at-globallogic-4435494174,SR BA – Insurance Regulatory Specialist IRC298736,GlobalLogic,posted,2026-07-07T20:43:22.950521,241
44a54197ae111930,https://uy.linkedin.com/jobs/view/mec%C3%A1nico-junior-at-tornometal-4436964933,Mecánico Junior,,scraped,2026-07-07T20:43:27.598924,
e80c78b7fd331c59,https://uy.linkedin.com/jobs/view/manufacturing-engineer-ii-at-integer-holdings-corporation-4437828588,Manufacturing Engineer II,Integer Holdings Corporation,posted,2026-07-07T20:43:51.900442,243
585a28a2853f06fb,https://uy.linkedin.com/jobs/view/l%C3%ADder-de-produccion-at-joyson-safety-systems-4437812797,Líder de Produccion,Joyson Safety Systems,posted,2026-07-07T20:44:09.174797,245
213812d6bea74241,https://uy.linkedin.com/jobs/view/versicherungsberater-in-f%C3%BCr-die-hauptagentur-st-moritz-at-axa-4435845266,Versicherungsberater:in für die Hauptagentur St. Moritz,,scraped,2026-07-07T20:44:11.724036,
64fca58facb843a6,https://uy.linkedin.com/jobs/view/l%C3%ADder-de-mejora-continua-para-prestigiosa-instituci%C3%B3n-de-salud-at-manpowergroup-uruguay-4433715421,Líder de Mejora Continua - Para prestigiosa institución de salud,,scraped,2026-07-07T20:44:21.768763,
4f3ea069570c798c,https://uy.linkedin.com/jobs/view/ejecutivo-de-ventas-canelones-at-m%C3%A1s-ventas-4430731477,Ejecutivo de Ventas - Canelones,Más Ventas,posted,2026-07-07T20:44:42.662927,247
4359ad42a3e65449,https://uy.linkedin.com/jobs/view/full-stack-senior-developer-ai%E2%80%91native-at-talan-4437827673,Full Stack Senior Developer (AI‑Native),,scraped,2026-07-07T20:44:51.372580,
ac7a6a43c594bf44,https://uy.linkedin.com/jobs/view/finance-reporting-advanced-specialist-at-kuehne%2Bnagel-4425567758,Finance & Reporting Advanced Specialist,,scraped,2026-07-07T20:44:58.774978,
473681ddafe81456,https://uy.linkedin.com/jobs/view/claims-specialist-at-cover-genius-4377541270,Claims Specialist,Cover Genius,posted,2026-07-07T20:45:19.674587,249
9b01c2071c02d06f,https://uy.linkedin.com/jobs/view/minijob-nebenjob-ferienjob-remote-teilnehmer-f%C3%BCr-bezahlte-studien-gesucht%21-studentjob-ch-at-jobster-4436572750,Minijob / Nebenjob / Ferienjob / Remote: Teilnehmer für bezahlte Studien gesucht! - Studentjob.ch,,scraped,2026-07-07T20:45:22.401432,
a496e15a5b492f77,https://uy.linkedin.com/jobs/view/home-office-ihre-meinung-ist-wertvoll-%E2%80%93-lassen-sie-sich-daf%C3%BCr-belohnen%21-studentjob-ch-at-jobster-4436586513,Home Office: Ihre Meinung ist wertvoll – lassen Sie sich dafür belohnen! - Studentjob.ch,,scraped,2026-07-07T20:45:30.426788,
d59cb86709ada339,https://uy.linkedin.com/jobs/view/latam-marketing-operations-coordinator-at-axi-broker-4432708875,LATAM Marketing Operations Coordinator,AXI BROKER,posted,2026-07-07T20:45:45.566252,251
604bddfa57af3878,https://uy.linkedin.com/jobs/view/software-engineer-back-end-at-mercado-libre-4433192728,Software Engineer Back End,,scraped,2026-07-07T20:45:52.230158,
422ae84439929faf,https://uy.linkedin.com/jobs/view/asistente-de-cadeter%C3%ADa-y-tr%C3%A1mites-aduaneros-at-aeromarine-s-a-4436150818,Asistente de Cadetería y Trámites Aduaneros,,scraped,2026-07-07T20:46:00.760012,
7f9350a4782ee60e,https://uy.linkedin.com/jobs/view/full-stack-developer-at-internova-global-services-4429114548,Full Stack Developer,Internova Global Services,posted,2026-07-07T20:47:01.671482,253
f4fc45cbc5ec3ebc,https://uy.linkedin.com/jobs/view/arquitecto-at-capillas-riani-s-a-4433952860,Arquitecto,Capillas Riani S.A.,posted,2026-07-07T20:47:22.277799,255
daa81efef5178a58,https://uy.linkedin.com/jobs/view/psic%C3%B3logos-at-quiero-una-sesi%C3%B3n-4434569955,Psicólogos,,scraped,2026-07-07T20:47:41.504566,
083064e98cef2a8f,https://uy.linkedin.com/jobs/view/oficial-mec%C3%A1nico-industrial-curtiembre-at-selecci%C3%B3n-de-talentos-4433972058,Oficial Mecánico Industrial Curtiembre,,scraped,2026-07-07T20:47:50.303830,
6f8eb0e59819a230,https://uy.linkedin.com/jobs/view/accounting-manager-at-tgg-4436119474,Accounting Manager,TGG,posted,2026-07-07T20:48:09.348141,257
a09de4e590073f2f,https://uy.linkedin.com/jobs/view/software-engineer-full-stack-at-perceptyx-4436104979,Software Engineer - Full Stack,Perceptyx,posted,2026-07-07T20:48:23.031841,259
ffd5c448dbd1f827,https://uy.linkedin.com/jobs/view/chapistas-o-pintores-automotores-para-espa%C3%B1a-at-deorigen-talento-mundial-4436793896,Chapistas o Pintores Automotores para España,DeOrigen Talento Mundial,posted,2026-07-07T20:48:38.188426,261
438ef521843e355e,https://uy.linkedin.com/jobs/view/vendedor-a-freelance-b2b-at-cash-4436323432,Vendedor/a Freelance B2B,CASH,posted,2026-07-07T20:49:00.743825,263
994a98e4c480fc26,https://uy.linkedin.com/jobs/view/customer-service-representative-at-ricoh-latin-america-inc-4431978924,Customer Service Representative,Ricoh LATAM,posted,2026-07-07T20:49:24.233179,265
a03ce8e8057c4a57,https://uy.linkedin.com/jobs/view/fullstack-developer-senior-python-django-%2B-react-remote-latin-america-at-bluelight-4437862599,"Fullstack Developer (Senior) - Python (Django) + React - Remote, Latin America",Bluelight,posted,2026-07-07T20:49:40.078036,267
646b869c9c26fe00,https://uy.linkedin.com/jobs/view/voip-engineer-remote-at-telnyx-4400587723,VoIP Engineer - Remote,Telnyx,posted,2026-07-07T20:49:58.559063,269
616302bc3df7d5a7,https://uy.linkedin.com/jobs/view/home-office-ihre-meinung-ist-wertvoll-%E2%80%93-lassen-sie-sich-daf%C3%BCr-belohnen%21-studentjob-ch-at-jobster-4436578066,Home Office: Ihre Meinung ist wertvoll – lassen Sie sich dafür belohnen! - Studentjob.ch,,scraped,2026-07-07T20:50:01.128057,
fe58a5225c810049,https://uy.linkedin.com/jobs/view/software-engineer-python-container-images-at-canonical-4434634033,Software Engineer - Python - Container Images,,scraped,2026-07-07T20:50:08.384945,
f752bd669dbbebf6,https://uy.linkedin.com/jobs/view/staff-backend-software-engineer-at-hopper-4434359497,Staff Backend Software Engineer,,scraped,2026-07-07T20:50:18.178619,
c0d3811ab9637bfc,https://uy.linkedin.com/jobs/view/verdiene-schnell-und-einfach-geld-mit-umfragen%21-von-%C3%BCberall%21-studentjob-ch-at-jobster-4436564603,Verdiene schnell und einfach Geld mit Umfragen! Von überall! - Studentjob.ch,,scraped,2026-07-07T20:50:24.832725,
fcfee403e0189f3d,https://uy.linkedin.com/jobs/view/ai-machine-learning-engineer-remote-latin-america-at-fullstack-4371034385,AI Machine Learning Engineer - Remote - Latin America,FullStack,posted,2026-07-07T20:50:45.659255,239
da6128ff51b2380f,https://uy.linkedin.com/jobs/view/senior-electrical-engineer-at-integer-holdings-corporation-4418170275,Senior Electrical Engineer,Integer Holdings Corporation,posted,2026-07-07T20:50:59.894073,271
ba9cf0fa24e58117,https://uy.linkedin.com/jobs/view/top-verdienen-in-der-schweiz-200-%E2%82%AC-pro-tag-als-dialoger-in-m-w-d-studentjob-ch-at-jobster-4436562716,Top verdienen in der Schweiz: 200 € pro Tag als Dialoger*in (m/w/d) - Studentjob.ch,,scraped,2026-07-07T20:51:04.468244,
4e1160041b7e0c62,https://uy.linkedin.com/jobs/view/ai-machine-learning-engineer-remote-latin-america-at-fullstack-4371012931,AI Machine Learning Engineer - Remote - Latin America,FullStack,posted,2026-07-07T20:51:20.311847,239
09188cb0a47cc6ea,https://uy.linkedin.com/jobs/view/senior-backend-engineer-lodging-and-cars-at-hopper-4435031089,Senior Backend Engineer - Lodging and Cars,,scraped,2026-07-07T20:51:22.979453,
c86a1ac2a235bfba,https://uy.linkedin.com/jobs/view/desarrollador-senior-react-%2B-typescript-trabajo-remoto-at-bairesdev-4436826672,Desarrollador Senior React + TypeScript - Trabajo Remoto,BairesDev,posted,2026-07-07T20:51:41.442755,273
856ce98ae7dc5e4e,https://uy.linkedin.com/jobs/view/verdienen-sie-geld-mit-umfragen-die-nur-f%C3%BCr-sie-gemacht-sind-mit-toluna-studentjob-ch-at-jobster-4436579732,"Verdienen Sie Geld mit Umfragen, die nur für Sie gemacht sind, mit Toluna - Studentjob.ch",,scraped,2026-07-07T20:51:44.013070,
5b55048c6307938f,https://uy.linkedin.com/jobs/view/software-development-engineer-in-test-ii-sdet-ii-pro-at-kraken-4415727037,Software Development Engineer in Test II (SDET II) - Pro,Kraken,posted,2026-07-07T20:51:58.785142,275
f413e0fd971a1404,https://uy.linkedin.com/jobs/view/ingeniero-de-seguridad-de-aplicaciones-checkmarx-sast-trabajo-remoto-at-bairesdev-4436842438,Ingeniero de Seguridad de Aplicaciones (Checkmarx / SAST) - Trabajo Remoto,BairesDev,posted,2026-07-07T20:52:08.655996,277
d789a749144c32e7,https://uy.linkedin.com/jobs/view/senior-backend-engineer-lodging-and-cars-at-hopper-4435016613,Senior Backend Engineer - Lodging and Cars,,scraped,2026-07-07T20:52:11.359931,
396cb1cebd3d4909,https://uy.linkedin.com/jobs/view/sr-controller-vacation-rental-industry-at-howard-4437868320,Sr. Controller (Vacation Rental Industry),Howard,posted,2026-07-07T20:52:34.317744,279
7f8b1d653488a448,https://uy.linkedin.com/jobs/view/minijob-von-zuhause-aus-verdiene-bares-geld-f%C3%BCr-umfragen-studentjob-ch-at-jobster-4436560846,Minijob von zuhause aus - verdiene bares Geld für Umfragen - Studentjob.ch,,scraped,2026-07-07T20:52:38.861965,
c7826203b43d3c4c,https://uy.linkedin.com/jobs/view/heimarbeit-verdiene-geld-mit-umfragen-in-der-marktforschung-studentjob-ch-at-jobster-4436562894,Heimarbeit -Verdiene Geld mit Umfragen in der MARKTFORSCHUNG - Studentjob.ch,,scraped,2026-07-07T20:52:47.285129,
d618a3b2ce0f7e2b,https://uy.linkedin.com/jobs/view/it-recruiter-remote-work-at-bairesdev-4436851008,IT Recruiter - Remote Work,BairesDev,posted,2026-07-08T07:20:41.558276,291
5dfa2582482d1597,https://uy.linkedin.com/jobs/view/transaction-coordinator-at-cs-outsource-4436840965,Transaction Coordinator,CS Outsource,posted,2026-07-08T07:21:11.146111,293
b638bba86a73a464,https://uy.linkedin.com/jobs/view/career-framework-specialist-remote-work-at-bairesdev-4436828952,Career Framework Specialist - Remote Work,BairesDev,posted,2026-07-08T07:21:39.052037,295
60ad0c93bb9c1199,https://uy.linkedin.com/jobs/view/administrativo-taller-chapa-y-pintura-at-aglh-4436240362,Administrativo -  Taller Chapa y Pintura,AGLH,posted,2026-07-08T07:22:27.713757,297
994fbf7969e0f16d,https://uy.linkedin.com/jobs/view/agente-de-campo-at-grupo-transamerican-4436455945,Agente de Campo,,scraped,2026-07-08T07:22:32.127551,
49a8f6aad1d56515,https://uy.linkedin.com/jobs/view/administrativo-a-especializado-a-%E2%80%93-tramitador-a-at-el-dorado-4436917480,Administrativo/a Especializado/a – Tramitador/a,,scraped,2026-07-08T07:22:46.089849,
1727e29303261e4f,https://uy.linkedin.com/jobs/view/vendedor-territorial-b2b-ciudad-de-la-costa-montevideo-at-talenter-4436893122,"Vendedor Territorial B2B - Ciudad de la Costa, Montevideo",,scraped,2026-07-08T07:22:54.897895,
7f6c5b99cc13ae74,https://uy.linkedin.com/jobs/view/vendedor-adidas-minas-shopping-at-sunfer-4438130670,Vendedor Adidas Minas Shopping,,scraped,2026-07-08T07:23:01.934813,
e582e9e70ddddc89,https://uy.linkedin.com/jobs/view/laboratorista-tacuaremb%C3%B3-at-aym-santa-lucia-4436832641,Laboratorista Tacuarembó,AyM Santa Lucia,posted,2026-07-08T07:23:46.222903,299
d9aae405707f57e5,https://uy.linkedin.com/jobs/view/creador-a-de-contenido-pov-para-ia-remoto-at-toloka-annotators-4437757845,Creador(a) de Contenido POV para IA - Remoto,Toloka Annotators,posted,2026-07-08T07:24:06.473992,301
e8923cedaf87f779,https://uy.linkedin.com/jobs/view/front-end-developer-%E2%80%93-headless-commerce-at-witi-4436803614,Front-end Developer – Headless Commerce,,scraped,2026-07-08T07:24:15.214354,
aaead4f71ec1c996,https://uy.linkedin.com/jobs/view/vendedor-territorial-b2b-mercedes-y-fray-bentos-at-talenter-4436888239,Vendedor Territorial B2B -Mercedes y Fray Bentos,,scraped,2026-07-08T07:24:22.863556,
95639d71877bc57d,https://uy.linkedin.com/jobs/view/learning-advisor-at-elvtr-4435846410,Learning Advisor,ELVTR,posted,2026-07-08T07:24:44.420987,303
6e11576b82bd6865,https://uy.linkedin.com/jobs/view/research-scientist-remote-us-latam-at-anyone-ai-4437448946,Research Scientist (Remote/US/LATAM),Anyone AI,posted,2026-07-08T07:24:59.549949,305
e0b82f0cd4511d5c,https://uy.linkedin.com/jobs/view/business-development-representative-at-entrepreneur-cooperative-4436153409,Business Development Representative,Entrepreneur Cooperative,posted,2026-07-08T07:25:15.539936,307
70867b1f17d38ec9,https://uy.linkedin.com/jobs/view/analista-de-hiring-journey-trabajo-remoto-at-bairesdev-4436853182,Analista de Hiring Journey - Trabajo Remoto,BairesDev,posted,2026-07-08T07:25:37.398213,309
1c11eb5f2bc84feb,https://uy.linkedin.com/jobs/view/accounts-payable-analyst-at-howard-4436300033,Accounts Payable Analyst,Howard,posted,2026-07-08T07:25:57.051916,311
b8b98e4cd2973a23,https://uy.linkedin.com/jobs/view/entrepreneur-in-residence-eir-at-the-flex-4436951236,Entrepreneur in Residence (EIR),,scraped,2026-07-08T07:25:59.664271,
13efcfe0466c9b2b,https://uy.linkedin.com/jobs/view/vendedor-territorial-b2b-punta-del-este-o-maldonado-at-talenter-4436882460,Vendedor Territorial B2B - Punta del Este o Maldonado,,scraped,2026-07-08T07:26:10.553032,
25ef7af7847435e1,https://uy.linkedin.com/jobs/view/delivery-operations-analyst-at-dlocal-4438115151,Delivery Operations Analyst,,scraped,2026-07-08T07:26:17.422651,
74fbf88ef2d56066,https://uy.linkedin.com/jobs/view/customer-service-analyst-at-pacific-international-lines-%E5%A4%AA%E5%B9%B3%E8%88%B9%E5%8A%A1-4436945302,Customer Service Analyst,Pacific International Lines 太平船务,posted,2026-07-08T07:26:41.178570,313
1519b9f4b574571c,https://uy.linkedin.com/jobs/view/media-analytics-insights-lead-at-blend-4431749080,Media Analytics & Insights Lead,Blend,posted,2026-07-08T07:26:51.962745,315
cb0b3a0fa65e220f,https://uy.linkedin.com/jobs/view/electromec%C3%A1nico-trinidad-flores-ingreso-inmediato-at-aym-santa-lucia-4435476507,Electromecánico Trinidad (Flores) Ingreso inmediato,AyM Santa Lucia,posted,2026-07-08T07:27:17.901856,317
a458012fc8c5fcd1,https://uy.linkedin.com/jobs/view/marketing-manager-at-zonamerica-4434592194,Marketing Manager,,scraped,2026-07-08T07:27:24.552267,
68543af3c94be916,https://uy.linkedin.com/jobs/view/especialista-de-cuenta-at-randstad-uruguay-4434573140,Especialista de Cuenta,,scraped,2026-07-08T07:27:33.850449,
ea858331fe6045e6,https://uy.linkedin.com/jobs/view/ai-engineer-at-blend-4431751128,AI Engineer,Blend,posted,2026-07-08T07:27:52.145508,319
722226a33b2fda42,https://uy.linkedin.com/jobs/view/customer-support-specialist-fully-remote-at-mercor-4416375595,Customer Support Specialist - Fully Remote,Mercor,posted,2026-07-08T07:28:02.774682,321
3eb4a2e4cf92bce2,https://uy.linkedin.com/jobs/view/ai-trainer-freelance-data-annotator-at-toloka-annotators-4437194222,AI Trainer - Freelance Data Annotator,Toloka Annotators,posted,2026-07-08T07:28:10.343853,323
7f1ccf1a9253578a,https://uy.linkedin.com/jobs/view/planificador-de-producci%C3%B3n-at-calier-uruguay-4433939982,Planificador de Producción,Calier Uruguay,posted,2026-07-08T07:29:07.020255,325
391bdeaca667edd2,https://uy.linkedin.com/jobs/view/python-developer-remote-in-uruguay-at-anyone-ai-4436925260,Python Developer - Remote in Uruguay,Anyone AI,posted,2026-07-08T07:29:32.857919,327
929e3cb0fe4ac36d,https://uy.linkedin.com/jobs/view/accounting-analyst-at-amicorp-group-4434581633,Accounting Analyst,,scraped,2026-07-08T07:29:35.438815,
e5e941917cf78004,https://uy.linkedin.com/jobs/view/merchandiser-con-moto-montevideo-at-trade%2B-merchandising-4436837498,Merchandiser con Moto Montevideo.,,scraped,2026-07-08T07:29:45.232817,
a24405b2366bb572,https://uy.linkedin.com/jobs/view/freelance-agent-evaluation-engineer-at-mindrift-4437154764,Freelance Agent Evaluation Engineer,Mindrift,posted,2026-07-08T07:30:05.739429,329
4421827ff4601ac6,https://uy.linkedin.com/jobs/view/office-based-call-center-agent-salto-uruguay-at-srr-group-4436857927,"Office-based_Call Center Agent (Salto, Uruguay)",SRR Group,posted,2026-07-08T07:30:17.688171,331
6addc27e952085a8,https://uy.linkedin.com/jobs/view/analista-de-log%C3%ADstica-at-somil-s-a-4434544453,Analista de logística,SOMIL S.A.,posted,2026-07-08T07:30:32.023874,333
8b40590b79f54c18,https://uy.linkedin.com/jobs/view/encargado-local-comercial-at-courdin-contadores-4432711109,Encargado Local Comercial,,scraped,2026-07-08T07:30:34.316213,
0134eb6c42396a6a,https://uy.linkedin.com/jobs/view/vendedor-a-externo-a-de-mobiliario-de-fabricaci%C3%B3n-propia-at-methodo-servicios-profesionales-en-rr-hh-4434576890,VENDEDOR/A EXTERNO /A de Mobiliario de fabricación propia.,,scraped,2026-07-08T07:30:43.810112,
7495ceaabb014e74,https://uy.linkedin.com/jobs/view/enqu%C3%AAteur-pour-des-sondages-en-ligne-t%C3%A9l%C3%A9travail-h-f-studentjob-ch-at-jobster-4436556873,Enquêteur pour des sondages en ligne - télétravail H/F - Studentjob.ch,,scraped,2026-07-08T07:30:57.955642,
b827ad7b25947533,https://uy.linkedin.com/jobs/view/finance-operations-workflow-architect-at-blend-4431720608,Finance Operations Workflow Architect,Blend,posted,2026-07-08T07:31:22.480059,335
3d1aa23acf7dbdfa,https://uy.linkedin.com/jobs/view/desarrollo-de-productos-at-rotimar-4434590421,Desarrollo de productos,ROTIMAR,posted,2026-07-08T07:32:14.786155,337
3c51ed3a69fcc368,https://uy.linkedin.com/jobs/view/especialista-ehs-at-johnson-controls-4417069277,Especialista EHS,,scraped,2026-07-08T07:32:17.468083,
90fd4659a429c029,https://uy.linkedin.com/jobs/view/general-accounting-supervisor-samsung-electronics-at-samsung-electronics-4437433392,General Accounting Supervisor | Samsung Electronics,,scraped,2026-07-08T07:32:24.033130,
ba032fa7fa26edc4,https://www.linkedin.com/jobs/view/2026/,"1,000+Senior Design Verification Engineer Jobs in United States",,failed|wp_post_failed,2026-07-08T07:32:34.448679,
c68b8f6abf63d15e,https://uy.linkedin.com/jobs/view/von-zuhause-geld-verdienen%3F-es-war-nie-einfacher%21-homeoffice-studentjob-ch-at-jobster-4436566640,Von Zuhause Geld verdienen? Es war nie einfacher! Homeoffice - Studentjob.ch,,scraped,2026-07-08T07:32:36.964298,
bc00dd9060ac57d6,https://uy.linkedin.com/jobs/view/tecnico-de-mantenimiento-at-grupo-opci%C3%B3n-4434577944,Tecnico de mantenimiento,,scraped,2026-07-08T07:32:46.004810,
fc706f84b180b001,https://uy.linkedin.com/jobs/view/staff-engineer-java-at-dlocal-4436766785,Staff Engineer (Java),,scraped,2026-07-08T07:32:54.614540,
a31006bf88cc7980,https://uy.linkedin.com/jobs/view/l%C3%ADder-t%C3%A9cnico-front-end-%E2%80%93-headless-commerce-at-witi-4436598885,Líder Técnico Front-end – Headless Commerce,,scraped,2026-07-08T07:33:02.162155,
8a9e30999c6919d4,https://uy.linkedin.com/jobs/view/profesional-o-estudiante-de-ingenier%C3%ADa-el%C3%A9ctrica-electr%C3%B3nica-electrotecnia-at-estilo-srl-4434582059,Profesional o Estudiante de Ingeniería Eléctrica/Electrónica/Electrotecnia,Estilo SRL,posted,2026-07-08T07:33:19.843399,339
88d1059b9a655dc0,https://uy.linkedin.com/jobs/view/growth-marketer-at-the-flex-4436778453,Growth Marketer,,scraped,2026-07-08T07:33:22.463410,
90fcb339b67784b9,https://uy.linkedin.com/jobs/view/jefe-a-de-planta-%E2%80%93-panader%C3%ADa-y-confiter%C3%ADa-maldonado-at-el-dorado-4438138328,Jefe/a de Planta – Panadería y Confitería (Maldonado),,scraped,2026-07-08T07:33:31.245227,
65e0297a513af785,https://uy.linkedin.com/jobs/view/scrum-master-remote-work-at-bairesdev-4436824262,Scrum Master - Remote Work,BairesDev,posted,2026-07-08T07:33:47.289139,341
09bd7079e9e5ecc3,https://uy.linkedin.com/jobs/view/backend-developer-uruguay-at-anyone-ai-4436158399,Backend Developer (Uruguay),Anyone AI,posted,2026-07-08T07:34:02.791670,343
5ae8b64e777dca12,https://uy.linkedin.com/jobs/view/sports-betting-settlement-operator-at-altenar-4436371725,Sports Betting Settlement Operator,,scraped,2026-07-08T07:34:07.422054,
40bdb95eded38e64,https://uy.linkedin.com/jobs/view/simagro-responsable-de-sucursal-paysand%C3%BA-at-advice-uruguay-4433708696,SIMAGRO: Responsable de sucursal Paysandú,,scraped,2026-07-08T07:34:16.666471,
059cb29b70fcb77d,https://uy.linkedin.com/jobs/view/r%C3%A9pondez-%C3%A0-des-enqu%C3%AAtes-de-chez-vous-pendant-votre-temps-libre-%21-studentjob-ch-at-jobster-4436555106,Répondez à des enquêtes de chez vous pendant votre temps libre ! - Studentjob.ch,,scraped,2026-07-08T07:34:31.835124,
26384e53448cb01c,https://uy.linkedin.com/jobs/view/vendedor-a-sattva-at-sattva-4433962592,Vendedor/a Sattva,,scraped,2026-07-08T07:34:51.530226,
8b20ef8428beaf82,https://uy.linkedin.com/jobs/view/visualization-artist-at-slantis-4434602972,Visualization Artist,slantis,posted,2026-07-08T07:35:08.580316,345
0ac2ecd40a2a5ca6,https://uy.linkedin.com/jobs/view/auxiliar-administrativo-at-experis-uruguay-4434549617,Auxiliar administrativo,,scraped,2026-07-08T07:35:13.204431,
f0cfa7939bc0aa5a,https://uy.linkedin.com/jobs/view/senior-systems-engineer-para-relocalizarse-en-montevideo-uruguay-at-experis-argentina-4437866167,"Senior Systems Engineer para relocalizarse en Montevideo, Uruguay",,scraped,2026-07-08T07:35:22.452224,
73d59763962d8996,https://uy.linkedin.com/jobs/view/asistente-en-odontolog%C3%ADa-con-t%C3%ADtulo-para-cl%C3%ADnica-odontol%C3%B3gica-at-euro-4438118976,"Asistente en odontología, con título  para clínica odontológica.",Euro,posted,2026-07-08T07:35:42.282647,347
734e7c6930a9de1b,https://uy.linkedin.com/jobs/view/delivery-specialist-at-o-reilly-auto-parts-4408239974,Delivery Specialist,O'Reilly Auto Parts,posted,2026-07-08T07:35:52.441891,349
6b6ea26ff7db3592,https://uy.linkedin.com/jobs/view/microsoft-biztalk-azure-developer-architect-remote-at-twoconnect-microsoft-azure-integration-biztalk-logic-apps-consulting-migration-support-4437867306,Microsoft BizTalk & Azure Developer / Architect (Remote),"TwoConnect: Microsoft Azure Integration, BizTalk, Logic Apps Consulting, Migration &amp; Support.",posted,2026-07-08T07:36:07.288707,351
54cc12ec6718deb9,https://uy.linkedin.com/jobs/view/contador-senior-outsourcing-zona-franca-at-andersen-in-uruguay-4432779911,Contador Senior - Outsourcing Zona Franca,Andersen in Uruguay,posted,2026-07-08T07:36:26.968235,353
63df49a7dd456f7f,https://uy.linkedin.com/jobs/view/crm-manager-monetization-remote-work-at-bairesdev-4436823008,CRM Manager - Monetization - Remote Work,BairesDev,posted,2026-07-08T07:36:42.380042,355
bc98a62882e3be3e,https://uy.linkedin.com/jobs/view/aws-cloud-engineer-at-bigcheese-4435819617,AWS Cloud Engineer,,scraped,2026-07-08T07:36:45.006902,
de7ac8af749b6898,https://uy.linkedin.com/jobs/view/encargado-de-tienda-adidas-minas-at-sunfer-4435211668,Encargado de Tienda Adidas Minas,,scraped,2026-07-08T07:36:52.548758,
f2829a9d0a077649,https://uy.linkedin.com/jobs/view/voip-engineer-remote-at-telnyx-4400600188,VoIP Engineer - Remote,Telnyx,posted,2026-07-08T07:37:09.997496,269
2afff971effb85e8,https://uy.linkedin.com/jobs/view/quality-assurance-engineer-at-lightspeed-dms-4426360020,Quality Assurance Engineer,Lightspeed DMS,posted,2026-07-08T07:37:20.258926,357
d4880947eb6abf17,https://uy.linkedin.com/jobs/view/document-specialist-data-center-construction-projects-at-turner-townsend-4385970001,"Document Specialist, Data Center - Construction Projects",,scraped,2026-07-08T07:37:22.865514,
472af18f9156d1d0,https://uy.linkedin.com/jobs/view/spi-aoi-process-engineer-bilingual-mandarin-at-foxconn-industrial-internet-fii-4436285504,SPI / AOI Process Engineer (Bilingual Mandarin),Foxconn Industrial Internet - FII,posted,2026-07-08T07:37:37.120900,359
809c14c35329152c,https://uy.linkedin.com/jobs/view/senior-business-analyst-insurance-regulatory-specialist-at-globallogic-4434655665,Senior Business Analyst - Insurance Regulatory Specialist,GlobalLogic,posted,2026-07-08T07:37:46.382152,361
8f36c8d5b006ae3a,https://www.linkedin.com/jobs/view/4879/,1Ksg Jobs in United States,,failed|wp_post_failed,2026-07-08T07:37:50.071786,
2511fbd47ca084e6,https://uy.linkedin.com/jobs/view/talent-network-marketing-specialist-at-toptal-4427647060,Talent Network: Marketing Specialist,Toptal,posted,2026-07-08T07:38:05.341642,363
110c3fd1b29b9070,https://uy.linkedin.com/jobs/view/jefe-de-producci%C3%B3n-at-luk-hr-4433714162,Jefe de producción,,scraped,2026-07-08T07:38:09.811357,
e868d98ce7dafe54,https://uy.linkedin.com/jobs/view/psic%C3%B3logo-tcc-cognitivo-conductual-at-quiero-una-sesi%C3%B3n-4434569955,Psicólogo TCC Cognitivo Conductual,,scraped,2026-07-08T07:38:22.179830,
0202acbb4376e376,https://uy.linkedin.com/jobs/view/senior-systems-engineer-at-worldquant-4377091408,Senior Systems Engineer,WorldQuant,posted,2026-07-08T07:38:39.468098,365
992978b8bb4b9025,https://uy.linkedin.com/jobs/view/director-a-t%C3%A9cnico-a-qu%C3%ADmico-farmac%C3%A9utico-at-friedman-4432706324,Director/a Técnico/a Químico Farmacéutico,,scraped,2026-07-08T07:38:41.866498,
13b6cb9f904bedb1,https://uy.linkedin.com/jobs/view/site-reliability-engineer-core-infrastructure-at-kraken-4426973362,Site Reliability Engineer - Core Infrastructure,Kraken,posted,2026-07-08T07:38:56.692705,367
3679304aba5a2036,https://uy.linkedin.com/jobs/view/ai-machine-learning-engineer-remote-latin-america-at-fullstack-4371020557,AI Machine Learning Engineer - Remote - Latin America,FullStack,posted,2026-07-08T07:39:01.702485,239
704d887daf882632,https://uy.linkedin.com/jobs/view/senior-marketing-analyst-strategy-analytics-at-toptal-4437464225,"Senior Marketing Analyst, Strategy & Analytics",Toptal,posted,2026-07-08T07:39:12.234186,369
16ce1edbfc6cd761,https://uy.linkedin.com/jobs/view/sr-android-developer-at-pento-4434551901,Sr. Android Developer,,scraped,2026-07-08T07:39:32.884777,
dc4780da3bfe115a,https://uy.linkedin.com/jobs/view/principal-engineer-cyberbank-core-at-galileo-financial-technologies-4436863788,"Principal Engineer, Cyberbank Core",Galileo Financial Technologies,posted,2026-07-08T07:39:45.594902,371
c721c192a63e6dcb,https://uy.linkedin.com/jobs/view/principal-data-engineer-remote-latin-america-at-fullstack-4436422747,Principal Data Engineer - Remote - Latin America,FullStack,posted,2026-07-08T07:40:20.417619,99
23c434190ff054b3,https://uy.linkedin.com/jobs/view/agentic-aws-devops-engineer-remote-latin-america-at-fullstack-4407580794,Agentic AWS DevOps Engineer - Remote - Latin America,FullStack,posted,2026-07-08T07:40:25.463114,51
b588c22a23b65281,https://uy.linkedin.com/jobs/view/encargado-a-de-sector-hogar-decoraci%C3%B3n-y-textiles-at-divino-sa-4436874771,"Encargado/a de sector hogar, decoración y textiles",,scraped,2026-07-08T15:57:54.282667,
c326d76f46ca54de,https://uy.linkedin.com/jobs/view/recepcionista-administrativo-a-facilities-fixed-term-at-southbay-4436235233,Recepcionista Administrativo/a & Facilities (Fixed Term),,scraped,2026-07-08T15:58:01.266846,
d68fa39245d3ff22,https://uy.linkedin.com/jobs/view/asistente-de-servicios-al-cliente-at-metlife-4438123624,Asistente de Servicios al Cliente,MetLife,posted,2026-07-08T15:58:20.431231,373
7d9f8d85b0e4fae0,https://uy.linkedin.com/jobs/view/administrativa-con-conocimiento-en-despacho-de-aduana-at-work-office-4438128622,Administrativa con conocimiento en Despacho de Aduana,,scraped,2026-07-08T15:58:25.043135,
88fd69ba6928a5cc,https://uy.linkedin.com/jobs/view/auxiliar-administrativo-con-conocimientos-en-comex-at-el-rey-del-entretenimiento-4438139259,Auxiliar administrativo con conocimientos en Comex,,scraped,2026-07-08T15:58:37.468618,
c3f831a51e9c255b,https://uy.linkedin.com/jobs/view/senior-accountant-controller-full-charge-at-retrouvai-llc-4434816331,Senior Accountant / Controller (Full-Charge),Retrouvai LLC,posted,2026-07-08T15:58:49.740091,375
b06d71dd9f227277,https://uy.linkedin.com/jobs/view/operador-de-centro-de-gesti%C3%B3n-at-ciemsa-4438131532,Operador de Centro de Gestión,,scraped,2026-07-08T15:59:16.425845,
3fa05e8c9ce471ec,https://uy.linkedin.com/jobs/view/analista-de-compras-at-sodimac-4427078617,Analista de Compras,,scraped,2026-07-08T15:59:27.113900,
8ef88e7cd4922c2d,https://uy.linkedin.com/jobs/view/sre-support-analyst-at-sparq-4437877006,SRE Support Analyst,Sparq,posted,2026-07-08T15:59:42.206475,377
0d864e1fc7580b5c,https://uy.linkedin.com/jobs/view/director-a-de-entidad-de-certificaci%C3%B3n-iso-at-staregister-international-management-system-certification-4435049514,Director/a de Entidad de Certificación ISO,"STAREGISTER International, Management System Certification",posted,2026-07-08T15:59:53.614425,379
11e47792ac282891,https://uy.linkedin.com/jobs/view/especialista-en-e-commerce-at-virbac-4437044466,Especialista en e-commerce,,scraped,2026-07-08T15:59:56.228820,
7b55fa7c6473f03f,https://uy.linkedin.com/jobs/view/t%C3%A9cnico-herrero-at-work-office-4436157499,Técnico Herrero,,scraped,2026-07-08T16:00:08.114837,
0cc1e3b93f804864,https://uy.linkedin.com/jobs/view/asistente-de-reclutamiento-y-selecci%C3%B3n-at-manpowergroup-uruguay-4433708280,Asistente de Reclutamiento y Selección,,scraped,2026-07-08T16:00:14.557216,
9d8eb0139c3aaa8e,https://uy.linkedin.com/jobs/view/contador-a-con-experiencia-at-lagom-asesores-4433713362,Contador/a con experiencia,,scraped,2026-07-08T16:00:21.117376,
1de351056407b286,https://uy.linkedin.com/jobs/view/dibujante-modelador-bim-at-rudolpharq-4433982001,Dibujante / Modelador BIM,,scraped,2026-07-08T16:00:33.071372,
35a91943de306b01,https://uy.linkedin.com/jobs/view/mechanic-4433184838,Mechanic,Metalurgica RIM SRL,posted,2026-07-08T16:00:44.511845,381
b669c939440662f2,https://uy.linkedin.com/jobs/view/virtual-assistant-at-cs-outsource-4435792983,Virtual Assistant,CS Outsource,posted,2026-07-08T16:00:56.979479,383
0b61c076b1ae6c2d,https://uy.linkedin.com/jobs/view/office-based-call-center-agent-maldonado-uruguay-at-srr-group-4436868448,"Office-based_Call Center Agent (Maldonado, Uruguay)",SRR Group,posted,2026-07-08T16:01:22.018365,385
77ba7807b3667e93,https://uy.linkedin.com/jobs/view/head-of-sales-at-the-studio-4435449665,Head of Sales,THE/STUDIO,posted,2026-07-08T16:01:51.671419,387
488ba4860d865dee,https://uy.linkedin.com/jobs/view/auxiliar-administrativo-contable-at-multipack-4436918375,Auxiliar Administrativo Contable,,scraped,2026-07-08T16:01:56.281044,
f609a85836d7969b,https://uy.linkedin.com/jobs/view/microsoft-biztalk-azure-developer-architect-at-twoconnect-microsoft-azure-integration-biztalk-logic-apps-consulting-migration-support-4437867306,Microsoft BizTalk & Azure Developer/Architect,"TwoConnect: Microsoft Azure Integration, BizTalk, Logic Apps Consulting, Migration &amp; Support.",posted,2026-07-08T16:02:13.456211,389
11fc01f8b66e5641,https://uy.linkedin.com/jobs/view/t%C3%A9cnico-electromec%C3%A1nico-industrial-%E2%80%93-ciudad-de-la-costa-at-work-office-4436978528,Técnico Electromecánico Industrial – Ciudad de la Costa,,scraped,2026-07-08T16:02:16.060833,
d77e47c15bfa3080,https://uy.linkedin.com/jobs/view/data-governance-analyst-senior-at-scanntech-uruguay-4438212566,Data Governance Analyst Senior,,scraped,2026-07-08T16:02:42.365550,
ca59f8ddb62f74f3,https://uy.linkedin.com/jobs/view/ai-machine-learning-engineer-remote-latin-america-at-fullstack-4371027423,AI Machine Learning Engineer - Remote - Latin America,FullStack,posted,2026-07-08T16:03:03.747619,239
72b1f1cb1140aae1,https://uy.linkedin.com/jobs/view/agentic-elixir-engineer-remote-latin-america-at-fullstack-4388203395,Agentic Elixir Engineer - Remote - Latin America,FullStack,posted,2026-07-08T16:03:10.876171,101
22dd73c5ece060fe,https://uy.linkedin.com/jobs/view/operations-assistant-at-cs-outsource-4435266341,Operations Assistant,CS Outsource,posted,2026-07-08T16:03:19.335891,391
12d2a82061266d2d,https://uy.linkedin.com/jobs/view/pasante-de-laboratorio-at-tk-elevator-4435254078,Pasante de Laboratorio,,scraped,2026-07-08T16:03:22.072791,
002e3b00e0bc293f,https://uy.linkedin.com/jobs/view/sr-de-contabilidad-y-sueldos-at-oxygeno-4434564968,Sr de Contabilidad y Sueldos,,scraped,2026-07-08T16:04:14.876037,
f3102b3b23dd6e2d,https://uy.linkedin.com/jobs/view/territory-sales-manager-%E2%80%93-uruguay-at-stark-future-sl-4434824739,Territory Sales Manager – Uruguay,,scraped,2026-07-08T16:04:23.605246,
c2063781950683be,https://uy.linkedin.com/jobs/view/asistente-de-postventa-at-nova-construcciones-4436151766,Asistente de Postventa,,scraped,2026-07-08T16:04:30.683942,
d2212addac33629b,https://uy.linkedin.com/jobs/view/vendedor-territorial-b2b-colonia-del-sacramento-at-talenter-4436874895,Vendedor Territorial B2B -Colonia del Sacramento,,scraped,2026-07-08T16:04:37.796189,
00f6fcf48f27b22a,https://uy.linkedin.com/jobs/view/senior-aws-engineer-at-sparq-4429785920,Senior AWS Engineer,Sparq,posted,2026-07-08T16:05:03.603002,393
948ca9b02cca3487,https://uy.linkedin.com/jobs/view/ingeniero-civil-junior-at-prota-4434853450,Ingeniero Civil Junior,,scraped,2026-07-08T16:05:08.235546,
d9cfa7b78a8f5bcb,https://www.linkedin.com/jobs/view/4815/,"1,000+Storage System Engineer Jobs in United States",,failed|wp_post_failed,2026-07-08T16:05:26.310737,
8dea3ba772ab5465,https://uy.linkedin.com/jobs/view/senior-full-stack-developer-netsuite-suitecommerce-shopify-at-unlockcommerce-4434563773,Senior Full Stack Developer: NetSuite SuiteCommerce & Shopify,UnlockCommerce,posted,2026-07-08T16:05:42.303309,395
6d2ffa4c24547e22,https://uy.linkedin.com/jobs/view/senior-software-engineer-zone-procure-at-zone-co-4437844619,"Senior Software Engineer, Zone Procure",Zone & Co,posted,2026-07-08T16:05:54.644223,397
71feb5133d402953,https://uy.linkedin.com/jobs/view/proyectista-mecanico-at-frontmatec-asuan-s-a-4433978274,Proyectista Mecanico,,scraped,2026-07-08T16:05:57.295124,
35164e27f7d3ef47,https://uy.linkedin.com/jobs/view/solutions-engineer-at-kinamic-4434576634,Solutions Engineer,,scraped,2026-07-08T16:06:25.339276,
bd7485e936d0b8e8,https://uy.linkedin.com/jobs/view/full-stack-developer-react-redux-at-perform-4384073988,Full Stack Developer (React/Redux),Perform,posted,2026-07-08T16:06:41.169604,399
548873a4689560ed,https://uy.linkedin.com/jobs/view/senior-full-stack-net-angular-developer-at-sparq-4408026518,Senior Full Stack (.NET/Angular) Developer,Sparq,posted,2026-07-08T16:06:53.458105,401
48c438d31a4aba81,https://uy.linkedin.com/jobs/view/vendedor-a-costa-urbana-part-time-at-divino-sa-4436879523,Vendedor/a Costa Urbana Part Time,,scraped,2026-07-08T16:07:00.072096,
8b2ce1c08025184b,https://uy.linkedin.com/jobs/view/ingeniero-mec%C3%A1nico-senior-at-csi-4436363271,Ingeniero Mecánico Senior,,scraped,2026-07-08T16:07:07.393514,
1ad40a0f144419c6,https://uy.linkedin.com/jobs/view/senior-java-engineer-at-kinamic-4434858603,Senior Java Engineer,,scraped,2026-07-08T16:07:20.104100,
b6af3e51bca4de9e,https://uy.linkedin.com/jobs/view/docente-para-la-c%C3%A1tedra-de-sistemas-de-informaci%C3%B3n-at-universidad-ort-uruguay-4434551110,Docente para la Cátedra de Sistemas de Información,Universidad ORT Uruguay,posted,2026-07-08T16:07:50.636409,403
46e9660ec1b23744,https://uy.linkedin.com/jobs/view/it-recruiter-people-operations-specialist-at-hndevs-4434547457,IT Recruiter & People Operations Specialist,HNDevs,posted,2026-07-08T20:43:54.554603,405
3e9aeae4174195a1,https://uy.linkedin.com/jobs/view/sports-analyst-at-sportradar-4434557543,Sports Analyst,,scraped,2026-07-08T20:44:01.276848,
804631c3ae397fd2,https://uy.linkedin.com/jobs/view/corporate-travel-specialist-at-internova-global-services-4429115571,Corporate Travel Specialist,Internova Global Services,posted,2026-07-08T20:44:47.832447,115
d494ff9dbbc65498,https://uy.linkedin.com/jobs/view/economic-studies-leader-at-techint-engineering-construction-4434873548,Economic Studies Leader,,scraped,2026-07-08T20:45:02.519971,
13647935524bb041,https://uy.linkedin.com/jobs/view/docente-para-curso-desarrollador-full-stack-at-instituto-bios-4434866740,Docente para curso Desarrollador Full Stack,,scraped,2026-07-08T20:45:16.004426,
e489807106d59c97,https://uy.linkedin.com/jobs/view/operario-de-almac%C3%A9n-con-conocimientos-administrativos-at-hinkediker-4434865956,Operario de almacén con conocimientos administrativos,Hinkediker,posted,2026-07-08T20:45:31.220162,407
c36d37a1b0b3d070,https://uy.linkedin.com/jobs/view/auxiliar-de-dep%C3%B3sitos-4434842913,Auxiliar de depósitos,Laurito store,posted,2026-07-08T20:45:39.338877,409
8d95f613b0954266,https://uy.linkedin.com/jobs/view/ux-ui-designer-at-the-flex-4436370886,UX/UI Designer,,scraped,2026-07-08T20:45:58.030758,
b56c244475043fe9,https://uy.linkedin.com/jobs/view/technical-project-manager-at-sunnydata-4438292799,Technical Project Manager,SunnyData,posted,2026-07-08T20:46:16.514313,411
83881448b5e567d6,https://uy.linkedin.com/jobs/view/analista-de-ti-at-zurich-santander-insurance-america-4434870498,Analista de TI,Zurich Santander Insurance America,posted,2026-07-08T20:46:31.391869,413
168470269fa2d19e,https://uy.linkedin.com/jobs/view/client-associate-at-ubs-4427777021,Client Associate,UBS,posted,2026-07-08T20:46:47.425827,415
fbcf0a5f0fb74333,https://uy.linkedin.com/jobs/view/customer-success-at-zonamerica-4432798460,Customer Success,,scraped,2026-07-08T20:46:52.058503,
2084366fea928720,https://uy.linkedin.com/jobs/view/t%C3%A9cnico-comercial-junior-at-talent-hr-uruguay-4434559338,Técnico comercial junior,,scraped,2026-07-08T20:47:00.539514,
0d7b7451fd5f228b,https://uy.linkedin.com/jobs/view/auxiliar-contable-para-hotel-en-punta-carretas-montevideo-at-methodo-servicios-profesionales-en-rr-hh-4434585567,"AUXILIAR CONTABLE PARA HOTEL en Punta Carretas , Montevideo.",,scraped,2026-07-08T20:47:07.207675,
fad8fec73c5c80ae,https://uy.linkedin.com/jobs/view/account-manager-at-maps-solutions-4395841918,Account Manager,Maps Solutions,posted,2026-07-08T20:47:23.154724,417
37ae5452be18253c,https://uy.linkedin.com/jobs/view/customer-service-analyst-at-pacific-international-lines-pte-ltd-4430730924,Customer Service Analyst,Pacific International Lines (PTE) Ltd,posted,2026-07-08T20:47:37.275916,313
685da7c43015eb17,https://uy.linkedin.com/jobs/view/jefe-a-de-ti-at-experis-uruguay-4434531856,Jefe/a de TI,,scraped,2026-07-08T20:47:57.880232,
afbff2f992260cc2,https://uy.linkedin.com/jobs/view/office-of-the-ceo-analyst-remote-work-at-bairesdev-4436846985,Office of the CEO Analyst - Remote Work,BairesDev,posted,2026-07-08T20:48:28.117504,419
6f249274b3168185,https://uy.linkedin.com/jobs/view/founding-forward-deployed-engineer-at-deel-4434875321,Founding Forward-Deployed Engineer,Deel,posted,2026-07-08T20:48:38.448455,421
deb0dc729478e73c,https://uy.linkedin.com/jobs/view/agentic-elixir-engineer-remote-latin-america-at-fullstack-4388210051,Agentic Elixir Engineer - Remote - Latin America,FullStack,posted,2026-07-08T20:48:52.013333,101
b6d54d652316edf8,https://uy.linkedin.com/jobs/view/sr-leisure-travel-advisor-at-internova-global-services-4438295230,Sr. Leisure Travel Advisor,Internova Global Services,posted,2026-07-08T20:49:40.805228,423
6b015061ae984e51,https://uy.linkedin.com/jobs/view/senior-technical-program-manager-remote-work-at-bairesdev-4437314107,Senior Technical Program Manager - Remote Work,BairesDev,posted,2026-07-08T20:49:52.887918,425
48a468f11b62db7f,https://uy.linkedin.com/jobs/view/desarrollador-typescript-trabajo-remoto-at-bairesdev-4437088533,Desarrollador TypeScript - Trabajo Remoto,BairesDev,posted,2026-07-08T20:50:04.095658,427
46ff05fc45f550da,https://uy.linkedin.com/jobs/view/android-engineer-ai-ml-remote-work-at-bairesdev-4436817388,"Android Engineer, AI/ML - Remote Work",BairesDev,posted,2026-07-08T20:50:12.091478,429
a2bb8f0fc958a166,https://uy.linkedin.com/jobs/view/senior-security-scrum-master-remote-work-at-bairesdev-4437311210,Senior Security Scrum Master - Remote Work,BairesDev,posted,2026-07-08T20:50:23.147333,431
2f08a18fbcfe9974,https://uy.linkedin.com/jobs/view/operador-a-de-cosecha-jr-at-upm-4437885847,Operador/a de Cosecha Jr,,scraped,2026-07-08T20:50:33.494792,
d2cdab533ff4d896,https://uy.linkedin.com/jobs/view/creador-de-contenidos-auxiliar-marketing-at-acqualife-4434544341,Creador de Contenidos / Auxiliar Marketing,,scraped,2026-07-08T20:50:46.213838,
ac5071e38554d043,https://uy.linkedin.com/jobs/view/intelligent-logistics-engineer-at-zonamerica-4434592195,Intelligent Logistics Engineer,,scraped,2026-07-08T20:51:00.671603,
6ccedd3a7c088317,https://uy.linkedin.com/jobs/view/ecommerce-and-erp-developer-at-all-of-the-things-4434883246,ECommerce and ERP Developer,,scraped,2026-07-08T20:51:19.006658,
f02202e2faebfa0e,https://uy.linkedin.com/jobs/view/senior-back-end-developer-node-express-js-at-worldly-4438122713,Senior Back-End Developer (Node/Express.js),Worldly,posted,2026-07-08T20:51:37.836573,433
e137f903c4c9ee57,https://uy.linkedin.com/jobs/view/psic%C3%B3logo-at-quiero-una-sesi%C3%B3n-4434852518,Psicólogo,,scraped,2026-07-08T20:51:46.477101,
e3d9f59640f83e16,https://uy.linkedin.com/jobs/view/fullstack-developer-node-react-at-kinamic-4434853823,Fullstack Developer (Node/React),,scraped,2026-07-08T20:52:10.551045,
6614229985757ffb,https://uy.linkedin.com/jobs/view/bookkeeper-hospitality-industry-at-howard-4437851904,Bookkeeper (Hospitality Industry),Howard,posted,2026-07-08T20:52:24.580725,435
0a09c55fd57d016e,https://uy.linkedin.com/jobs/view/arquitecto-de-proyecto-bim-at-covearch-4434887240,Arquitecto de Proyecto BIM,,scraped,2026-07-08T20:52:29.233700,
501ee61f51ae0db4,https://uy.linkedin.com/jobs/view/sr-principal-consultant-netsuite-%E2%80%93-advertising-media-publishing-at-oracle-4434590687,"Sr. Principal Consultant, Netsuite – Advertising, Media & Publishing",Oracle,posted,2026-07-08T20:52:51.260862,437
7be242d4bef151d0,https://uy.linkedin.com/jobs/view/fullstack-developer-senior-python-django-%2B-react-remote-latin-america-at-bluelight-4437870140,"Fullstack Developer (Senior) - Python (Django) + React - Remote, Latin America",Bluelight,posted,2026-07-08T20:53:26.411031,267
1f4944a4eb10003c,https://uy.linkedin.com/jobs/view/fullstack-java-%2B-react-technical-leader-trabajo-remoto-at-bairesdev-4436821965,FullStack Java + React Technical Leader - Trabajo Remoto,BairesDev,posted,2026-07-08T20:53:36.056298,439
a85a6f234f08dedf,https://uy.linkedin.com/jobs/view/ssr-machine-learning-engineer-at-pento-4434874078,SSr. Machine Learning Engineer,,scraped,2026-07-08T20:53:42.745508,
a563e66a31563368,https://uy.linkedin.com/jobs/view/senior-messaging-platform-sre-en-at-cae-4434580811,Senior Messaging Platform SRE-EN,CAE,posted,2026-07-08T20:53:58.059644,441
50d41bfcb7ac9ad9,https://uy.linkedin.com/jobs/view/marine-interdiction-agent-at-u-s-customs-and-border-protection-4438221956,Marine Interdiction Agent,U.S. Customs and Border Protection,posted,2026-07-09T10:34:42.446675,443
6047d09a092a3de4,https://uy.linkedin.com/jobs/view/staffing-fronters-consultant-remote-work-at-bairesdev-4437089284,Staffing Fronters Consultant - Remote Work,BairesDev,posted,2026-07-09T10:34:50.816766,445
49b8f45616367a30,https://uy.linkedin.com/jobs/view/data-conversion-specialist-at-lightspeed-dms-4427390101,Data Conversion Specialist,Lightspeed DMS,posted,2026-07-09T10:35:03.590346,447
28ded5681086c883,https://uy.linkedin.com/jobs/view/gmp-technician-at-sbm-management-services-lp-4345970280,GMP Technician,"SBM Management Services, LP",posted,2026-07-09T10:35:12.399788,103
dcb0c1ffaa115a38,https://uy.linkedin.com/jobs/view/vendedor-territorial-b2b-durazno-at-talenter-4436882481,Vendedor Territorial B2B - Durazno,,scraped,2026-07-09T10:35:27.008197,
e86ea50b74e3aed7,https://uy.linkedin.com/jobs/view/senior-accountant-full-charge-at-retrouvai-llc-4434816331,Senior Accountant (Full-Charge),Retrouvai LLC,posted,2026-07-09T10:35:48.839806,449
62b7b548af7c76bf,https://uy.linkedin.com/jobs/view/graphic-design-executive-at-koin-limited-4438251723,Graphic Design Executive,,scraped,2026-07-09T10:35:55.458693,
019cd47e11520f7a,https://uy.linkedin.com/jobs/view/operations-coordinator-at-the-auctus-group-4437736923,Operations Coordinator,The Auctus Group,posted,2026-07-09T10:36:09.587249,451
b99ea10da0106094,https://uy.linkedin.com/jobs/view/sales-support-representative-at-ledefyl-4434885950,Sales Support Representative,Ledefyl,posted,2026-07-09T10:36:36.269072,453
722d4557a3a6394b,https://uy.linkedin.com/jobs/view/sap-developer-irc298625-at-globallogic-4437305448,SAP Developer IRC298625,GlobalLogic,posted,2026-07-09T10:36:49.360841,455
2be894bdde9cad87,https://uy.linkedin.com/jobs/view/auxiliar-de-infraestructura-at-ciemsa-4438562396,Auxiliar de Infraestructura,,scraped,2026-07-09T10:37:13.952831,
95c1ef5a45f1d262,https://uy.linkedin.com/jobs/view/lvn-full-time-at-pikes-peak-post-acute-4438550464,LVN- Full Time,Pikes Peak Post Acute,posted,2026-07-09T10:37:27.948848,457
23f0c531690fbc68,https://uy.linkedin.com/jobs/view/project-architect-at-slantis-4437318057,Project Architect,slantis,posted,2026-07-09T10:37:37.223916,459
68ba2532e07fe236,https://uy.linkedin.com/jobs/view/ingenier%C3%ADa-de-datos-at-ita%C3%BA-uruguay-4433721015,Ingeniería de datos,Itaú Uruguay,posted,2026-07-09T10:37:51.494369,461
edb7d2fe4d3b0328,https://uy.linkedin.com/jobs/view/product-manager-senior-antifraude-at-koin-4433982689,Product Manager Senior - Antifraude,,scraped,2026-07-09T10:37:54.189735,
23391d47d77fdadd,https://uy.linkedin.com/jobs/view/principal-data-architect-at-sparq-4429232256,Principal Data Architect,Sparq,posted,2026-07-09T10:38:06.432054,463
06528c0a45a288a3,https://uy.linkedin.com/jobs/view/arquitecto-proyecto-ejecutivo-ref-pe26-at-g%C3%B3mez-platero-4434847695,Arquitecto Proyecto Ejecutivo (Ref. PE26),,scraped,2026-07-09T10:38:11.135395,
1b7069fe150b7d72,https://uy.linkedin.com/jobs/view/physical-therapy-asst-ft-at-pikes-peak-post-acute-4438125202,Physical Therapy Asst.- FT,Pikes Peak Post Acute,posted,2026-07-09T10:38:28.217042,465
8423b5f06abf2ccc,https://uy.linkedin.com/jobs/view/portfolio-manager-freelance-ai-trainer-at-mindrift-4438208197,Portfolio Manager - Freelance AI Trainer,Mindrift,posted,2026-07-09T10:38:38.281048,467
a8e667eb104d845e,https://uy.linkedin.com/jobs/view/compliance-analyst-freelance-ai-trainer-at-mindrift-4438601416,Compliance Analyst - Freelance AI Trainer,Mindrift,posted,2026-07-09T10:38:43.138322,127
e76b8c712ba4af89,https://uy.linkedin.com/jobs/view/mortgage-underwriter-freelance-ai-trainer-at-mindrift-4438199545,Mortgage Underwriter - Freelance AI Trainer,Mindrift,posted,2026-07-09T10:38:51.009897,469
58f3a4ecdd8e3413,https://uy.linkedin.com/jobs/view/project-manager-remote-work-at-bairesdev-4437055804,Project Manager - Remote Work,BairesDev,posted,2026-07-09T10:39:37.549447,471
306cfcdd702c0eba,https://uy.linkedin.com/jobs/view/tech-lead-sanity-cms-remote-latin-america-at-fullstack-4427104667,Tech Lead (Sanity CMS) - Remote - Latin America,FullStack,posted,2026-07-09T10:39:42.538629,95
f116a00a14d797f5,https://uy.linkedin.com/jobs/view/freelance-data-scraping-engineer-python-at-mindrift-4438182346,Freelance Data Scraping Engineer (Python),Mindrift,posted,2026-07-09T10:39:50.239153,473
533bce41d81e4ce4,https://uy.linkedin.com/jobs/view/especialista-en-marketing-digital-at-passcard-4434897033,Especialista en marketing digital,,scraped,2026-07-09T10:39:52.939273,
0f88e976c454cc5c,https://uy.linkedin.com/jobs/view/investments-finance-lead-relocate-to-cyprus-eu-%F0%9F%92%BC%F0%9F%8C%8D-at-remote-sharks-4434877454,Investments & Finance Lead - Relocate to Cyprus (EU) 💼🌍,,scraped,2026-07-09T10:40:00.467526,
8527b52418d81c24,https://uy.linkedin.com/jobs/view/regional-demand-planning-at-specialized-bicycle-components-4344977947,Regional Demand Planning,Specialized Bicycle Components,posted,2026-07-09T10:40:35.080825,475
f4db2a12d3eed8b5,https://uy.linkedin.com/jobs/view/data-governance-analyst-ssr-at-scanntech-uruguay-4438221053,Data Governance Analyst Ssr,,scraped,2026-07-09T10:40:39.770299,
dd4f68e540cb4abe,https://uy.linkedin.com/jobs/view/escribano-publico-at-fine-country-4435667876,Escribano publico,,scraped,2026-07-09T18:32:28.041224,
455d69935258a3b7,https://uy.linkedin.com/jobs/view/infrastructure-engineer-infra-engineering-at-deel-4435911080,Infrastructure Engineer - Infra Engineering,Deel,posted,2026-07-09T18:32:48.439911,477
f6e9ab26c764262b,https://uy.linkedin.com/jobs/view/auditor-interno-at-farmashop-4435683287,Auditor interno,,scraped,2026-07-09T18:32:59.086059,
c6eed44e0580b5f0,https://uy.linkedin.com/jobs/view/data-engineer-remote-latin-america-at-fullstack-4430138158,Data Engineer - Remote - Latin America,FullStack,posted,2026-07-09T18:33:18.019171,479
88d040aba9410134,https://uy.linkedin.com/jobs/view/analista-business-intelligence-at-divino-sa-4437335267,Analista Business Intelligence,,scraped,2026-07-09T18:33:20.634629,
9761a6fbe4a604d0,https://uy.linkedin.com/jobs/view/operations-finance-lead-montevideo-canelones-at-inchcape-am%C3%A9ricas-4438627451,Operations Finance Lead - Montevideo/Canelones,Inchcape Américas,posted,2026-07-09T18:33:51.638623,481
4fa016fe81c56533,https://uy.linkedin.com/jobs/view/jefe-a-comercial-para-empresa-de-servicios-at-manpowergroup-uruguay-4434847249,Jefe/a Comercial | Para empresa de servicios,,scraped,2026-07-09T18:33:54.231601,
86b8493097ee4702,https://uy.linkedin.com/jobs/view/office-based-call-center-agent-paysand%C3%BA-uruguay-at-srr-group-4436868544,"Office-based_Call Center Agent (Paysandú, Uruguay)",SRR Group,posted,2026-07-09T18:34:09.682776,483
9e48a657098f0f58,https://uy.linkedin.com/jobs/view/architecture-lead-at-bbva-en-uruguay-4417781648,ARCHITECTURE LEAD,BBVA en Uruguay,posted,2026-07-09T18:34:25.247333,485
728d80d39e54f730,https://uy.linkedin.com/jobs/view/asistente-t%C3%A9cnico-de-presupuestaci%C3%B3n-vial-at-berkes-group-4437570430,Asistente técnico de presupuestación - vial,,scraped,2026-07-09T18:34:39.849270,
e20c64916ab51e11,https://uy.linkedin.com/jobs/view/auxiliar-de-taller-y-log%C3%ADstica-at-lema-carpinter%C3%ADa-4435699441,Auxiliar de Taller y logística,Lema Carpintería,posted,2026-07-09T18:35:08.160507,487
42a598f0335a9220,https://uy.linkedin.com/jobs/view/administrativo-a-contable-at-grant-thornton-uruguay-4435901395,Administrativo/a contable,,scraped,2026-07-09T18:35:14.763668,
8b1409cd9ba87395,https://uy.linkedin.com/jobs/view/ai-senior-support-engineer-at-altoros-4438211709,AI Senior Support Engineer,Altoros,posted,2026-07-09T18:35:34.532026,489
2508cbf78e248168,https://uy.linkedin.com/jobs/view/oficial-de-mantenimiento-maldonado-at-tienda-inglesa-4438553910,Oficial de Mantenimiento - Maldonado,Tienda Inglesa,posted,2026-07-09T18:35:59.366594,491
4c90129e3e12fc00,https://uy.linkedin.com/jobs/view/software-engineer-backend-at-mercado-libre-4435683802,Software Engineer Backend,,scraped,2026-07-09T18:36:04.003334,
848c0409d85a71e6,https://uy.linkedin.com/jobs/view/urgente-agentes-junior-comercio-exterior-y-logistica-4434576768,URGENTE AGENTES JUNIOR COMERCIO EXTERIOR Y LOGISTICA,MCS Confidencial,posted,2026-07-09T18:36:26.635527,493
712ace4ea3069968,https://uy.linkedin.com/jobs/view/social-media-manager-at-oxygeno-4437554332,Social Media Manager,,scraped,2026-07-09T18:36:31.291887,
b8eec25b8c24b3a0,https://uy.linkedin.com/jobs/view/chofer-para-horario-vespertino-y-nocturno-at-b-b-remises-srl-4437579709,Chofer - Para horario Vespertino y nocturno,,scraped,2026-07-09T18:36:39.902136,
c3f889ea6f1d450e,https://uy.linkedin.com/jobs/view/ret%C3%A9n-para-cadena-retail-%E2%80%93-montevideo-at-iber-4438556821,Retén para cadena retail – Montevideo,,scraped,2026-07-09T18:36:48.367276,
bfe516ceb96c794a,https://uy.linkedin.com/jobs/view/job-mit-sinn-dialoger-m-w-d-80-%E2%80%93-100%25-chf-210-tag-fix-%2B-bonus-studentjob-ch-at-jobster-4437510392,Job mit Sinn: Dialoger (m/w/d) (80 – 100%) CHF 210.-/Tag fix + Bonus - Studentjob.ch,,scraped,2026-07-09T18:36:57.590795,
26e43e1b7cf8974e,https://uy.linkedin.com/jobs/view/encargado-de-marketing-at-t-con-uruguay-%C2%AE-4435602542,Encargado de marketing,,scraped,2026-07-09T18:37:04.741265,
bc409f9db93f4584,https://uy.linkedin.com/jobs/view/analista-de-infraestructura-at-master-sales-group-4435673702,Analista de infraestructura,,scraped,2026-07-09T18:37:14.980859,
7f9b3e5ff6ad2c48,https://uy.linkedin.com/jobs/view/analista-de-recursos-humanos-at-randstad-uruguay-4434573140,Analista de Recursos Humanos,,scraped,2026-07-09T18:37:22.009923,
71cdb52fe432d924,https://uy.linkedin.com/jobs/view/software-developer-solution-7-at-zone-co-4415502710,"Software Developer, Solution 7",Zone &amp; Co,posted,2026-07-09T18:37:52.718229,495
232625841c7806ce,https://uy.linkedin.com/jobs/view/data-engineer-remote-latin-america-at-fullstack-4430130956,Data Engineer - Remote - Latin America,FullStack,posted,2026-07-09T18:38:20.821368,479
3ae606ee62350aba,https://uy.linkedin.com/jobs/view/full-stack-developer-java-%2B-kotlin-%2B-react-remote-latin-america-at-fullstack-4438670529,Full Stack Developer (Java + Kotlin + React) - Remote - Latin America,FullStack,posted,2026-07-09T18:38:52.576928,497
0a2c852a6eb6e8c6,https://uy.linkedin.com/jobs/view/smartphone-task-expert-%246-hr-remote-at-crossing-hurdles-4437550238,Smartphone Task Expert | $6/hr Remote,Crossing Hurdles,posted,2026-07-09T18:39:09.808037,499
b5d331260bdcb394,https://uy.linkedin.com/jobs/view/finance-business-partner-ai-trainer-at-dataannotation-4438674884,Finance Business Partner - AI Trainer,DataAnnotation,posted,2026-07-09T18:39:18.026093,501
ad3dcb82e95e22dd,https://uy.linkedin.com/jobs/view/vp-strategy-m-a-ai-trainer-at-dataannotation-4438666944,VP Strategy & M&A - AI Trainer,DataAnnotation,posted,2026-07-09T18:39:31.420398,503
fb858fc917790ebe,https://uy.linkedin.com/jobs/view/it-support-technician-%E2%80%93-tier-ii-at-lightspeed-dms-4434879272,IT Support Technician – Tier II,Lightspeed DMS,posted,2026-07-09T18:39:55.319089,505
8550aa93691e067a,https://uy.linkedin.com/jobs/view/support-specialist-6-month-contract-at-cover-genius-4419556359,Support Specialist (6-month contract),Cover Genius,posted,2026-07-09T18:40:23.050642,507
8dcf860d34160f9b,https://uy.linkedin.com/jobs/view/head-of-corporate-finance-ai-trainer-at-dataannotation-4438672840,Head of Corporate Finance - AI Trainer,DataAnnotation,posted,2026-07-09T18:40:37.508418,509
443c3eac79e286bd,https://uy.linkedin.com/jobs/view/vp-finance-ai-trainer-at-dataannotation-4438686191,VP Finance - AI Trainer,DataAnnotation,posted,2026-07-09T18:40:53.907019,511
b0d7a85e51bd191e,https://uy.linkedin.com/jobs/view/consolidation-analyst-at-ricoh-latin-america-inc-4436253255,Consolidation Analyst,Ricoh LATAM,posted,2026-07-09T18:40:59.356942,151
170e2b6deb70a41e,https://uy.linkedin.com/jobs/view/ingeniero-de-procesos-at-somil-s-a-4434866881,Ingeniero de procesos,SOMIL S.A.,posted,2026-07-09T18:41:16.168777,513
131d10b3b7d0c9b8,https://uy.linkedin.com/jobs/view/qa-automation-sdet-%2B-java-technical-leader-trabajo-remoto-at-bairesdev-4436824055,QA Automation/SDET + Java Technical Leader - Trabajo Remoto,BairesDev,posted,2026-07-09T18:41:28.914868,515
5708e46bfb78a5fa,https://uy.linkedin.com/jobs/view/asesor-comercial-inmobiliario-at-idea-consultores-4433711244,Asesor Comercial Inmobiliario,,scraped,2026-07-09T18:41:35.280469,
57772a99bcc3b335,https://uy.linkedin.com/jobs/view/team-lead-claims-at-cover-genius-4438544396,"Team Lead, Claims",Cover Genius,posted,2026-07-09T18:42:06.715330,517
c682b19b91f5e7e9,https://uy.linkedin.com/jobs/view/t%C3%A9cnico-a-prevencionista-stl-depot-at-montse-perera-consultor%C3%ADa-y-transformaci%C3%B3n-organizacional-4433723279,Técnico(a) Prevencionista - STL DEPOT,,scraped,2026-07-09T18:42:09.354599,
f4080d1f7d67804f,https://uy.linkedin.com/jobs/view/finance-associate-ai-trainer-at-dataannotation-4438685242,Finance Associate - AI Trainer,DataAnnotation,posted,2026-07-09T18:42:37.605962,519
1e268b0017591d69,https://uy.linkedin.com/jobs/view/heimarbeit-homeoffice-mit-online-umfragen-geld-verdienen-von-%C3%BCberall%21-studentjob-ch-at-jobster-4437518021,Heimarbeit / Homeoffice: Mit online-Umfragen Geld verdienen von überall! - Studentjob.ch,,scraped,2026-07-09T18:42:42.146869,
1bb4c40401187248,https://uy.linkedin.com/jobs/view/finance-analyst-ai-trainer-at-dataannotation-4438677611,Finance Analyst - AI Trainer,DataAnnotation,posted,2026-07-09T18:43:00.822828,521
9a3aea3d49b53c7f,https://uy.linkedin.com/jobs/view/assistant-portfolio-manager-ai-trainer-at-dataannotation-4438684238,Assistant Portfolio Manager - AI Trainer,DataAnnotation,posted,2026-07-09T18:43:13.532710,523
165f900214d9f36d,https://uy.linkedin.com/jobs/view/director-of-credit-research-ai-trainer-at-dataannotation-4438678568,Director of Credit Research - AI Trainer,DataAnnotation,posted,2026-07-09T18:43:21.762857,525
73472e3c3e05910b,https://uy.linkedin.com/jobs/view/closer-ai-trainer-at-dataannotation-4438675792,Closer - AI Trainer,DataAnnotation,posted,2026-07-09T18:43:30.675346,527
35ceb83579b5350c,https://uy.linkedin.com/jobs/view/corporate-strategy-manager-ai-trainer-at-dataannotation-4438675766,Corporate Strategy Manager - AI Trainer,DataAnnotation,posted,2026-07-09T18:43:40.778282,529
6708dcf2c6b7cba5,https://uy.linkedin.com/jobs/view/financial-analyst-ai-trainer-at-dataannotation-4438675789,Financial Analyst - AI Trainer,DataAnnotation,posted,2026-07-09T18:43:55.513673,531
ef80081ce1c7f289,https://uy.linkedin.com/jobs/view/managing-partner-ai-trainer-at-dataannotation-4438688045,Managing Partner - AI Trainer,DataAnnotation,posted,2026-07-09T18:44:05.086704,533
d39fdc127b817ece,https://uy.linkedin.com/jobs/view/senior-financial-analyst-ai-trainer-at-dataannotation-4438673818,Senior Financial Analyst - AI Trainer,DataAnnotation,posted,2026-07-09T18:44:17.909649,535
ecd937b22e4948ad,https://uy.linkedin.com/jobs/view/investment-analyst-ai-trainer-at-dataannotation-4438681341,Investment Analyst - AI Trainer,DataAnnotation,posted,2026-07-09T18:44:28.706249,537
2c46a6a4da4be51b,https://uy.linkedin.com/jobs/view/senior-automation-qa-engineer-vue-js-%2B-cms-at-n-ix-4437062433,Senior Automation QA Engineer (Vue.js + CMS),,scraped,2026-07-09T18:44:31.315501,
16767b7a591c74a6,https://uy.linkedin.com/jobs/view/von-zuhause-geld-verdienen%3F-es-war-nie-einfacher%21-homeoffice-studentjob-ch-at-jobster-4437522291,Von Zuhause Geld verdienen? Es war nie einfacher! Homeoffice - Studentjob.ch,,scraped,2026-07-09T18:44:37.612490,
406b7f22ba1a5c27,https://uy.linkedin.com/jobs/view/fixed-income-trader-ai-trainer-at-dataannotation-4438680432,Fixed Income Trader - AI Trainer,DataAnnotation,posted,2026-07-09T18:44:57.802531,539
83ffa5a272a7a57b,https://uy.linkedin.com/jobs/view/nebenjob-%E2%80%93-home-office-mit-umfragen-geld-verdienen%21-einfach-von-zuhause-oder-unterwegs-studentjob-ch-at-jobster-4437537272,Nebenjob – Home Office: Mit Umfragen Geld verdienen! Einfach von zuhause oder unterwegs - Studentjob.ch,,scraped,2026-07-09T18:45:02.393674,
f2c3db8b86cf5e6e,https://uy.linkedin.com/jobs/view/buy-side-analyst-ai-trainer-at-dataannotation-4438684218,Buy-Side Analyst - AI Trainer,DataAnnotation,posted,2026-07-09T18:45:20.343136,541
5dd6e4eb17a5a873,https://uy.linkedin.com/jobs/view/gesucht-teilnehmer-f%C3%BCr-bezahlte-studien-studentjob-ch-at-jobster-4437504844,Gesucht: Teilnehmer für bezahlte Studien - Studentjob.ch,,scraped,2026-07-09T18:45:22.875671,
e656a54f41a3c131,https://uy.linkedin.com/jobs/view/wealth-advisor-ai-trainer-at-dataannotation-4438678564,Wealth Advisor - AI Trainer,DataAnnotation,posted,2026-07-09T18:45:42.068458,543
e680157d7e5dfaba,https://uy.linkedin.com/jobs/view/venture-capital-analyst-ai-trainer-at-dataannotation-4438677626,Venture Capital Analyst - AI Trainer,DataAnnotation,posted,2026-07-09T18:46:05.466302,545
f3471bab04c6acb5,https://uy.linkedin.com/jobs/view/institutional-sales-associate-ai-trainer-at-dataannotation-4438675769,Institutional Sales Associate - AI Trainer,DataAnnotation,posted,2026-07-09T18:46:17.263767,547
232f80a9a63dbea0,https://uy.linkedin.com/jobs/view/chief-underwriting-officer-ai-trainer-at-dataannotation-4438687086,Chief Underwriting Officer - AI Trainer,DataAnnotation,posted,2026-07-09T18:46:30.870815,549
03e6dc22fa86d2c7,https://uy.linkedin.com/jobs/view/consumer-credit-analyst-ai-trainer-at-dataannotation-4438672848,Consumer Credit Analyst - AI Trainer,DataAnnotation,posted,2026-07-09T18:46:47.729294,551
82784694ac0b9001,https://uy.linkedin.com/jobs/view/investment-strategist-ai-trainer-at-dataannotation-4438676715,Investment Strategist - AI Trainer,DataAnnotation,posted,2026-07-09T18:47:04.915655,553
c7e9dd09a2b41c6e,https://uy.linkedin.com/jobs/view/credit-analyst-ai-trainer-at-dataannotation-4438678577,Credit Analyst - AI Trainer,DataAnnotation,posted,2026-07-09T18:47:16.409775,555
84cb8e0c4d56ebf5,https://uy.linkedin.com/jobs/view/distressed-debt-analyst-ai-trainer-at-dataannotation-4438678603,Distressed Debt Analyst - AI Trainer,DataAnnotation,posted,2026-07-09T18:47:31.784938,557
8e4d12d7565644e1,https://uy.linkedin.com/jobs/view/fp-a-analyst-ai-trainer-at-dataannotation-4438671838,FP&A Analyst - AI Trainer,DataAnnotation,posted,2026-07-09T18:47:45.490733,559
eda9fefd4b93b521,https://uy.linkedin.com/jobs/view/dise%C3%B1ador-gr%C3%A1fico-at-casa-jorge-s-r-l-4434558163,Diseñador gráfico,Casa Jorge S.R.L.,posted,2026-07-09T18:48:00.388230,561
b2bc4ee02965fd6b,https://uy.linkedin.com/jobs/view/fullstack-ai-engineer-at-blend-4431729654,Fullstack AI Engineer,Blend,posted,2026-07-09T18:48:19.570530,563
bb92436f0611ecdd,https://uy.linkedin.com/jobs/view/sports-data-collector-football-treinta-y-tres-uruguay-at-genius-sports-4427379530,"Sports Data Collector (Football) - Treinta y Tres, Uruguay",,scraped,2026-07-09T18:48:23.976661,
3918f845f77a0072,https://uy.linkedin.com/jobs/view/software-development-engineer-in-test-sdet-%E2%80%93-web3-remote-work-at-bairesdev-4437086181,Software Development Engineer in Test (SDET) – Web3 - Remote Work,BairesDev,posted,2026-07-09T18:48:42.861293,565
11b7d5cafd3cbd5e,https://uy.linkedin.com/jobs/view/sales-executive-for-campus-live-remote-work-at-bairesdev-4437094408,Sales Executive for Campus Live - Remote Work,BairesDev,posted,2026-07-09T18:48:54.483690,567
ace50c959906f579,https://uy.linkedin.com/jobs/view/private-equity-analyst-ai-trainer-at-dataannotation-4438673825,Private Equity Analyst - AI Trainer,DataAnnotation,posted,2026-07-09T18:49:04.865353,569
e50eab0875972651,https://uy.linkedin.com/jobs/view/credit-manager-ai-trainer-at-dataannotation-4438682295,Credit Manager - AI Trainer,DataAnnotation,posted,2026-07-09T18:49:17.420437,571
067d3ea068e29532,https://uy.linkedin.com/jobs/view/vp-commercial-lending-ai-trainer-at-dataannotation-4438667977,VP Commercial Lending - AI Trainer,DataAnnotation,posted,2026-07-09T18:49:25.693995,573
8183cf785191e814,https://uy.linkedin.com/jobs/view/director-real-estate-finance-ai-trainer-at-dataannotation-4438686179,Director Real Estate Finance - AI Trainer,DataAnnotation,posted,2026-07-09T18:49:39.493324,575
8fda903d28fa2589,https://uy.linkedin.com/jobs/view/m-a-analyst-ai-trainer-at-dataannotation-4438670910,M&A Analyst - AI Trainer,DataAnnotation,posted,2026-07-09T18:49:49.803032,577
c01f342dbadfcce4,https://uy.linkedin.com/jobs/view/corporate-travel-and-mobility-agent-remote-work-at-bairesdev-4436840536,Corporate Travel and Mobility Agent - Remote Work,BairesDev,posted,2026-07-09T18:49:58.729074,579
8fa9af12661f84d4,https://uy.linkedin.com/jobs/view/investment-counselor-ai-trainer-at-dataannotation-4438667983,Investment Counselor - AI Trainer,DataAnnotation,posted,2026-07-09T18:50:09.797370,581
b8d087278fb1c13b,https://uy.linkedin.com/jobs/view/research-analyst-ai-trainer-at-dataannotation-4438685234,Research Analyst - AI Trainer,DataAnnotation,posted,2026-07-09T18:50:19.761737,583
ce3ae4e034b7a498,https://uy.linkedin.com/jobs/view/verdiene-geld-mit-deinen-meinungen-%E2%80%93-flexibler-nebenjob-f%C3%BCr-studenten%21-studentjob-ch-at-jobster-4437509898,Verdiene Geld mit deinen Meinungen – Flexibler Nebenjob für Studenten! - Studentjob.ch,,scraped,2026-07-09T18:50:22.259048,
42f42a9cf602a57f,https://uy.linkedin.com/jobs/view/chief-investment-officer-ai-trainer-at-dataannotation-4438686192,Chief Investment Officer - AI Trainer,DataAnnotation,posted,2026-07-09T18:50:36.683216,585
f07059da49cc2db8,https://uy.linkedin.com/jobs/view/purchasing-coordinator-ai-trainer-at-dataannotation-4438679574,Purchasing Coordinator - AI Trainer,DataAnnotation,posted,2026-07-09T18:50:48.153983,587
19a84005170d1a62,https://uy.linkedin.com/jobs/view/regional-banking-director-ai-trainer-at-dataannotation-4438667975,Regional Banking Director - AI Trainer,DataAnnotation,posted,2026-07-09T18:51:00.961475,589
1cfce5bd37a42f31,https://uy.linkedin.com/jobs/view/director-of-lending-ai-trainer-at-dataannotation-4438672876,Director of Lending - AI Trainer,DataAnnotation,posted,2026-07-09T18:51:11.491696,591
a9734f2bbe9bf55f,https://uy.linkedin.com/jobs/view/head-of-sales-trading-ai-trainer-at-dataannotation-4438688068,Head of Sales & Trading - AI Trainer,DataAnnotation,posted,2026-07-09T18:51:24.831793,593
3c28e8aa021ea253,https://uy.linkedin.com/jobs/view/ecm-associate-ai-trainer-at-dataannotation-4438677616,ECM Associate - AI Trainer,DataAnnotation,posted,2026-07-09T18:51:39.451999,595
8a510f561da51f90,https://uy.linkedin.com/jobs/view/corporate-development-associate-ai-trainer-at-dataannotation-4438678576,Corporate Development Associate - AI Trainer,DataAnnotation,posted,2026-07-09T18:51:47.521606,597
f287f20c4ab198af,https://uy.linkedin.com/jobs/view/dcm-vice-president-ai-trainer-at-dataannotation-4438685231,DCM Vice President - AI Trainer,DataAnnotation,posted,2026-07-09T18:51:57.040232,599
06bcb8c6524e7550,https://uy.linkedin.com/jobs/view/principal-ai-trainer-at-dataannotation-4438689051,Principal - AI Trainer,DataAnnotation,posted,2026-07-09T18:52:06.111058,601
ad0913dad4b5c1cd,https://uy.linkedin.com/jobs/view/m-a-associate-ai-trainer-at-dataannotation-4438685218,M&A Associate - AI Trainer,DataAnnotation,posted,2026-07-09T18:52:16.220045,603
ed6c4bc4aa4cbd75,https://uy.linkedin.com/jobs/view/sales-trading-associate-ai-trainer-at-dataannotation-4438668962,Sales & Trading Associate - AI Trainer,DataAnnotation,posted,2026-07-09T18:52:24.849520,605
45c526c81d8ee11d,https://uy.linkedin.com/jobs/view/retail-banking-product-manager-ai-trainer-at-dataannotation-4438674882,Retail Banking Product Manager - AI Trainer,DataAnnotation,posted,2026-07-09T18:52:33.164201,607
2aad6e7e89ce62b7,https://uy.linkedin.com/jobs/view/equity-research-associate-ai-trainer-at-dataannotation-4438682297,Equity Research Associate - AI Trainer,DataAnnotation,posted,2026-07-09T18:52:48.534886,609
a25d1e2e86fc28b5,https://uy.linkedin.com/jobs/view/underwriting-manager-ai-trainer-at-dataannotation-4438690003,Underwriting Manager - AI Trainer,DataAnnotation,posted,2026-07-09T18:53:02.140817,611
80a35595f8422c07,https://uy.linkedin.com/jobs/view/fund-manager-ai-trainer-at-dataannotation-4438684235,Fund Manager - AI Trainer,DataAnnotation,posted,2026-07-09T18:53:16.348338,613
10eb21a62a589026,https://uy.linkedin.com/jobs/view/m-a-integration-manager-ai-trainer-at-dataannotation-4438685249,M&A Integration Manager - AI Trainer,DataAnnotation,posted,2026-07-09T18:53:24.974971,615
27d8c8e2e86cfa89,https://uy.linkedin.com/jobs/view/director-of-credit-risk-ai-trainer-at-dataannotation-4438682281,Director of Credit Risk - AI Trainer,DataAnnotation,posted,2026-07-09T18:53:41.308425,617
f65cd716c372133f,https://uy.linkedin.com/jobs/view/t%C3%A9l%C3%A9travail-r%C3%A9pondez-%C3%A0-des-sondages-studentjob-ch-at-jobster-4437509459,Télétravail: Répondez à des sondages - Studentjob.ch,,scraped,2026-07-09T18:53:45.859895,
1b616f75a5ef5a2f,https://uy.linkedin.com/jobs/view/psic%C3%B3logo-a-laboral-sr-at-kaizen-consulting-4435676384,PSICÓLOGO/A LABORAL SR.,,scraped,2026-07-09T18:53:52.824969,
c3f62c01779c8075,https://uy.linkedin.com/jobs/view/corporate-debt-origination-associate-ai-trainer-at-dataannotation-4438677641,Corporate Debt Origination Associate - AI Trainer,DataAnnotation,posted,2026-07-09T18:54:24.573418,619
590eaf1709bbfe99,https://uy.linkedin.com/jobs/view/dcm-associate-ai-trainer-at-dataannotation-4438669909,DCM Associate - AI Trainer,DataAnnotation,posted,2026-07-09T18:54:35.817927,621
ece49a1f8fab57de,https://uy.linkedin.com/jobs/view/cash-management-analyst-ai-trainer-at-dataannotation-4438685222,Cash Management Analyst - AI Trainer,DataAnnotation,posted,2026-07-09T18:54:51.954451,623
bc407c4153df5d9e,https://uy.linkedin.com/jobs/view/underwriter-ai-trainer-at-dataannotation-4438686194,Underwriter - AI Trainer,DataAnnotation,posted,2026-07-09T18:55:09.063559,625
9ba406983981936c,https://uy.linkedin.com/jobs/view/asset-management-analyst-ai-trainer-at-dataannotation-4438674848,Asset Management Analyst - AI Trainer,DataAnnotation,posted,2026-07-09T18:55:21.729715,627
60d6563bc6d373d4,https://uy.linkedin.com/jobs/view/heimarbeit-verdiene-geld-mit-umfragen-in-der-marktforschung-studentjob-ch-at-jobster-4437511414,Heimarbeit -Verdiene Geld mit Umfragen in der MARKTFORSCHUNG - Studentjob.ch,,scraped,2026-07-09T18:55:24.256988,
b20530ad74331fd7,https://uy.linkedin.com/jobs/view/estamos-buscando-consultoras-de-belleza-independientes-4435901379,Estamos buscando consultoras de belleza independientes.,Glamour,posted,2026-07-09T18:55:43.350346,629
a0631df17306de75,https://uy.linkedin.com/jobs/view/sagen-sie-es%21-teilen-sie-ihre-erkenntnisse-mit%21-umfragen-durchf%C3%BChren-und-geld-verdienen%21-m-w-d-studentjob-ch-at-jobster-4437533305,Sagen Sie es! Teilen Sie Ihre Erkenntnisse mit! Umfragen durchführen und Geld verdienen! (m/w/d) - Studentjob.ch,,scraped,2026-07-09T18:55:47.814682,
4dc7d65206e10792,https://uy.linkedin.com/jobs/view/empleada-dom%C3%A9stica-con-actividades-de-cocina-at-net2source-n2s-4437875874,Empleada Doméstica con actividades de cocina,Net2Source Inc.,posted,2026-07-09T18:56:06.988600,631
2ca208a02ba261df,https://uy.linkedin.com/jobs/view/netsuite-developer-at-internova-global-services-4419491394,NetSuite Developer,Internova Global Services,posted,2026-07-09T18:56:59.102369,633
50911bd8b60be136,https://uy.linkedin.com/jobs/view/fullstack-developer-senior-python-django-%2B-react-remote-latin-america-at-bluelight-4437851913,"Fullstack Developer (Senior) - Python (Django) + React - Remote, Latin America",Bluelight,posted,2026-07-09T18:57:05.030679,267
d11e92451d9312fe,https://uy.linkedin.com/jobs/view/senior-actuary-ai-trainer-at-dataannotation-4438684209,Senior Actuary - AI Trainer,DataAnnotation,posted,2026-07-09T18:57:26.488519,635
abed1c637176c952,https://uy.linkedin.com/jobs/view/alternative-investments-analyst-ai-trainer-at-dataannotation-4438679575,Alternative Investments Analyst - AI Trainer,DataAnnotation,posted,2026-07-09T18:57:42.476167,637
e49ef216c2603615,https://uy.linkedin.com/jobs/view/derivatives-analyst-ai-trainer-at-dataannotation-4438670895,Derivatives Analyst - AI Trainer,DataAnnotation,posted,2026-07-09T18:57:53.224294,639
228b5c8a1a899e6a,https://uy.linkedin.com/jobs/view/actuarial-analyst-ai-trainer-at-dataannotation-4438685206,Actuarial Analyst - AI Trainer,DataAnnotation,posted,2026-07-09T18:58:01.450786,641
aa904bf1fa29566b,https://uy.linkedin.com/jobs/view/investment-risk-analyst-ai-trainer-at-dataannotation-4438687119,Investment Risk Analyst - AI Trainer,DataAnnotation,posted,2026-07-09T18:58:10.652948,643
7960b1d5f53fd0e9,https://uy.linkedin.com/jobs/view/asset-allocation-analyst-ai-trainer-at-dataannotation-4438682294,Asset Allocation Analyst - AI Trainer,DataAnnotation,posted,2026-07-09T18:58:24.792963,645
90f06259c6090078,https://uy.linkedin.com/jobs/view/enqu%C3%AAteur-pour-des-sondages-en-ligne-t%C3%A9l%C3%A9travail-h-f-studentjob-ch-at-jobster-4437525286,Enquêteur pour des sondages en ligne - télétravail H/F - Studentjob.ch,,scraped,2026-07-09T18:58:27.372296,
fc3475b0d0bc5c9a,https://uy.linkedin.com/jobs/view/flexibler-nebenjob-f%C3%BCr-studenten-25-50-chf-h-w-m-d-studentjob-ch-at-jobster-4437519453,Flexibler Nebenjob für Studenten (25-50 CHF/h) (w/m/d) - Studentjob.ch,,scraped,2026-07-09T18:58:34.136352,
7f5af84e74401011,https://uy.linkedin.com/jobs/view/homeoffice-mit-online-umfragen-geld-verdienen-von-%C3%BCberall%21-studentjob-ch-at-jobster-4437534428,Homeoffice: Mit online-Umfragen Geld verdienen von überall! - Studentjob.ch,,scraped,2026-07-09T18:58:40.834704,
e74664d499109aa4,https://uy.linkedin.com/jobs/view/panelteilnehmer-in-%E2%80%93-askgfk-schweiz-studentjob-ch-at-jobster-4437548081,Panelteilnehmer:in – askGfK Schweiz - Studentjob.ch,,scraped,2026-07-09T18:58:47.577133,
d3c0e1e0479f8bd4,https://uy.linkedin.com/jobs/view/full-stack-developer-java-%2B-kotlin-%2B-react-remote-latin-america-at-fullstack-4438666610,Full Stack Developer (Java + Kotlin + React) - Remote - Latin America,FullStack,posted,2026-07-09T18:58:59.467300,497
81edf66e38c9bf15,https://uy.linkedin.com/jobs/view/agentic-elixir-engineer-remote-latin-america-at-fullstack-4388209084,Agentic Elixir Engineer - Remote - Latin America,FullStack,posted,2026-07-09T18:59:05.142703,101
29480b18eeebe57b,https://uy.linkedin.com/jobs/view/full-stack-developer-java-%2B-kotlin-%2B-react-remote-latin-america-at-fullstack-4438660902,Full Stack Developer (Java + Kotlin + React) - Remote - Latin America,FullStack,posted,2026-07-09T18:59:15.316046,497
ad92776b7e5a2250,https://uy.linkedin.com/jobs/view/full-stack-developer-java-%2B-kotlin-%2B-react-remote-latin-america-at-fullstack-4438660903,Full Stack Developer (Java + Kotlin + React) - Remote - Latin America,FullStack,posted,2026-07-09T18:59:21.238484,497
afc93f7370562fbc,https://uy.linkedin.com/jobs/view/full-stack-developer-java-%2B-kotlin-%2B-react-remote-latin-america-at-fullstack-4438671488,Full Stack Developer (Java + Kotlin + React) - Remote - Latin America,FullStack,posted,2026-07-09T18:59:26.559179,497
0cb927bc94c1fa23,https://uy.linkedin.com/jobs/view/relevador-merchandiser-at-scanntech-uruguay-4438804657,Relevador / Merchandiser,,scraped,2026-07-10T00:06:16.730400,
2c64366324a98dcd,https://uy.linkedin.com/jobs/view/asesor-de-servicios-al-cliente-para-piscinas-del-este-at-kaizen-consulting-4435682270,ASESOR DE SERVICIOS AL CLIENTE para PISCINAS DEL ESTE,,scraped,2026-07-10T00:07:38.980950,
675119015af8679f,https://uy.linkedin.com/jobs/view/office-based-call-center-agent-montevideo-uruguay-at-srr-group-4436856626,"Office-based_Call Center Agent (Montevideo, Uruguay)",SRR Group,posted,2026-07-10T00:07:55.628990,647
1b4c2abc406a1934,https://uy.linkedin.com/jobs/view/supervisor-a-comercial-canal-distribuidores-at-randstad-4434878656,Supervisor/a  Comercial - canal distribuidores,,scraped,2026-07-10T00:08:00.283556,
1955e39e5f9de814,https://uy.linkedin.com/jobs/view/controller-financiero-a-senior-montevideo-canelones-at-inchcape-am%C3%A9ricas-4438630206,Controller Financiero/a Senior - Montevideo/Canelones,Inchcape Américas,posted,2026-07-10T00:08:16.324694,649
7ad1ada0b6461e9c,https://uy.linkedin.com/jobs/view/learning-development-specialist-instructional-designer-uruguay-at-omniaccess-4427360856,Learning & Development Specialist - Instructional Designer (Uruguay),,scraped,2026-07-10T00:08:24.997319,
e6c389975b36b0de,https://uy.linkedin.com/jobs/view/escribano-a-junior-sede-carrasco-at-posadas-4435683251,ESCRIBANO/A JUNIOR (SEDE CARRASCO),,scraped,2026-07-10T00:08:32.862830,
16577817391315e2,https://uy.linkedin.com/jobs/view/data-engineer-remote-latin-america-at-fullstack-4430141109,Data Engineer - Remote - Latin America,FullStack,posted,2026-07-10T00:08:44.289148,479
7a1ed45023078b93,https://uy.linkedin.com/jobs/view/operador-a-de-sistema-de-enfriamiento-de-agua-at-teyma-4434850289,Operador/a de Sistema de Enfriamiento de Agua,,scraped,2026-07-10T00:08:48.957063,
19815e986ac359e3,https://uy.linkedin.com/jobs/view/qa-analyst-at-internova-travel-group-4435699088,QA Analyst,Internova Travel Group,posted,2026-07-10T00:09:03.041723,651
c80d09979ea8883d,https://uy.linkedin.com/jobs/view/application-support-engineer-turnos-nocturnos-e-intermedios-at-evertec-4437916132,Application Support Engineer | Turnos nocturnos e intermedios,Evertec,posted,2026-07-10T00:09:18.749935,653
c92731769affb8bf,https://uy.linkedin.com/jobs/view/spanish-content-editing-expert-remote-at-yo-it-consulting-4436029112,Spanish Content Editing Expert - Remote,,scraped,2026-07-10T00:09:21.490533,
277df99e0035b438,https://uy.linkedin.com/jobs/view/soporte-nivel-2-de-aplicaciones-de-negocio-at-sofka-technologies-4437550429,Soporte Nivel 2 de Aplicaciones de Negocio,Sofka Technologies,posted,2026-07-10T00:10:45.951143,655
a0ac21f0d6947044,https://uy.linkedin.com/jobs/view/part-time-video-editor-at-ottomatik-io-4435425557,Part-Time Video Editor,Ottomatik.io,posted,2026-07-10T00:12:01.879531,657
20718d38e5510d6b,https://uy.linkedin.com/jobs/view/asistente-t%C3%A9cnico-gerenciamiento-construcci%C3%B3n-at-varesi-arquitectos-4435919136,Asistente Técnico Gerenciamiento Construcción,,scraped,2026-07-10T00:12:06.524199,
4e408a84d17d7b35,https://uy.linkedin.com/jobs/view/customer-support-specialist-freelance-ai-trainer-at-mindrift-4438629186,Customer Support Specialist - Freelance AI Trainer,Mindrift,posted,2026-07-10T00:13:33.025354,659
f07c6d5915bcdb6b,https://uy.linkedin.com/jobs/view/recepcionista-administrativa-con-ingl%C3%A9s-avanzado-carrasco-at-manpowergroup-uruguay-4434858066,Recepcionista administrativa con Inglés avanzado (Carrasco),,scraped,2026-07-10T00:13:43.680755,
a256252be09cbdb7,https://uy.linkedin.com/jobs/view/asesor-a-de-ventas-at-en-la-mano-4436986126,Asesor/a de ventas,,scraped,2026-07-10T00:14:54.333151,
3ab2c5fa5193e58e,https://uy.linkedin.com/jobs/view/regional-vegetables-commercial-finance-lead-latam-at-syngenta-4438680889,Regional Vegetables Commercial Finance Lead LATAM,,scraped,2026-07-10T00:15:03.037410,
da51345c6381a3ca,https://uy.linkedin.com/jobs/view/analista-junior-de-comercio-exterior-at-brendisol-4434565190,Analista Junior de Comercio Exterior,,scraped,2026-07-10T00:15:09.751138,
6c844b269a3aea14,https://uy.linkedin.com/jobs/view/analista-funcional-at-pormel-s-a-4435905785,Analista Funcional,Pormel S.A.,posted,2026-07-10T00:15:27.126914,661
5b34e8cae37a9fbc,https://uy.linkedin.com/jobs/view/ejecutivo-comercial-at-belljoie-beauty-prestige-4301422117,Ejecutivo comercial,Belljoie Beauty &amp; Prestige,posted,2026-07-10T00:16:00.439876,663
9641eed669124817,https://uy.linkedin.com/jobs/view/operations-manager-at-cs-outsource-4437588352,Operations Manager,CS Outsource,posted,2026-07-10T00:16:39.435437,665
dec725a2df4105be,https://uy.linkedin.com/jobs/view/data-engineer-at-internova-global-services-4429996918,Data Engineer,Internova Global Services,posted,2026-07-10T00:17:22.955123,41
17c1441464ffb8b8,https://uy.linkedin.com/jobs/view/it-support-technician-%E2%80%93-tier-i-at-lightspeed-dms-4434876384,IT Support Technician – Tier I,Lightspeed DMS,posted,2026-07-10T00:17:45.463828,667
f9f081774c88c3bf,https://uy.linkedin.com/jobs/view/hedge-fund-analyst-ai-trainer-at-dataannotation-4438672835,Hedge Fund Analyst - AI Trainer,DataAnnotation,posted,2026-07-10T00:18:17.868314,669
5d4cfc19567ca0e4,https://uy.linkedin.com/jobs/view/general-partner-ai-trainer-at-dataannotation-4438670885,General Partner - AI Trainer,DataAnnotation,posted,2026-07-10T00:18:30.500477,671
91f8b15d2dafa178,https://uy.linkedin.com/jobs/view/vc-associate-ai-trainer-at-dataannotation-4438670917,VC Associate - AI Trainer,DataAnnotation,posted,2026-07-10T00:18:39.573803,673
321fafb1f9562f5f,https://uy.linkedin.com/jobs/view/finance-manager-ai-trainer-at-dataannotation-4438670915,Finance Manager - AI Trainer,DataAnnotation,posted,2026-07-10T00:18:49.272407,675
1f252a08f63a2e7b,https://uy.linkedin.com/jobs/view/director-treasury-operations-ai-trainer-at-dataannotation-4438666966,Director Treasury Operations - AI Trainer,DataAnnotation,posted,2026-07-10T00:18:57.870497,677
fe2f5e158a0f972d,https://uy.linkedin.com/jobs/view/fp-a-director-ai-trainer-at-dataannotation-4438688063,FP&A Director - AI Trainer,DataAnnotation,posted,2026-07-10T00:19:06.588763,679
846f4d57608c0421,https://uy.linkedin.com/jobs/view/managing-director-wealth-management-ai-trainer-at-dataannotation-4438678591,Managing Director Wealth Management - AI Trainer,DataAnnotation,posted,2026-07-10T00:19:14.924249,681
0b1cd04b714c32d3,https://uy.linkedin.com/jobs/view/operations-coordinator-at-cs-outsource-4437308706,Operations Coordinator,CS Outsource,posted,2026-07-10T00:19:19.889949,451
6203ad08f73bee2d,https://uy.linkedin.com/jobs/view/investment-operations-analyst-ai-trainer-at-dataannotation-4438670913,Investment Operations Analyst - AI Trainer,DataAnnotation,posted,2026-07-10T00:19:32.687461,683
c975ecc7efb18cb9,https://uy.linkedin.com/jobs/view/vp-commercial-banking-ai-trainer-at-dataannotation-4438681344,VP Commercial Banking - AI Trainer,DataAnnotation,posted,2026-07-10T00:19:41.525689,685
7e5b33b8bab2ea06,https://uy.linkedin.com/jobs/view/ejecutivo-a-comercial-at-nexum-consulting-4435665905,Ejecutivo/a Comercial,,scraped,2026-07-10T00:19:48.231955,
9e35446104051dbc,https://uy.linkedin.com/jobs/view/rn-full-time-at-pikes-peak-post-acute-4438545789,RN- Full Time,Pikes Peak Post Acute,posted,2026-07-10T00:20:07.837214,687
d9c24b1eb64953e6,https://uy.linkedin.com/jobs/view/vendedor-de-tienda-%E2%80%93-retail-bebidas-at-iber-4438565308,Vendedor de Tienda – Retail / Bebidas,,scraped,2026-07-10T00:20:12.469275,
461d29131cec30b2,https://uy.linkedin.com/jobs/view/ejecutivos-de-apoyo-a-las-actividades-comerciales-para-ose-punta-del-diablo-at-auren-uruguay-4438854204,Ejecutivos de Apoyo a las Actividades Comerciales para OSE Punta del Diablo,,scraped,2026-07-10T00:21:26.453456,
a763cd880c62da07,https://uy.linkedin.com/jobs/view/jefe-de-contabilidad-at-pwc-4436763374,Jefe de contabilidad,PwC,posted,2026-07-10T00:21:46.199817,689
e545a718e6957ecd,https://uy.linkedin.com/jobs/view/senior-business-analyst-system-integration-at-n-ix-4436217664,Senior Business Analyst (System Integration),,scraped,2026-07-10T00:21:48.849634,
b84b84ea03e082cf,https://uy.linkedin.com/jobs/view/vp-investor-relations-ai-trainer-at-dataannotation-4438679597,VP Investor Relations - AI Trainer,DataAnnotation,posted,2026-07-10T00:22:01.795797,691
b03a060ecf391172,https://uy.linkedin.com/jobs/view/personal-banker-ai-trainer-at-dataannotation-4438673815,Personal Banker - AI Trainer,DataAnnotation,posted,2026-07-10T00:22:14.582145,693
1e4f846012ac2420,https://uy.linkedin.com/jobs/view/senior-front-end-developer-angular-at-worldly-4438811615,Senior Front-End Developer (Angular),Worldly,posted,2026-07-10T00:22:22.930017,695
a186a0c1f4a95175,https://uy.linkedin.com/jobs/view/minijob-nebenjob-ferienjob-remote-teilnehmer-f%C3%BCr-bezahlte-studien-gesucht%21-studentjob-ch-at-jobster-4437509333,Minijob / Nebenjob / Ferienjob / Remote: Teilnehmer für bezahlte Studien gesucht! - Studentjob.ch,,scraped,2026-07-10T00:22:25.649724,
58289ffb4f665daf,https://uy.linkedin.com/jobs/view/portfolio-manager-ai-trainer-at-dataannotation-4438682290,Portfolio Manager - AI Trainer,DataAnnotation,posted,2026-07-10T00:23:43.958382,697
db2d461c7d85b1a3,https://uy.linkedin.com/jobs/view/vp-fp-a-ai-trainer-at-dataannotation-4438688062,VP FP&A - AI Trainer,DataAnnotation,posted,2026-07-10T00:23:52.591843,699
7d863946f8fdbc6c,https://uy.linkedin.com/jobs/view/product-strategist-ai-trainer-at-dataannotation-4438669892,Product Strategist - AI Trainer,DataAnnotation,posted,2026-07-10T00:24:01.389633,701
aefc9cdb88cefafe,https://uy.linkedin.com/jobs/view/net-developer-sumate-a-nuestro-equipo-de-desarrollo-at-practia-uruguay-4438610218,.NET Developer: Sumate a nuestro equipo de desarrollo,,scraped,2026-07-10T00:24:06.163235,
0eb8589f9b48bfc5,https://uy.linkedin.com/jobs/view/senior-azure-cloud-engineer-at-applaudo-4438259590,Senior Azure Cloud Engineer,,scraped,2026-07-10T00:24:15.088329,
0fa0d0b9a927db10,https://uy.linkedin.com/jobs/view/vendedor-a-de-productos-financieros-y-servicios-para-rocha-at-cash-4437776465,Vendedor/a de Productos Financieros y Servicios para Rocha,CASH,posted,2026-07-10T00:25:38.297976,703
2fb915c344c0afcb,https://uy.linkedin.com/jobs/view/ejecutivo-comercial-b2b-empresa-telecomunicaciones-y-servicios-ti-at-consultora-psicolab-4434876114,Ejecutivo Comercial B2B - Empresa Telecomunicaciones y Servicios TI,Consultora PsicoLab,posted,2026-07-10T00:25:50.164879,705
3581c33a7f1b5cba,https://uy.linkedin.com/jobs/view/ingeniero-a-civil-para-ejecuci%C3%B3n-de-proyectos-de-construcci%C3%B3n-at-berkes-group-4437918449,Ingeniero/a Civil para Ejecución de proyectos de construcción,,scraped,2026-07-10T00:25:56.856180,
62c848b0d3a5c9c5,https://uy.linkedin.com/jobs/view/administrativo-a-junior-at-montse-perera-consultor%C3%ADa-y-transformaci%C3%B3n-organizacional-4435908143,Administrativo(a) Junior,,scraped,2026-07-10T00:26:08.319481,
647059e237bc349f,https://uy.linkedin.com/jobs/view/functional-consultant-at-bring-it-4417517829,Functional Consultant,Bring IT,posted,2026-07-10T00:26:21.069680,707
b5a9bc7c3e4562da,https://uy.linkedin.com/jobs/view/contador-a-senior-at-cpa-ferrere-4391077462,Contador/a Senior,,scraped,2026-07-10T00:26:25.792901,
4f3994a0b451df95,https://uy.linkedin.com/jobs/view/supervisor-a-el%C3%A9ctrico-y-aire-acondicionado-at-zonamerica-4435917171,Supervisor/a Eléctrico y Aire Acondicionado,,scraped,2026-07-10T00:26:38.882507,
b0ae9acd7283643e,https://uy.linkedin.com/jobs/view/commercial-bank-analyst-ai-trainer-at-dataannotation-4438670888,Commercial Bank Analyst - AI Trainer,DataAnnotation,posted,2026-07-10T00:26:58.056283,709
a12b5975259bb4a6,https://uy.linkedin.com/jobs/view/director-investor-relations-ai-trainer-at-dataannotation-4438679581,Director Investor Relations - AI Trainer,DataAnnotation,posted,2026-07-10T00:27:09.362191,711
536f4d5a06147af6,https://uy.linkedin.com/jobs/view/managing-director-dcm-ai-trainer-at-dataannotation-4438666959,Managing Director DCM - AI Trainer,DataAnnotation,posted,2026-07-10T00:27:18.795106,713
749f30ecdaece82f,https://uy.linkedin.com/jobs/view/wealth-manager-ai-trainer-at-dataannotation-4438675783,Wealth Manager - AI Trainer,DataAnnotation,posted,2026-07-10T00:27:32.611497,715
3f793664bd791c1d,https://uy.linkedin.com/jobs/view/credit-risk-officer-ai-trainer-at-dataannotation-4438672834,Credit Risk Officer - AI Trainer,DataAnnotation,posted,2026-07-10T00:27:45.069571,717
9a287e28bd26cec8,https://uy.linkedin.com/jobs/view/financial-planner-ai-trainer-at-dataannotation-4438685233,Financial Planner - AI Trainer,DataAnnotation,posted,2026-07-10T00:27:56.294569,719
6ff95afc621b1b44,https://uy.linkedin.com/jobs/view/senior-equity-analyst-ai-trainer-at-dataannotation-4438683280,Senior Equity Analyst - AI Trainer,DataAnnotation,posted,2026-07-10T00:28:07.361457,721
00dda3fb59200e81,https://uy.linkedin.com/jobs/view/chief-financial-officer-ai-trainer-at-dataannotation-4438681343,Chief Financial Officer - AI Trainer,DataAnnotation,posted,2026-07-10T00:28:20.235803,723
efc713afe3b821d7,https://uy.linkedin.com/jobs/view/chief-credit-officer-ai-trainer-at-dataannotation-4438667982,Chief Credit Officer - AI Trainer,DataAnnotation,posted,2026-07-10T00:28:29.103581,725
17136ea1e2267116,https://uy.linkedin.com/jobs/view/senior-private-banker-ai-trainer-at-dataannotation-4438680423,Senior Private Banker - AI Trainer,DataAnnotation,posted,2026-07-10T00:28:58.871478,727
5f17eeb829b011ac,https://uy.linkedin.com/jobs/view/contador-senior-zona-franca-at-andersen-in-uruguay-4435699752,Contador Senior - Zona Franca,Andersen in Uruguay,posted,2026-07-10T00:30:16.548313,729
fa8c002a25e25874,https://uy.linkedin.com/jobs/view/risk-analyst-ai-trainer-at-dataannotation-4438681327,Risk Analyst - AI Trainer,DataAnnotation,posted,2026-07-10T00:30:27.630162,731
050d5a8bb6707724,https://uy.linkedin.com/jobs/view/private-banker-ai-trainer-at-dataannotation-4438674880,Private Banker - AI Trainer,DataAnnotation,posted,2026-07-10T00:30:37.469753,733
bafae54fa2897cfe,https://uy.linkedin.com/jobs/view/treasury-manager-ai-trainer-at-dataannotation-4438689049,Treasury Manager - AI Trainer,DataAnnotation,posted,2026-07-10T00:30:46.968585,735
db9fdca86a6c5a19,https://uy.linkedin.com/jobs/view/risk-modeling-manager-ai-trainer-at-dataannotation-4438683275,Risk Modeling Manager - AI Trainer,DataAnnotation,posted,2026-07-10T00:30:55.672368,737
b3a730a07915a676,https://uy.linkedin.com/jobs/view/ecm-analyst-ai-trainer-at-dataannotation-4438690004,ECM Analyst - AI Trainer,DataAnnotation,posted,2026-07-10T00:31:06.433781,739
47653d943db781be,https://uy.linkedin.com/jobs/view/credit-risk-manager-ai-trainer-at-dataannotation-4438678599,Credit Risk Manager - AI Trainer,DataAnnotation,posted,2026-07-10T00:31:16.239845,741
696cd2b4dd2f8735,https://uy.linkedin.com/jobs/view/manager-research-analyst-ai-trainer-at-dataannotation-4438673816,Manager Research Analyst - AI Trainer,DataAnnotation,posted,2026-07-10T00:31:25.246089,743
4024f96d74b99da7,https://uy.linkedin.com/jobs/view/associate-actuary-ai-trainer-at-dataannotation-4438680419,Associate Actuary - AI Trainer,DataAnnotation,posted,2026-07-10T00:31:33.630396,745
d21968b9a6cbe9c6,https://uy.linkedin.com/jobs/view/contador-p%C3%BAblico-at-develop-recruiting-4438153702,Contador Público,Develop Recruiting,posted,2026-07-10T00:31:43.063324,747
267325ce8055a6a9,https://uy.linkedin.com/jobs/view/net-developer-at-confidencial-4435909772,.NET Developer,Confidencial,posted,2026-07-10T00:32:01.025164,749
1c168faff2657762,https://uy.linkedin.com/jobs/view/equity-research-analyst-ai-trainer-at-dataannotation-4438684227,Equity Research Analyst - AI Trainer,DataAnnotation,posted,2026-07-10T00:32:09.815402,751
d54b5cfe422743b8,https://uy.linkedin.com/jobs/view/capital-markets-analyst-ai-trainer-at-dataannotation-4438668937,Capital Markets Analyst - AI Trainer,DataAnnotation,posted,2026-07-10T00:32:20.478637,753
ea7acd5338e2dc0f,https://uy.linkedin.com/jobs/view/universal-banker-ai-trainer-at-dataannotation-4438689039,Universal Banker - AI Trainer,DataAnnotation,posted,2026-07-10T00:32:28.963142,755
9bcc3eeac3cdab2b,https://uy.linkedin.com/jobs/view/macro-strategy-analyst-ai-trainer-at-dataannotation-4438681354,Macro Strategy Analyst - AI Trainer,DataAnnotation,posted,2026-07-10T00:32:40.372118,757
f775972df3cc4a5d,https://uy.linkedin.com/jobs/view/investment-strategy-analyst-ai-trainer-at-dataannotation-4438675765,Investment Strategy Analyst - AI Trainer,DataAnnotation,posted,2026-07-10T00:32:49.482747,759
0c03249c12aa6da9,https://uy.linkedin.com/jobs/view/valuation-analyst-ai-trainer-at-dataannotation-4438673813,Valuation Analyst - AI Trainer,DataAnnotation,posted,2026-07-10T00:32:57.679986,761
3a2638f3f35b5a3c,https://uy.linkedin.com/jobs/view/commercial-banking-analyst-ai-trainer-at-dataannotation-4438671833,Commercial Banking Analyst - AI Trainer,DataAnnotation,posted,2026-07-10T00:33:06.436529,763
8e9d08b81f6bdc49,https://uy.linkedin.com/jobs/view/fixed-income-analyst-ai-trainer-at-dataannotation-4438686207,Fixed Income Analyst - AI Trainer,DataAnnotation,posted,2026-07-10T00:33:17.005071,765
ea0146eba25cf086,https://uy.linkedin.com/jobs/view/mortgage-underwriter-ai-trainer-at-dataannotation-4438688080,Mortgage Underwriter - AI Trainer,DataAnnotation,posted,2026-07-10T00:33:25.341938,767
5f59deb639710bdc,https://uy.linkedin.com/jobs/view/fixed-income-capital-markets-associate-ai-trainer-at-dataannotation-4438686196,Fixed Income Capital Markets Associate - AI Trainer,DataAnnotation,posted,2026-07-10T00:33:33.749206,769
0b583569c176d0b3,https://uy.linkedin.com/jobs/view/dcm-analyst-ai-trainer-at-dataannotation-4438678592,DCM Analyst - AI Trainer,DataAnnotation,posted,2026-07-10T00:33:42.061353,771
3a10605c546a4f35,https://uy.linkedin.com/jobs/view/senior-credit-analyst-ai-trainer-at-dataannotation-4438674843,Senior Credit Analyst - AI Trainer,DataAnnotation,posted,2026-07-10T00:34:02.560480,773
4997c5fe581c02a5,https://uy.linkedin.com/jobs/view/senior-fp-a-analyst-ai-trainer-at-dataannotation-4438674830,Senior FP&A Analyst - AI Trainer,DataAnnotation,posted,2026-07-10T00:34:11.160665,775
394d5f0c9f8fe71f,https://uy.linkedin.com/jobs/view/corporate-english-trainer-spanish-bilingual-at-gofluent-4437984093,Corporate English Trainer (Spanish Bilingual),,scraped,2026-07-10T11:27:56.444805,
646a08688e1e326c,https://uy.linkedin.com/jobs/view/mvd-andrew-harper-job-template-at-andrew-harper-4438857918,MVD-Andrew Harper Job Template,Andrew Harper,posted,2026-07-10T11:28:19.215549,777
b50264dab42feca8,https://uy.linkedin.com/jobs/view/remote-property-manager-at-allview-real-estate-4439010438,Remote Property Manager,AllView Real Estate,posted,2026-07-10T11:28:31.725338,779
87b6de539aa3fbf8,https://uy.linkedin.com/jobs/view/agentes-de-campo-para-ose-lavalleja-treinta-y-tres-punta-del-diablo-y-mariscala-at-auren-uruguay-4438841796,"Agentes de Campo para OSE Lavalleja, Treinta y Tres, Punta del Diablo y Mariscala",,scraped,2026-07-10T11:28:38.406374,
4888508b8622eef4,https://uy.linkedin.com/jobs/view/t%C3%A9cnico-de-presupuestaci%C3%B3n-vial-at-berkes-group-4437555784,Técnico de presupuestación - Vial,,scraped,2026-07-10T11:28:49.593566,
78c5ea13bd08411f,https://uy.linkedin.com/jobs/view/ingeniero-a-de-software-junior-at-domus-global-4436976642,Ingeniero/a de Software Junior,,scraped,2026-07-10T11:29:10.433252,
87e6765802ec96b7,https://uy.linkedin.com/jobs/view/project-manager-impuls%C3%A1-la-mejora-continua-de-nuestros-servicios-at-practia-uruguay-4438612170,Project Manager: Impulsá la mejora continua de nuestros servicios,,scraped,2026-07-10T11:29:32.266722,
6828b7ff1a51cfa8,https://www.linkedin.com/jobs/view/1483/,"1,000+Chief Project Engineer Jobs in United States",,failed|wp_post_failed,2026-07-10T11:29:40.567736,
3988748a282e867f,https://uy.linkedin.com/jobs/view/soc-analyst-%E2%80%93-tier-1-at-nexolink-rrhh-e-inserci%C3%B3n-laboral-4432701492,SOC ANALYST – TIER 1,,scraped,2026-07-10T11:29:49.279927,
52cebc496fc91de0,https://uy.linkedin.com/jobs/view/t%C3%A9cnico-torrero-at-talentboost-hr-4435907074,Técnico Torrero,,scraped,2026-07-10T11:30:07.420588,
0c71b2eab4bfcced,https://uy.linkedin.com/jobs/view/staff-product-engineer-at-lawnstarter-4435601031,Staff Product Engineer,LawnStarter,posted,2026-07-10T11:30:33.845570,781
efdfb0a4ce392e7a,https://uy.linkedin.com/jobs/view/analista-de-documentaci%C3%B3n-t%C3%A9cnica-y-calidad-at-tanet-4437060430,Analista de Documentación Técnica y Calidad,TANET,posted,2026-07-10T11:30:49.208093,783
e95e7d496a7a2e18,https://uy.linkedin.com/jobs/view/asistente-de-calidad-at-friedman-4435692654,Asistente de Calidad,,scraped,2026-07-10T11:30:55.950105,
1e465a9b5385231f,https://uy.linkedin.com/jobs/view/t%C3%A9cnico-en-el-manejo-de-informaci%C3%B3n-de-salud-y-apoyo-al-paciente-at-cossma-4437938400,TÉCNICO EN EL MANEJO DE INFORMACIÓN DE SALUD Y APOYO AL PACIENTE,COSSMA,posted,2026-07-10T11:31:18.826070,785
f9b07050746fcc42,https://uy.linkedin.com/jobs/view/marketing-manager-samsung-electronics-at-samsung-electronics-4438535565,Marketing Manager | Samsung Electronics,,scraped,2026-07-10T11:31:39.534787,
4d643c0b94a1892a,https://uy.linkedin.com/jobs/view/legal-associate-at-kalexius-4412706824,Legal Associate,Kalexius,posted,2026-07-10T11:31:55.161376,787
e4010d32a78443f7,https://uy.linkedin.com/jobs/view/encargado-de-local-at-emporio-de-los-s%C3%A1ndwiches-4435670967,Encargado de local,,scraped,2026-07-10T11:31:57.848192,
3a03dcbc82011f7b,https://uy.linkedin.com/jobs/view/ingeniero-de-datos-at-itc-s-a-4437901021,Ingeniero de datos,ITC S.A,posted,2026-07-10T11:33:03.336762,789
9ecf6defa0f98fc6,https://uy.linkedin.com/jobs/view/auxiliar-contable-4435935260,Auxiliar contable,Estudio Contable VDC,posted,2026-07-10T11:34:12.688214,59
b5bf7e4cb91bce51,https://uy.linkedin.com/jobs/view/rack-tool-maker-welder-fabricator-experienced-at-pt-natural-indococonut-organik-4438575740,Rack & Tool Maker (Welder/Fabricator) - Experienced,,scraped,2026-07-10T11:34:15.083825,
e51aaeb7a9fdb7fb,https://uy.linkedin.com/jobs/view/especialista-en-finanzas-cuentas-a-pagar-stp-at-upm-4439043342,Especialista en Finanzas - Cuentas a Pagar STP,,scraped,2026-07-10T11:34:24.113092,
f1e95894523b2522,https://uy.linkedin.com/jobs/view/senior-devsecops-engineer-remote-work-at-bairesdev-4437313034,Senior DevSecOps Engineer - Remote Work,BairesDev,posted,2026-07-10T11:34:42.702731,791
1ba6c52e6dfb2d38,https://uy.linkedin.com/jobs/view/atencion-al-cliente-at-regus-4438863113,Atencion al cliente,,scraped,2026-07-10T11:34:47.471210,
1cb54a8e63b34cf9,https://uy.linkedin.com/jobs/view/l%C3%ADder-de-customer-success-b2b-at-luk-hr-4435696616,Líder de Customer Success | B2B,,scraped,2026-07-10T11:35:00.703259,
e8c4c9994f6d75a0,https://uy.linkedin.com/jobs/view/asistente-aml-y-compliance-con-dominio-de-ingl%C3%A9s-temporal-at-manpowergroup-uruguay-4435900406,Asistente AML y Compliance con dominio de inglés (temporal),,scraped,2026-07-10T11:35:15.317679,
e3bc1764145288a6,https://uy.linkedin.com/jobs/view/profesor-de-educaci%C3%B3n-f%C3%ADsica-4435679659,Profesor de educación física,Colegio Uruguay Piri,posted,2026-07-10T11:35:31.174445,793
decd358f41de832f,https://uy.linkedin.com/jobs/view/investment-research-analyst-ai-trainer-at-dataannotation-4438666955,Investment Research Analyst - AI Trainer,DataAnnotation,posted,2026-07-10T11:35:44.013054,795
db7a4d1ed911d11d,https://uy.linkedin.com/jobs/view/desarrollador-web-at-credifama-4435694654,Desarrollador web,,scraped,2026-07-10T11:35:46.636952,
cf656755d12594d8,https://uy.linkedin.com/jobs/view/estudiantes-avanzados-de-ingenier%C3%ADa-mec%C3%A1nica-el%C3%A9ctrica-quimica-y-o-de-sistemas-horarios-rotativos-at-manpowergroup-uruguay-4435676804,"Estudiantes avanzados de ingeniería mecánica, eléctrica, quimica y/o de sistemas (Horarios Rotativos)",,scraped,2026-07-10T11:35:53.461902,
3127e66bf8950562,https://uy.linkedin.com/jobs/view/head-of-equity-research-ai-trainer-at-dataannotation-4438681328,Head of Equity Research - AI Trainer,DataAnnotation,posted,2026-07-10T11:36:13.839450,797
50f9635bee50dc3e,https://uy.linkedin.com/jobs/view/senior-technical-project-manager-at-devsu-4435697835,Senior Technical Project Manager,Devsu,posted,2026-07-10T11:36:32.531694,799
bbb7e4f8bf693bc8,https://uy.linkedin.com/jobs/view/jefe-de-infraestructura-cloud-y-operaciones-at-sonda-4438216855,Jefe de Infraestructura Cloud y Operaciones,,scraped,2026-07-10T11:36:41.223332,
bec4c8f7ca63427f,https://uy.linkedin.com/jobs/view/compliance-ops-lead-at-prex-4438243748,Compliance Ops Lead,,scraped,2026-07-10T11:36:56.390054,
3d00b99da7a3056d,https://uy.linkedin.com/jobs/view/junior-transfer-pricing-at-pwc-uruguay-4438645428,Junior - Transfer Pricing,PwC Uruguay,posted,2026-07-10T11:37:12.829640,801
f9eb591649eedc4e,https://uy.linkedin.com/jobs/view/purchasing-specialist-ai-trainer-at-dataannotation-4438672870,Purchasing Specialist - AI Trainer,DataAnnotation,posted,2026-07-10T11:37:25.084936,803
a0c45aedacdb2e05,https://uy.linkedin.com/jobs/view/global-markets-analyst-ai-trainer-at-dataannotation-4438668954,Global Markets Analyst - AI Trainer,DataAnnotation,posted,2026-07-10T11:37:34.661720,805
552b97cf6f7eacfa,https://uy.linkedin.com/jobs/view/credit-research-analyst-ai-trainer-at-dataannotation-4438688056,Credit Research Analyst - AI Trainer,DataAnnotation,posted,2026-07-10T11:37:48.251307,807
ee44c952ea79a10f,https://uy.linkedin.com/jobs/view/senior-full-stack-engineer-react-%2B-kotlin-remote-latin-america-at-fullstack-4438521473,Senior Full Stack Engineer (React + Kotlin) - Remote - Latin America,FullStack,posted,2026-07-10T11:37:59.998636,809
4529d0f5be0eec05,https://uy.linkedin.com/jobs/view/ejecutivo-a-comercial-at-manpowergroup-4433939903,Ejecutivo/a comercial,ManpowerGroup,posted,2026-07-10T11:38:15.114755,811
2ca6e7855d3fff81,https://uy.linkedin.com/jobs/view/etl-developer-informatica-cpi-pc-o-idmc-at-smx-services-consulting-inc-4429715892,ETL Developer Informatica (CPI-PC o IDMC),"SMX Services & Consulting, Inc.",posted,2026-07-10T11:38:27.253090,813
37af2c0ee08207a4,https://uy.linkedin.com/jobs/view/fund-analyst-ai-trainer-at-dataannotation-4438678585,Fund Analyst - AI Trainer,DataAnnotation,posted,2026-07-10T11:38:52.735449,815
7e6763a53103daab,https://uy.linkedin.com/jobs/view/consolidation-analyst-ii-at-ricoh-latin-america-inc-4435923429,Consolidation Analyst II,Ricoh LATAM,posted,2026-07-10T11:39:12.864693,817
9347b082a07de01e,https://uy.linkedin.com/jobs/view/acquisitions-manager-ai-trainer-at-dataannotation-4438684210,Acquisitions Manager - AI Trainer,DataAnnotation,posted,2026-07-10T11:39:25.109570,819
74548b6bf379fb34,https://uy.linkedin.com/jobs/view/sales-trading-analyst-ai-trainer-at-dataannotation-4438687100,Sales & Trading Analyst - AI Trainer,DataAnnotation,posted,2026-07-10T11:39:49.003596,821
9cf3e92ebb743f49,https://uy.linkedin.com/jobs/view/sell-side-analyst-ai-trainer-at-dataannotation-4438689047,Sell-Side Analyst - AI Trainer,DataAnnotation,posted,2026-07-10T11:40:01.444911,823
08fb3b1464497e2c,https://uy.linkedin.com/jobs/view/sr-manager-data-analytics-at-specialized-bicycle-components-4430105049,"Sr. Manager, Data & Analytics",Specialized Bicycle Components,posted,2026-07-10T11:40:11.768804,825
7f0052e4a34f118c,https://uy.linkedin.com/jobs/view/fp-a-manager-ai-trainer-at-dataannotation-4438687095,FP&A Manager - AI Trainer,DataAnnotation,posted,2026-07-10T11:40:28.596816,827
2b0e2db4df96aa53,https://uy.linkedin.com/jobs/view/payments-analyst-ai-trainer-at-dataannotation-4438673831,Payments Analyst - AI Trainer,DataAnnotation,posted,2026-07-10T11:40:43.292120,829
996b7d67d26c7134,https://uy.linkedin.com/jobs/view/relationship-banker-ai-trainer-at-dataannotation-4438666951,Relationship Banker - AI Trainer,DataAnnotation,posted,2026-07-10T11:40:54.111235,831
cbccb2e6bdcfb88d,https://uy.linkedin.com/jobs/view/arquitecto-de-soluciones-at-itc-s-a-4437584631,Arquitecto de soluciones,ITC S.A,posted,2026-07-10T11:41:47.591274,833
32dc8c4dbbc8b5f4,https://uy.linkedin.com/jobs/view/fixed-income-portfolio-manager-ai-trainer-at-dataannotation-4438671853,Fixed Income Portfolio Manager - AI Trainer,DataAnnotation,posted,2026-07-10T11:41:57.493153,835
b491101248252e52,https://uy.linkedin.com/jobs/view/investor-relations-analyst-ai-trainer-at-dataannotation-4438686206,Investor Relations Analyst - AI Trainer,DataAnnotation,posted,2026-07-10T11:42:07.273762,837
aa3b087f17958e26,https://uy.linkedin.com/jobs/view/securities-analyst-ai-trainer-at-dataannotation-4438682289,Securities Analyst - AI Trainer,DataAnnotation,posted,2026-07-10T11:42:18.542285,839
9fc1759f5b474a06,https://uy.linkedin.com/jobs/view/einfach-mit-umfragen-geld-verdienen-mit-toluna-studentjob-ch-at-jobster-4437546049,"Einfach mit Umfragen Geld verdienen, mit Toluna - Studentjob.ch",,scraped,2026-07-10T11:42:21.089005,
122673b70020dc49,https://uy.linkedin.com/jobs/view/insurance-sales-agent-ai-trainer-at-dataannotation-4438678581,Insurance Sales Agent - AI Trainer,DataAnnotation,posted,2026-07-10T11:42:36.032501,841
52044128daca2200,https://uy.linkedin.com/jobs/view/branch-manager-ai-trainer-at-dataannotation-4438669917,Branch Manager - AI Trainer,DataAnnotation,posted,2026-07-10T11:42:44.980757,843
eba71f5fbe2ffcd0,https://uy.linkedin.com/jobs/view/vp-underwriting-ai-trainer-at-dataannotation-4438677613,VP Underwriting - AI Trainer,DataAnnotation,posted,2026-07-10T11:42:56.835111,845
ab8de1fe575d2bff,https://uy.linkedin.com/jobs/view/ir-associate-ai-trainer-at-dataannotation-4438682300,IR Associate - AI Trainer,DataAnnotation,posted,2026-07-10T11:43:10.883519,847
9535efad9f20e6a1,https://uy.linkedin.com/jobs/view/director-of-finance-ai-trainer-at-dataannotation-4438666958,Director of Finance - AI Trainer,DataAnnotation,posted,2026-07-10T11:43:20.966429,849
3caceb0fd4d6c196,https://uy.linkedin.com/jobs/view/equity-syndicate-associate-ai-trainer-at-dataannotation-4438676711,Equity Syndicate Associate - AI Trainer,DataAnnotation,posted,2026-07-10T11:43:33.830056,851
9212f9b8346fb9b3,https://uy.linkedin.com/jobs/view/psic%C3%B3logo-cl%C3%ADnico-at-workplace-options-4438566734,Psicólogo Clínico,Workplace Options,posted,2026-07-10T11:43:43.515632,853
97cf09dac0fca66b,https://uy.linkedin.com/jobs/view/t%C3%A9cnico-em-seguran%C3%A7a-no-trabalho-at-segula-technologies-4430745290,Técnico em Segurança no Trabalho,SEGULA Technologies,posted,2026-07-10T11:43:57.492748,855
a14f970243bb51c4,https://uy.linkedin.com/jobs/view/revenue-cycle-specialist-ai-trainer-at-dataannotation-4438686195,Revenue Cycle Specialist - AI Trainer,DataAnnotation,posted,2026-07-10T11:44:06.344731,857
ffb4d8f67749cdd8,https://uy.linkedin.com/jobs/view/sinnvoller-job-als-dialoger-in-in-teamarbeit-%E2%80%93-einsatz-f%C3%BCr-menschenrechte-tiere-und-umwelt-studentjob-ch-at-jobster-4437543379,"Sinnvoller Job als Dialoger*in in Teamarbeit – Einsatz für Menschenrechte, Tiere und Umwelt - Studentjob.ch",,scraped,2026-07-10T11:44:08.900714,
26d4d672fd5745b8,https://uy.linkedin.com/jobs/view/especialista-sr-sap-at-missionhires-4437094438,Especialista Sr. SAP,MissionHires,posted,2026-07-10T11:44:26.883209,859
7566e07e0551d8ac,https://uy.linkedin.com/jobs/view/ai-training-data-intern-%246-hr-remote-at-crossing-hurdles-4437535801,AI Training Data Intern | $6/hr Remote,Crossing Hurdles,posted,2026-07-10T11:44:45.715583,861
ad94207707bbc0a2,https://uy.linkedin.com/jobs/view/associate-trader-ai-trainer-at-dataannotation-4438682284,Associate Trader - AI Trainer,DataAnnotation,posted,2026-07-10T11:44:57.964505,863
ada2a0aef6a0ff15,https://uy.linkedin.com/jobs/view/private-equity-associate-ai-trainer-at-dataannotation-4438669900,Private Equity Associate - AI Trainer,DataAnnotation,posted,2026-07-10T11:45:11.765140,865
adb600e1b35d2971,https://uy.linkedin.com/jobs/view/banking-officer-ai-trainer-at-dataannotation-4438687113,Banking Officer - AI Trainer,DataAnnotation,posted,2026-07-10T11:45:25.645824,867
f905cd6a48a966de,https://uy.linkedin.com/jobs/view/underwriting-assistant-ai-trainer-at-dataannotation-4438682278,Underwriting Assistant - AI Trainer,DataAnnotation,posted,2026-07-10T11:45:34.082816,869
d8dfe71eb0c02d8b,https://uy.linkedin.com/jobs/view/chief-actuary-ai-trainer-at-dataannotation-4438672874,Chief Actuary - AI Trainer,DataAnnotation,posted,2026-07-10T11:45:45.507118,871
09f2ec4d7919b5dc,https://uy.linkedin.com/jobs/view/commercial-banker-ai-trainer-at-dataannotation-4438677622,Commercial Banker - AI Trainer,DataAnnotation,posted,2026-07-10T11:45:59.426603,873
62287346b31cabfa,https://uy.linkedin.com/jobs/view/pricing-actuary-ai-trainer-at-dataannotation-4438679586,Pricing Actuary - AI Trainer,DataAnnotation,posted,2026-07-10T11:46:07.954412,875
4288083d33886932,https://uy.linkedin.com/jobs/view/actuarial-consultant-ai-trainer-at-dataannotation-4438668965,Actuarial Consultant - AI Trainer,DataAnnotation,posted,2026-07-10T11:46:27.847458,877
d945653dda16d3f0,https://uy.linkedin.com/jobs/view/structured-products-analyst-ai-trainer-at-dataannotation-4438678574,Structured Products Analyst - AI Trainer,DataAnnotation,posted,2026-07-10T11:46:36.103328,879
8c8813c8e2519c18,https://uy.linkedin.com/jobs/view/multi-asset-analyst-ai-trainer-at-dataannotation-4438689048,Multi-Asset Analyst - AI Trainer,DataAnnotation,posted,2026-07-10T11:46:44.495317,881
0803f37d2275709b,https://uy.linkedin.com/jobs/view/investment-banker-ai-trainer-at-dataannotation-4438675763,Investment Banker - AI Trainer,DataAnnotation,posted,2026-07-10T11:46:56.414791,883
4c193f0f1949f282,https://uy.linkedin.com/jobs/view/verdienen-sie-geld-mit-umfragen-die-nur-f%C3%BCr-sie-gemacht-sind-mit-toluna-studentjob-ch-at-jobster-4437510736,"Verdienen Sie Geld mit Umfragen, die nur für Sie gemacht sind, mit Toluna - Studentjob.ch",,scraped,2026-07-10T11:47:08.956911,
616ddf00b3400221,https://uy.linkedin.com/jobs/view/data-engineer-remote-latin-america-at-fullstack-4430131985,Data Engineer - Remote - Latin America,FullStack,posted,2026-07-10T11:47:22.180985,479
a152270087d1e837,https://uy.linkedin.com/jobs/view/senior-underwriter-ai-trainer-at-dataannotation-4438682306,Senior Underwriter - AI Trainer,DataAnnotation,posted,2026-07-10T11:47:43.101386,885
64c6d3bb022419a4,https://uy.linkedin.com/jobs/view/real-estate-financial-analyst-ai-trainer-at-dataannotation-4438680416,Real Estate Financial Analyst - AI Trainer,DataAnnotation,posted,2026-07-10T11:47:56.442186,887
483aecbacd988431,https://uy.linkedin.com/jobs/view/pension-investment-analyst-ai-trainer-at-dataannotation-4438677623,Pension Investment Analyst - AI Trainer,DataAnnotation,posted,2026-07-10T11:48:10.289583,889
efa02972b4358f28,https://uy.linkedin.com/jobs/view/senior-lender-ai-trainer-at-dataannotation-4438669882,Senior Lender - AI Trainer,DataAnnotation,posted,2026-07-10T11:48:21.493574,891
dbd2977a46efc48b,https://uy.linkedin.com/jobs/view/minijob-von-zuhause-aus-verdiene-bares-geld-f%C3%BCr-umfragen-studentjob-ch-at-jobster-4437518373,Minijob von zuhause aus - verdiene bares Geld für Umfragen - Studentjob.ch,,scraped,2026-07-10T11:48:28.017149,
f24acb4284df3ce6,https://uy.linkedin.com/jobs/view/senior-credit-strategist-ai-trainer-at-dataannotation-4438668952,Senior Credit Strategist - AI Trainer,DataAnnotation,posted,2026-07-10T11:48:44.487247,893
0dd9be7c9b001d4d,https://uy.linkedin.com/jobs/view/senior-full-stack-engineer-react-%2B-kotlin-remote-latin-america-at-fullstack-4438509983,Senior Full Stack Engineer (React + Kotlin) - Remote - Latin America,FullStack,posted,2026-07-10T11:48:49.633634,809
4ec74f6f4de7b03c,https://uy.linkedin.com/jobs/view/senior-full-stack-engineer-react-%2B-kotlin-remote-latin-america-at-fullstack-4438527255,Senior Full Stack Engineer (React + Kotlin) - Remote - Latin America,FullStack,posted,2026-07-10T11:48:55.217825,809
c7ecaf13390b2111,https://uy.linkedin.com/jobs/view/senior-full-stack-engineer-react-%2B-kotlin-remote-latin-america-at-fullstack-4438523384,Senior Full Stack Engineer (React + Kotlin) - Remote - Latin America,FullStack,posted,2026-07-10T11:49:00.744620,809
6cc69396105d9919,https://uy.linkedin.com/jobs/view/senior-full-stack-engineer-react-%2B-kotlin-remote-latin-america-at-fullstack-4438532123,Senior Full Stack Engineer (React + Kotlin) - Remote - Latin America,FullStack,posted,2026-07-10T11:49:06.170095,809
82bd662872aa8056,https://uy.linkedin.com/jobs/view/senior-full-stack-engineer-react-%2B-kotlin-remote-latin-america-at-fullstack-4438532125,Senior Full Stack Engineer (React + Kotlin) - Remote - Latin America,FullStack,posted,2026-07-10T11:49:11.225974,809
fa41b303931a93cc,https://uy.linkedin.com/jobs/view/senior-full-stack-engineer-react-%2B-kotlin-remote-latin-america-at-fullstack-4438516648,Senior Full Stack Engineer (React + Kotlin) - Remote - Latin America,FullStack,posted,2026-07-10T11:49:16.695175,809
12c3d34c33407f37,https://uy.linkedin.com/jobs/view/agente-de-campo-at-grupo-transamerican-4436979573,Agente de campo,,scraped,2026-07-10T18:23:14.553984,
3baa3619ec373fbb,https://uy.linkedin.com/jobs/view/encargado-auxiliar-dep%C3%B3sito-at-sci-rodino-4438869843,Encargado - auxiliar depósito,SCI RODINO,posted,2026-07-10T18:23:43.345876,895
3d73216efeff9b08,https://uy.linkedin.com/jobs/view/analista-qu%C3%ADmico-at-eurofarma-4438800271,Analista químico,,scraped,2026-07-10T18:23:46.083711,
0785db0ea572113b,https://uy.linkedin.com/jobs/view/infraestructura-it-at-opentech-4439308447,Infraestructura IT,,scraped,2026-07-10T18:23:56.712384,
93aae20fdeffef61,https://uy.linkedin.com/jobs/view/store-manager-at-pedidosya-4429647803,Store Manager,,scraped,2026-07-10T18:24:07.233535,
d7a7a72f76d19ad0,https://uy.linkedin.com/jobs/view/agentes-de-campo-para-ose-lavalleja-treinta-y-tres-punta-del-diablo-y-mariscala-at-auren-uruguay-4439045873,"Agentes de Campo para OSE Lavalleja, Treinta y Tres, Punta del Diablo y Mariscala",,scraped,2026-07-10T18:24:17.797936,
152c3baf7d5a5908,https://uy.linkedin.com/jobs/view/administrador-de-infraestructura-at-talenter-4437902468,Administrador de Infraestructura,,scraped,2026-07-10T18:24:29.826107,
99ba08ff6d851e40,https://uy.linkedin.com/jobs/view/t%C3%A9cnico-en-reparaci%C3%B3n-y-soporte-it-maldonado-at-el-dorado-4438574026,Técnico en Reparación y Soporte IT (Maldonado),,scraped,2026-07-10T18:24:47.749808,
4ce7b8380d64bf15,https://uy.linkedin.com/jobs/view/asesor-acad%C3%A9mico-at-prota-4435685270,Asesor académico,,scraped,2026-07-10T18:25:05.145332,
ed7d5653a0dba65a,https://uy.linkedin.com/jobs/view/fraud-specialist-at-pedidosya-4418844966,Fraud Specialist,,scraped,2026-07-10T18:25:21.491180,
bb8aea46ee05d7b4,https://uy.linkedin.com/jobs/view/social-media-content-manager-at-untitled-strategic-legal-consulting-4436606856,Social Media & Content Manager,,scraped,2026-07-10T18:25:32.170317,
63b7a047dc09283d,https://uy.linkedin.com/jobs/view/trade-marketing-perfect-store-leader-uy-py-at-pepsico-4435615179,Trade Marketing & Perfect Store Leader UY&PY,PepsiCo,posted,2026-07-10T18:26:00.839986,897
5ecf7c05f4920065,https://uy.linkedin.com/jobs/view/ejecutivo-de-ventas-lavalleja-at-m%C3%A1s-ventas-4439066847,Ejecutivo de Ventas - LAVALLEJA,Más Ventas,posted,2026-07-10T18:26:16.880386,899
640d56e82c658f1f,https://uy.linkedin.com/jobs/view/analista-contable-junior-estudiante-at-mifinanzas-4435991119,Analista Contable Junior (estudiante),,scraped,2026-07-10T18:26:33.528903,
85ac668cd2b7386b,https://uy.linkedin.com/jobs/view/chemical-maintenance-technician-production-at-pt-natural-indococonut-organik-4438581404,Chemical Maintenance Technician - Production,,scraped,2026-07-10T18:26:39.887150,
efb7c53dead0162f,https://uy.linkedin.com/jobs/view/vp-of-engineering-at-nocnoc-4426833760,VP of Engineering,,scraped,2026-07-10T18:26:50.796308,
47f1441d96526bdf,https://uy.linkedin.com/jobs/view/ingeniero-civil-vial-project-manager-at-csi-4434022629,Ingeniero Civil (Vial) - Project Manager,,scraped,2026-07-10T18:26:57.800128,
2138698130d6466b,https://uy.linkedin.com/jobs/view/analista-sr-de-talento-y-cultura-experiencia-del-colaborador-hse-punta-del-este-at-manpowergroup-uruguay-4436608327,Analista Sr de Talento y Cultura | Experiencia del Colaborador & HSE (Punta del Este),,scraped,2026-07-10T18:27:16.246311,
1426b11e65c5a2bf,https://uy.linkedin.com/jobs/view/responsable-de-planeamiento-at-manpowergroup-uruguay-4434855046,Responsable de Planeamiento,,scraped,2026-07-10T18:27:23.287243,
e40e0db4914aa4d8,https://uy.linkedin.com/jobs/view/customer-support-specialist-6-month-contract-at-cover-genius-4419460907,Customer Support Specialist (6-month contract),Cover Genius,posted,2026-07-10T18:27:40.045853,901
a24ac2359efad514,https://uy.linkedin.com/jobs/view/regional-retail-director-ai-trainer-at-dataannotation-4438676720,Regional Retail Director - AI Trainer,DataAnnotation,posted,2026-07-10T18:27:49.031810,903
da6e219dd9168a9c,https://uy.linkedin.com/jobs/view/coordinador-a-de-producto-pospago-oferta-y-pricing-at-tigo-uruguay-4438500851,Coordinador(a) de Producto Pospago/ Oferta y Pricing,Tigo Uruguay,posted,2026-07-10T18:28:06.273417,905
b9a1fb6f3f39a18e,https://uy.linkedin.com/jobs/view/managing-director-ai-trainer-at-dataannotation-4438672837,Managing Director - AI Trainer,DataAnnotation,posted,2026-07-10T18:28:20.270504,907
f9dfe155369450bf,https://uy.linkedin.com/jobs/view/research-director-ai-trainer-at-dataannotation-4438671827,Research Director - AI Trainer,DataAnnotation,posted,2026-07-10T18:28:34.492079,909
de014aeccd60a175,https://uy.linkedin.com/jobs/view/claims-processing-agent-freelance-ai-trainer-at-mindrift-4438199712,Claims Processing Agent - Freelance AI Trainer,Mindrift,posted,2026-07-10T18:28:59.725753,911
f578ee098a254d4e,https://uy.linkedin.com/jobs/view/data-privacy-governance-analyst-proteg%C3%A9-y-gestion%C3%A1-los-datos-con-foco-en-privacidad-at-practia-uruguay-4439036730,Data Privacy / Governance Analyst: Protegé y gestioná los datos con foco en privacidad,,scraped,2026-07-10T18:29:10.448355,
a98a46091a8a4e76,https://uy.linkedin.com/jobs/view/full-stack-developer-java-%2B-kotlin-%2B-react-remote-latin-america-at-fullstack-4438676359,Full Stack Developer (Java + Kotlin + React) - Remote - Latin America,FullStack,posted,2026-07-10T18:29:19.878633,497
39834f279d5d46af,https://uy.linkedin.com/jobs/view/kindergarten-teacher-at-colegio-bilingue-ciudad-vieja-4435998759,Kindergarten Teacher,,scraped,2026-07-10T18:29:30.585599,
5acb67fee2fd7ec0,https://uy.linkedin.com/jobs/view/revenue-operations-assistant-at-kimia-group-4438301865,REVENUE OPERATIONS ASSISTANT,,scraped,2026-07-10T18:29:42.948801,
e737439427c176e7,https://uy.linkedin.com/jobs/view/ux-ui-at-credifama-4435696598,UX/UI,,scraped,2026-07-10T18:29:53.499381,
9441f8f7fa1d673f,https://uy.linkedin.com/jobs/view/senior-agentic-product-designer-remote-latin-america-at-fullstack-4419989180,Senior Agentic Product Designer - Remote - Latin America,FullStack,posted,2026-07-10T18:30:15.559106,913
95f660101b2ab76d,https://uy.linkedin.com/jobs/view/home-office-ihre-meinung-ist-wertvoll-%E2%80%93-lassen-sie-sich-daf%C3%BCr-belohnen%21-studentjob-ch-at-jobster-4437528099,Home Office: Ihre Meinung ist wertvoll – lassen Sie sich dafür belohnen! - Studentjob.ch,,scraped,2026-07-10T18:30:20.079669,
39f42e87629fd5f3,https://uy.linkedin.com/jobs/view/vendedor-a-para-reconocida-distribuidora-zona-maldonado-at-san-francisco-c-i-s-a-4438876411,"Vendedor/a para reconocida Distribuidora, zona Maldonado",,scraped,2026-07-10T18:30:27.877389,
bce50569eac4f9cb,https://uy.linkedin.com/jobs/view/project-leader-microsoft-fabric-lider%C3%A1-proyectos-de-anal%C3%ADtica-y-datos-at-practia-uruguay-4439043475,Project Leader Microsoft Fabric: Liderá proyectos de analítica y datos,,scraped,2026-07-10T18:30:42.881043,
84af1e8a3e9d99de,https://uy.linkedin.com/jobs/view/senior-qa-engineer-at-plan-a-technologies-4429393000,Senior QA Engineer,Plan A Technologies,posted,2026-07-10T18:30:59.927077,915
386e6c44f22173d7,https://uy.linkedin.com/jobs/view/online-aufgaben-umfragen-flexible-m%C3%B6glichkeit-geld-online-zu-verdienen-studentjob-ch-at-jobster-4437517172,"Online Aufgaben & Umfragen - Flexible Möglichkeit, Geld online zu verdienen - Studentjob.ch",,scraped,2026-07-10T18:31:06.496025,
dffeea730b862962,https://uy.linkedin.com/jobs/view/corporate-development-analyst-ai-trainer-at-dataannotation-4438675775,Corporate Development Analyst - AI Trainer,DataAnnotation,posted,2026-07-10T18:31:27.344172,917
98577e504d44e73c,https://uy.linkedin.com/jobs/view/senior-security-consultant-at-scale-up-recruiting-partners-4436524675,Senior Security Consultant,Scale Up Recruiting Partners,posted,2026-07-10T18:31:51.520162,919
911dbe24ec15a6c6,https://uy.linkedin.com/jobs/view/director-of-ecm-ai-trainer-at-dataannotation-4438668946,Director of ECM - AI Trainer,DataAnnotation,posted,2026-07-10T18:32:03.053912,921
409eaa2ec807757d,https://uy.linkedin.com/jobs/view/investment-associate-ai-trainer-at-dataannotation-4438677642,Investment Associate - AI Trainer,DataAnnotation,posted,2026-07-10T18:32:12.130232,923
2e2ff2866e5ad334,https://uy.linkedin.com/jobs/view/jefe-a-de-pmo-y-project-manager-senior-at-urudata-s-a-4438866897,Jefe/a de PMO y Project Manager Senior,,scraped,2026-07-10T18:32:18.894174,
fff6898e0bea4a9a,https://uy.linkedin.com/jobs/view/incentive-billing-contract-analyst-8-months-at-sabre-4437098938,"Incentive, Billing & Contract Analyst (8 months)",Sabre,posted,2026-07-10T18:32:38.036952,925
a49e5f674733680b,https://uy.linkedin.com/jobs/view/assistente-administrativo-pessoa-com-defici%C3%AAncia-at-segula-technologies-4429964525,Assistente Administrativo - Pessoa com Deficiência,SEGULA Technologies,posted,2026-07-10T18:32:54.435113,927
770e4de6913c1493,https://uy.linkedin.com/jobs/view/vendedor-corporativo-de-veh%C3%ADculos-livianos-at-nexum-consulting-4436607070,Vendedor Corporativo de Vehículos Livianos,,scraped,2026-07-10T18:32:59.152582,
314bacee08deb609,https://uy.linkedin.com/jobs/view/verdiene-schnell-und-einfach-geld-mit-umfragen%21-von-%C3%BCberall%21-studentjob-ch-at-jobster-4437513356,Verdiene schnell und einfach Geld mit Umfragen! Von überall! - Studentjob.ch,,scraped,2026-07-10T18:33:57.727922,
60804664aad5954c,https://uy.linkedin.com/jobs/view/loan-officer-ai-trainer-at-dataannotation-4438681334,Loan Officer - AI Trainer,DataAnnotation,posted,2026-07-10T18:34:38.355795,929
7bc46d381ff1f7d2,https://uy.linkedin.com/jobs/view/senior-lead-php-engineer-with-ai-skills-at-n-ix-4437987984,Senior/ Lead PHP Engineer (with AI Skills),,scraped,2026-07-10T18:34:41.095609,
54dfc20039200744,https://uy.linkedin.com/jobs/view/firmware-engineer-i-at-integer-holdings-corporation-4420616899,Firmware Engineer I,Integer Holdings Corporation,posted,2026-07-10T18:35:31.464627,931
3a94661c1d1a98e7,https://uy.linkedin.com/jobs/view/tester-senior-at-ceibal-4438267125,Tester Senior,Ceibal,posted,2026-07-10T18:36:00.880999,933
8d5b5404a63ad687,https://uy.linkedin.com/jobs/view/contador-para-cliente-fintech-h%C3%ADbrido-at-ey-4397602714,Contador para cliente fintech (híbrido),EY,posted,2026-07-10T18:36:14.847221,935
089e785baf6282d9,https://uy.linkedin.com/jobs/view/platform-integration-lead-at-zonamerica-4434868462,Platform & Integration Lead,,scraped,2026-07-10T18:36:29.527586,
65e764d9d819a08e,https://uy.linkedin.com/jobs/view/home-office-ihre-meinung-ist-wertvoll-%E2%80%93-lassen-sie-sich-daf%C3%BCr-belohnen%21-studentjob-ch-at-jobster-4437536620,Home Office: Ihre Meinung ist wertvoll – lassen Sie sich dafür belohnen! - Studentjob.ch,,scraped,2026-07-10T18:36:38.768499,
575fc704cd4b47a0,https://uy.linkedin.com/jobs/view/financial-advisor-ai-trainer-at-dataannotation-4438689033,Financial Advisor - AI Trainer,DataAnnotation,posted,2026-07-10T18:37:11.115919,937
a6e75a2758676cfc,https://uy.linkedin.com/jobs/view/android-ml-engineer-remote-work-at-bairesdev-4436816410,Android ML Engineer - Remote Work,BairesDev,posted,2026-07-10T18:37:34.112144,939
963b144f263b3133,https://uy.linkedin.com/jobs/view/data-engineer-remote-latin-america-at-fullstack-4430130959,Data Engineer - Remote - Latin America,FullStack,posted,2026-07-10T18:37:41.280278,479
e82244eef61e2bc0,https://uy.linkedin.com/jobs/view/electrical-bim-specialist-%E2%80%93-vendor-track%21-at-eng-4405256605,Electrical BIM Specialist – Vendor Track!,ENG,posted,2026-07-10T18:38:04.538030,941
9ac8dc75e94051db,https://uy.linkedin.com/jobs/view/ai-machine-learning-engineer-remote-latin-america-at-fullstack-4371021530,AI Machine Learning Engineer - Remote - Latin America,FullStack,posted,2026-07-10T18:38:10.087595,239
952f7e075830bdfe,https://uy.linkedin.com/jobs/view/senior-agentic-product-designer-remote-latin-america-at-fullstack-4419982240,Senior Agentic Product Designer - Remote - Latin America,FullStack,posted,2026-07-10T18:38:17.298241,913
f264add5ad57aa21,https://uy.linkedin.com/jobs/view/senior-site-reliability-engineer-sre-remote-work-at-bairesdev-4437524868,Senior Site Reliability Engineer (SRE) - Remote Work,BairesDev,posted,2026-07-10T18:38:26.327835,943
50ed343f145895e4,https://uy.linkedin.com/jobs/view/auxiliar-de-rrhh-at-cipriani-punta-4436621984,Auxiliar de RRHH,,scraped,2026-07-10T23:35:26.615845,
766e78b718daf08d,https://uy.linkedin.com/jobs/view/sales-development-representative-at-dvelop-software-solutions-4436628148,Sales Development Representative,,scraped,2026-07-10T23:35:41.481651,
2c64f4a3d543ce27,https://uy.linkedin.com/jobs/view/entry-level-warehouse-associate-racker-1st-shift-at-pt-natural-indococonut-organik-4438574735,Entry Level Warehouse Associate/Racker - 1st Shift,,scraped,2026-07-10T23:35:55.581526,
35eec5a76c1205e8,https://uy.linkedin.com/jobs/view/adult-education-program-manager-at-greater-lawrence-community-action-council-inc-4439343468,Adult Education Program Manager,Greater Lawrence Community Action Council Inc.,posted,2026-07-10T23:36:30.624265,945
cc149f06f724aa7e,https://uy.linkedin.com/jobs/view/comex-specialist-at-zonamerica-4414007617,Comex Specialist,,scraped,2026-07-10T23:36:39.277688,
33135c895812384e,https://uy.linkedin.com/jobs/view/analista-funcional-at-opentech-4439307503,Analista Funcional,,scraped,2026-07-10T23:36:59.654316,
f416ddc0b5c1aa72,https://uy.linkedin.com/jobs/view/junior-mission-systems-engineer-at-satellogic-4439090449,Junior Mission Systems Engineer,,scraped,2026-07-10T23:37:07.877422,
93988a4c352ae44b,https://uy.linkedin.com/jobs/view/vendedor-a-para-distribuidora-zona-cerro-largo-y-treinta-y-tres-at-san-francisco-c-i-s-a-4438883149,"Vendedor/a para  Distribuidora, zona Cerro Largo y Treinta y Tres",,scraped,2026-07-10T23:37:19.345046,
d88f10ed40b83493,https://uy.linkedin.com/jobs/view/data-governance-analyst-%E2%80%93-bi-specialist-sumate-a-proyectos-de-gobierno-de-datos-y-anal%C3%ADtica-at-practia-uruguay-4439383318,Data Governance Analyst – BI Specialist: Sumate a proyectos de gobierno de datos y analítica,,scraped,2026-07-10T23:37:27.885555,
886d29fa0d400716,https://uy.linkedin.com/jobs/view/spanish-content-writer-remote-at-yo-it-consulting-4437931685,Spanish Content Writer - Remote,,scraped,2026-07-10T23:37:40.710777,
59045ec17ced7491,https://uy.linkedin.com/jobs/view/accounting-specialist-at-nexion-travel-group-4439331967,Accounting Specialist,Nexion Travel Group,posted,2026-07-10T23:38:26.927633,947
206f7e6e566e6164,https://uy.linkedin.com/jobs/view/creator-community-manager-at-latamcent-4438834621,Creator & Community Manager,LatamCent,posted,2026-07-10T23:38:53.328478,949
a2377aec974a1486,https://uy.linkedin.com/jobs/view/solutions-architect-ii-at-homera-health-4439338983,Solutions Architect II,Homera Health,posted,2026-07-10T23:39:21.425531,951
df6076f630162998,https://uy.linkedin.com/jobs/view/data-privacy-governance-analyst-proteg%C3%A9-y-gestion%C3%A1-los-datos-con-foco-en-privacidad-at-practia-uruguay-4439370641,Data Privacy / Governance Analyst: Protegé y gestioná los datos con foco en privacidad,,scraped,2026-07-10T23:40:02.105568,
3c09c6bae45ed914,https://uy.linkedin.com/jobs/view/qa-analyst-at-internova-global-services-4438801891,QA Analyst,Internova Global Services,posted,2026-07-10T23:40:49.466499,651
973a744a0b7f836e,https://uy.linkedin.com/jobs/view/arquitecto-bim-at-covearch-4436628394,Arquitecto BIM,,scraped,2026-07-10T23:40:52.206498,
227687973baa87fa,https://uy.linkedin.com/jobs/view/business-development-manager-%E2%80%93-uruguay-at-vt-markets-4426954748,Business Development Manager – Uruguay,VT Markets,posted,2026-07-10T23:41:32.341418,953
113f4ce80b8ec99e,https://uy.linkedin.com/jobs/view/video-recording-expert-%246-hr-remote-at-crossing-hurdles-4437975397,Video Recording Expert | $6/hr Remote,Crossing Hurdles,posted,2026-07-10T23:41:45.114436,955
bf2557310e8d8578,https://uy.linkedin.com/jobs/view/quality-assurance-technician-2nd-shift-at-pt-natural-indococonut-organik-4439320779,Quality Assurance Technician - 2nd Shift,,scraped,2026-07-10T23:41:47.451721,
78919c12893d9871,https://uy.linkedin.com/jobs/view/marketing-specialist-at-cs-outsource-4438367513,Marketing Specialist,CS Outsource,posted,2026-07-10T23:42:03.021374,43
6b6f26e94852203f,https://uy.linkedin.com/jobs/view/agente-inmobiliario-at-inmobiliaria-imperium-4434549051,Agente inmobiliario,,scraped,2026-07-10T23:42:07.655663,
8a9ab9d8bc3cc2ee,https://uy.linkedin.com/jobs/view/sales-specialist-at-unox-s-p-a-4429398010,Sales Specialist,,scraped,2026-07-10T23:42:16.649053,
305867c16f5c40a3,https://uy.linkedin.com/jobs/view/haftpflichtspezialist-in-sachschaden-und-bau-at-axa-4439038814,Haftpflichtspezialist:in Sachschaden und Bau,,scraped,2026-07-10T23:42:23.647859,
f4a7998d825360e5,https://uy.linkedin.com/jobs/view/representante-independiente-de-negocios-internacionales-at-kvit-corporation-4439332168,REPRESENTANTE INDEPENDIENTE DE NEGOCIOS INTERNACIONALES,KVIT CORPORATION,posted,2026-07-10T23:42:47.672064,957
9bcb2c8b2f9508ba,https://uy.linkedin.com/jobs/view/project-leader-microsoft-fabric-lider%C3%A1-proyectos-de-anal%C3%ADtica-y-datos-at-practia-uruguay-4439366789,Project Leader Microsoft Fabric: Liderá proyectos de analítica y datos,,scraped,2026-07-10T23:43:16.412799,
fc65171dc7b9d343,https://uy.linkedin.com/jobs/view/data-architecture-engineering-expert-dise%C3%B1%C3%A1-soluciones-de-datos-sobre-microsoft-fabric-at-practia-uruguay-4439365942,Data Architecture / Engineering Expert: Diseñá soluciones de datos sobre Microsoft Fabric,,scraped,2026-07-10T23:43:47.255147,
ecf603946e0d0162,https://uy.linkedin.com/jobs/view/analista-contable-presencial-9984-at-pwc-uruguay-4427028137,Analista Contable - Presencial - 9984,PwC Uruguay,posted,2026-07-10T23:44:14.309108,959
e4097d2046f1d720,https://uy.linkedin.com/jobs/view/director-corporate-development-ai-trainer-at-dataannotation-4438689038,Director Corporate Development - AI Trainer,DataAnnotation,posted,2026-07-10T23:44:55.933855,961
a09bad5a4618788e,https://uy.linkedin.com/jobs/view/private-client-advisor-ai-trainer-at-dataannotation-4438685208,Private Client Advisor - AI Trainer,DataAnnotation,posted,2026-07-10T23:45:06.858263,963
addb13abd019cba0,https://uy.linkedin.com/jobs/view/especialista-en-contabilidad-y-sueldos-at-oxygeno-4436614876,Especialista en Contabilidad y Sueldos,,scraped,2026-07-10T23:45:29.586390,
a9cbebbfe5eea8d5,https://uy.linkedin.com/jobs/view/senior-python-data-scraping-engineer-freelance-at-mindrift-4438600527,Senior Python Data Scraping Engineer (Freelance),Mindrift,posted,2026-07-10T23:45:57.134590,167
da70f25a5a0e9eb0,https://uy.linkedin.com/jobs/view/treasurer-ai-trainer-at-dataannotation-4438676703,Treasurer - AI Trainer,DataAnnotation,posted,2026-07-10T23:46:12.641424,965
11940d884efabe37,https://uy.linkedin.com/jobs/view/pasant%C3%ADa-laboral-an%C3%A1lisis-de-datos-jr-at-deinsa-global-4439384318,Pasantía Laboral / Análisis de Datos JR,DEINSA GLOBAL,posted,2026-07-10T23:47:09.617671,967
f4f6a82648fd8e4b,https://uy.linkedin.com/jobs/view/net-software-engineer-relocation-espa%C3%B1a-at-capitole-4435990290,.NET Software Engineer (Relocation España),,scraped,2026-07-10T23:47:12.204436,
fe211ca8fab58bea,https://uy.linkedin.com/jobs/view/esg-analyst-ai-trainer-at-dataannotation-4438672851,ESG Analyst - AI Trainer,DataAnnotation,posted,2026-07-10T23:47:31.582523,969
64a3d128d9b27a59,https://uy.linkedin.com/jobs/view/senior-associate-ai-trainer-at-dataannotation-4438681359,Senior Associate - AI Trainer,DataAnnotation,posted,2026-07-10T23:48:11.826463,971
6d8a73d95d4de2cc,https://uy.linkedin.com/jobs/view/real-estate-investment-associate-ai-trainer-at-dataannotation-4438680430,Real Estate Investment Associate - AI Trainer,DataAnnotation,posted,2026-07-10T23:48:25.712507,973
5669a469f3ab336a,https://uy.linkedin.com/jobs/view/performance-analyst-investments-ai-trainer-at-dataannotation-4438674873,Performance Analyst (Investments) - AI Trainer,DataAnnotation,posted,2026-07-10T23:48:39.678717,975
7b3f91d1ab7137ef,https://uy.linkedin.com/jobs/view/manual-qa-engineer-remote-latin-america-at-fullstack-4439370283,Manual QA Engineer - Remote - Latin America,FullStack,posted,2026-07-10T23:48:55.427005,977
e72af82737758a23,https://uy.linkedin.com/jobs/view/top-verdienen-in-der-schweiz-200-%E2%82%AC-pro-tag-als-dialoger-in-m-w-d-studentjob-ch-at-jobster-4437505812,Top verdienen in der Schweiz: 200 € pro Tag als Dialoger*in (m/w/d) - Studentjob.ch,,scraped,2026-07-10T23:48:57.938892,
4607b9f70859f345,https://uy.linkedin.com/jobs/view/manual-qa-engineer-remote-latin-america-at-fullstack-4439362879,Manual QA Engineer - Remote - Latin America,FullStack,posted,2026-07-10T23:49:08.880902,977
09552d9e6bb86a65,https://uy.linkedin.com/jobs/view/data-engineer-remote-latin-america-at-fullstack-4430142106,Data Engineer - Remote - Latin America,FullStack,posted,2026-07-10T23:49:18.406621,479
89f984221722ddd9,https://uy.linkedin.com/jobs/view/manual-qa-engineer-remote-latin-america-at-fullstack-4439364641,Manual QA Engineer - Remote - Latin America,FullStack,posted,2026-07-10T23:49:24.112685,977
37119f66274c9ce8,https://uy.linkedin.com/jobs/view/soporte-t%C3%A9cnico-it-at-opentech-4439313240,Soporte técnico IT,,scraped,2026-07-11T07:28:36.392911,
ae7669c6c5cbfc92,https://uy.linkedin.com/jobs/view/ciclo-inicial-optativo-%E2%80%93-opci%C3%B3n-social-cio-os-at-posgrado-en-contabilidad-udelar-4439511781,Ciclo Inicial Optativo – Opción Social (CIO-OS),Posgrado en Contabilidad UDELAR,posted,2026-07-11T07:29:10.000045,979
d86c0061049f4f45,https://uy.linkedin.com/jobs/view/guardia-de-seguridad-bilingue-fabrica-at-allied-universal-4439522821,Guardia de Seguridad Bilingue Fabrica,Allied Universal,posted,2026-07-11T07:29:47.593576,981
d43c3ab0d9c436a4,https://uy.linkedin.com/jobs/view/seo-growth-specialist-digital-marketing-agency-remote-at-pressure-washing-marketing-pros-4438815501,"SEO Growth Specialist (Digital Marketing Agency, Remote)",Pressure Washing Marketing Pros,posted,2026-07-11T07:29:56.661845,983
40349475665b571d,https://uy.linkedin.com/jobs/view/data-adoption-specialist-impuls%C3%A1-la-adopci%C3%B3n-de-soluciones-de-datos-at-practia-uruguay-4439383317,Data Adoption Specialist: Impulsá la adopción de soluciones de datos,,scraped,2026-07-11T07:30:01.423409,
3924e65c9e51e73c,https://uy.linkedin.com/jobs/view/administrativo-at-estilo-srl-4439502711,Administrativo,Estilo SRL,posted,2026-07-11T07:30:24.121275,985
ef76f181be7d5a1e,https://uy.linkedin.com/jobs/view/office-based-call-center-agent-canelones-uruguay-at-srr-group-4436872187,"Office-based_Call Center Agent (Canelones, Uruguay)",SRR Group,posted,2026-07-11T07:30:43.314272,987
f054eba5412f87f7,https://uy.linkedin.com/jobs/view/ejecutivo-comercial-banca-retail-at-hsbc-4436629194,Ejecutivo Comercial Banca Retail,HSBC,posted,2026-07-11T07:31:06.757001,989
80feb5e8117fb2b5,https://uy.linkedin.com/jobs/view/desarrollador-python-at-opentech-4439099685,Desarrollador Python,,scraped,2026-07-11T07:31:17.425283,
b86cf7ab7439d186,https://uy.linkedin.com/jobs/view/coordinador-de-pago-a-proveedores-maldonado-at-el-dorado-4438870765,Coordinador de Pago a Proveedores - Maldonado,,scraped,2026-07-11T07:31:26.699352,
bc35a0eafc45ca0b,https://uy.linkedin.com/jobs/view/global-product-director-associate-director-%E2%80%93-new-product-launches-at-knight-therapeutics-4438367168,Global Product Director / Associate Director – New Product Launches,,scraped,2026-07-11T07:31:35.731049,
1d57c1fed7f9147c,https://uy.linkedin.com/jobs/view/cadete-en-moto-at-ues-4439395950,Cadete en moto,,scraped,2026-07-11T07:31:47.061855,
4e30ae16a1dc8674,https://uy.linkedin.com/jobs/view/manual-qa-engineer-remote-latin-america-at-fullstack-4439379109,Manual QA Engineer - Remote - Latin America,FullStack,posted,2026-07-11T07:32:55.588144,977
beda5e1fae9ffe99,https://uy.linkedin.com/jobs/view/agentic-elixir-engineer-remote-latin-america-at-fullstack-4388213000,Agentic Elixir Engineer - Remote - Latin America,FullStack,posted,2026-07-11T07:33:00.980487,101
a1b88340f499f32d,https://uy.linkedin.com/jobs/view/sales-operations-administrative-role-100%25-remote-latam-at-hostaway-4438695319,Sales Operations Administrative Role - 100% Remote - LATAM,,scraped,2026-07-11T07:33:03.611248,
1d82818f820f837b,https://uy.linkedin.com/jobs/view/jefe-comercial-maldonado-at-el-dorado-4438882200,Jefe Comercial - Maldonado,,scraped,2026-07-11T07:33:16.539210,
f6322bf48de94d62,https://uy.linkedin.com/jobs/view/cloud-architect-gcp-at-applaudo-4439345069,Cloud Architect (GCP),,scraped,2026-07-11T07:33:37.457204,
2dafa0ce32b4482d,https://uy.linkedin.com/jobs/view/devops-engineer-sre-senior-o-semi-senior-at-netlabs-4435697158,"Devops Engineer / SRE, Senior o Semi-Senior",,scraped,2026-07-11T07:33:43.788897,
f60e8c40169bd59c,https://uy.linkedin.com/jobs/view/head-of-m-a-ai-trainer-at-dataannotation-4438673838,Head of M&A - AI Trainer,DataAnnotation,posted,2026-07-11T07:34:16.404423,991
16426343bb6cdb12,https://uy.linkedin.com/jobs/view/desarrollador-odoo-senior-at-opentech-4439315206,Desarrollador Odoo Senior,,scraped,2026-07-11T07:34:33.007348,
465873b4d8e8bb9c,https://uy.linkedin.com/jobs/view/asesor-de-servicios-al-cliente-para-montevideo-at-kaizen-consulting-4438877312,ASESOR DE SERVICIOS AL CLIENTE para MONTEVIDEO,,scraped,2026-07-11T07:34:54.267388,
befb4b8ae6d84d09,https://uy.linkedin.com/jobs/view/beta-tester-voluntario-at-groop-4435973842,Beta Tester Voluntario,,scraped,2026-07-11T07:35:14.673838,
fda274c194cc31f4,https://uy.linkedin.com/jobs/view/technical-support-specialist-at-sg-systems-global-4436617631,Technical Support Specialist,SG Systems Global,posted,2026-07-11T07:35:36.171237,993
ba21782cc915d79e,https://uy.linkedin.com/jobs/view/partner-ai-trainer-at-dataannotation-4438670904,Partner - AI Trainer,DataAnnotation,posted,2026-07-11T07:36:31.591343,995
77a03bbb98f2366e,https://uy.linkedin.com/jobs/view/portfolio-management-analyst-ai-trainer-at-dataannotation-4438676708,Portfolio Management Analyst - AI Trainer,DataAnnotation,posted,2026-07-11T07:36:42.419109,997
9d18cf965dcb38b3,https://uy.linkedin.com/jobs/view/treasury-analyst-ai-trainer-at-dataannotation-4438682305,Treasury Analyst - AI Trainer,DataAnnotation,posted,2026-07-11T07:36:56.796071,999
2dbba9b5af988450,https://uy.linkedin.com/jobs/view/head-of-investor-relations-ai-trainer-at-dataannotation-4438681340,Head of Investor Relations - AI Trainer,DataAnnotation,posted,2026-07-11T07:37:19.134591,1001
938083301f948bd7,https://uy.linkedin.com/jobs/view/desarrollador-a-java-senior-4436621401,Desarrollador/a Java Senior,metanoia consultora,posted,2026-07-11T07:38:19.563270,1003
032d19e0c72f0b35,https://uy.linkedin.com/jobs/view/remote-gig-for-videographers-%246-hr-remote-at-crossing-hurdles-4437973726,Remote Gig for Videographers | $6/hr Remote,Crossing Hurdles,posted,2026-07-11T07:38:29.733859,1005
db1ad6e0a6cc76d5,https://uy.linkedin.com/jobs/view/restructuring-analyst-ai-trainer-at-dataannotation-4438687083,Restructuring Analyst - AI Trainer,DataAnnotation,posted,2026-07-11T07:38:40.069558,1007
d7840e5bde06b2e1,https://uy.linkedin.com/jobs/view/machine-learning-engineer-remote-work-at-bairesdev-4436854472,Machine Learning Engineer - Remote Work,BairesDev,posted,2026-07-11T07:38:53.480292,1009
a4e02d6845fb536f,https://uy.linkedin.com/jobs/view/manual-qa-engineer-remote-latin-america-at-fullstack-4439379107,Manual QA Engineer - Remote - Latin America,FullStack,posted,2026-07-11T07:39:53.508924,977
ea180761a551a4e6,https://uy.linkedin.com/jobs/view/manual-qa-engineer-remote-latin-america-at-fullstack-4439379105,Manual QA Engineer - Remote - Latin America,FullStack,posted,2026-07-11T07:40:10.307023,977
a2b675386db75816,https://uy.linkedin.com/jobs/view/data-engineer-remote-latin-america-at-fullstack-4430133957,Data Engineer - Remote - Latin America,FullStack,posted,2026-07-11T07:40:15.398865,479
023270a872d0b27b,https://uy.linkedin.com/jobs/view/senior-agentic-product-designer-remote-latin-america-at-fullstack-4419977385,Senior Agentic Product Designer - Remote - Latin America,FullStack,posted,2026-07-11T07:40:20.048608,913
a8166e36492aeb14,https://uy.linkedin.com/jobs/view/senior-agentic-product-designer-remote-latin-america-at-fullstack-4419974605,Senior Agentic Product Designer - Remote - Latin America,FullStack,posted,2026-07-11T07:40:31.154167,913
232959e364f5099b,https://uy.linkedin.com/jobs/view/docente-de-desarrollo-full-stack-integrado-con-ia-at-universidad-ort-uruguay-4434888521,Docente de Desarrollo Full Stack Integrado con IA,Universidad ORT Uruguay,posted,2026-07-11T07:40:47.518227,1011
f91a3518386f0eb4,https://uy.linkedin.com/jobs/view/cajero-reponedor-at-auren-uruguay-4438849602,Cajero Reponedor,,scraped,2026-07-11T11:37:32.201705,
ebc819f5f9d46f6f,https://uy.linkedin.com/jobs/view/auxiliares-de-tienda-y-cajeros-at-unilam-4438882201,Auxiliares de tienda y Cajeros,,scraped,2026-07-11T11:37:43.987889,
3d0332cd6a3eb3ce,https://uy.linkedin.com/jobs/view/administrativo-a-de-obra-at-nova-construcciones-4439505667,Administrativo/a de Obra,,scraped,2026-07-11T11:37:50.760896,
714f837a279406d3,https://uy.linkedin.com/jobs/view/auxiliar-administrativo-a-para-posventa-at-work-office-4438877316,Auxiliar Administrativo/a para Posventa,,scraped,2026-07-11T11:37:57.798111,
a659893ba627f2e0,https://uy.linkedin.com/jobs/view/asistente-legal-para-estudio-jur%C3%ADdico-at-kaizen-consulting-4435678328,ASISTENTE LEGAL para ESTUDIO JURÍDICO,,scraped,2026-07-11T11:38:06.049370,
4f0d9996e17c36c0,https://uy.linkedin.com/jobs/view/ejecutivo-comercial-montevideo-at-capitaria-latam-4420486597,Ejecutivo comercial - Montevideo,,scraped,2026-07-11T11:38:54.431509,
76e4282572ac80ce,https://uy.linkedin.com/jobs/view/strategy-consultant-ai-training-evaluation-freelance-remote-at-mindrift-4439038919,"Strategy Consultant - AI Training & Evaluation (Freelance, Remote)",Mindrift,posted,2026-07-11T11:39:36.334546,1013
9728503ef4b6bb8d,https://uy.linkedin.com/jobs/view/luxury-air-specialist-at-andrew-harper-4438857918,Luxury Air Specialist,Andrew Harper,posted,2026-07-11T11:40:16.976210,1015
0084d15f949ba3d8,https://uy.linkedin.com/jobs/view/mediaocean-analyst-media-finance-systems-operations-at-truelogic-software-4438863855,MediaOcean Analyst - Media Finance & Systems Operations,Truelogic Software,posted,2026-07-11T11:41:06.068200,1017
c2e9f0d21e4b289b,https://uy.linkedin.com/jobs/view/enterprise-customer-success-manager-remote-latam-at-teramind-4420757579,Enterprise Customer Success Manager (Remote LATAM),Teramind,failed|wp_post_failed,2026-07-11T11:43:05.913196,
889d3024c7070ae6,https://uy.linkedin.com/jobs/view/bi-data-analytics-consultant-at-dynamo-global-4436616538,BI & Data Analytics Consultant,,scraped,2026-07-11T11:43:12.529329,
9082d465b3fb3ebb,https://uy.linkedin.com/jobs/view/devops-engineer-uy-at-core-code-io-4438388512,DevOps Engineer UY,Core Code io,failed|wp_post_failed,2026-07-11T11:43:35.827625,
f2175d6d7d3bd3eb,https://uy.linkedin.com/jobs/view/software-engineer-at-btg-group-4438343799,Software Engineer,,scraped,2026-07-11T11:44:58.471723,
e56c29c85b4a3be2,https://uy.linkedin.com/jobs/view/asistente-t%C3%A9cnico-y-administrativo-at-universidad-ort-uruguay-4434893430,Asistente Técnico y Administrativo,Universidad ORT Uruguay,posted,2026-07-11T11:45:42.285088,1018
1d42e4fd1c7d2f6c,https://uy.linkedin.com/jobs/view/senior-security-data-scientist-python-remote-work-at-bairesdev-4437506654,Senior Security Data Scientist (Python) - Remote Work,BairesDev,failed|wp_post_failed,2026-07-11T11:47:05.625615,
5ebdde5632022695,https://uy.linkedin.com/jobs/view/senior-agentic-product-designer-remote-latin-america-at-fullstack-4419989177,Senior Agentic Product Designer - Remote - Latin America,FullStack,failed|wp_post_failed,2026-07-11T11:47:19.596628,
97e160a6a5226d16,https://uy.linkedin.com/jobs/view/wealth-management-advisor-ai-trainer-at-dataannotation-4438682279,Wealth Management Advisor - AI Trainer,DataAnnotation,failed|wp_post_failed,2026-07-11T11:47:47.939732,
5e167f117d7cceb0,https://uy.linkedin.com/jobs/view/data-engineer-at-dynamo-global-4423659792,Data Engineer,,scraped,2026-07-11T11:48:08.546534,
83aaa24510b3e8f7,https://uy.linkedin.com/jobs/view/equity-trader-ai-trainer-at-dataannotation-4438682282,Equity Trader - AI Trainer,DataAnnotation,posted,2026-07-11T11:50:40.478006,1020
102ce4ffba5d923c,https://uy.linkedin.com/jobs/view/claims-analyst-ai-trainer-at-dataannotation-4438674859,Claims Analyst - AI Trainer,DataAnnotation,posted,2026-07-11T11:51:15.154185,1022
a7b8592f9a6233d3,https://uy.linkedin.com/jobs/view/investment-partner-ai-trainer-at-dataannotation-4438687102,Investment Partner - AI Trainer,DataAnnotation,posted,2026-07-11T11:51:38.021458,1024
ad0f613c376af7ff,https://uy.linkedin.com/jobs/view/portfolio-analyst-ai-trainer-at-dataannotation-4438669920,Portfolio Analyst - AI Trainer,DataAnnotation,posted,2026-07-11T11:51:49.298592,1026
da5072d07357e053,https://uy.linkedin.com/jobs/view/merchandiser-junior-at-sadenir-sa-4435992964,Merchandiser Junior,,scraped,2026-07-11T11:51:53.917234,
dcfccb336f0c37c3,https://uy.linkedin.com/jobs/view/senior-data-engineer-at-specialized-bicycle-components-4402514877,Senior Data Engineer,Specialized Bicycle Components,posted,2026-07-11T11:52:42.566335,1028
177f0425bc7530a9,https://uy.linkedin.com/jobs/view/certified-nursing-assistant-cna-human-services-technician-hst-part-time-evening-shift-at-minnesota-direct-care-and-treatment-4436624954,"Certified Nursing Assistant (CNA) - Human Services Technician (HST) / Part-Time, Evening Shift",Minnesota Direct Care and Treatment,posted,2026-07-11T11:53:43.272795,1030
72c1b1b41fd94b80,https://uy.linkedin.com/jobs/view/operario-de-dep%C3%B3sito-at-secocenter-4439516067,Operario de Depósito,,scraped,2026-07-11T15:48:01.888122,
d7b9e133931d8d85,https://uy.linkedin.com/jobs/view/ejecutivos-de-apoyo-a-las-actividades-comerciales-para-ose-punta-del-diablo-at-auren-uruguay-4439068045,Ejecutivos de Apoyo a las Actividades Comerciales para OSE Punta del Diablo,,scraped,2026-07-11T15:48:37.318594,
a5753b42f279817b,https://uy.linkedin.com/jobs/view/mep-quality-manager-at-linesight-4436846884,MEP Quality Manager,,scraped,2026-07-11T15:48:55.550878,
12cd052cad19c7a1,https://uy.linkedin.com/jobs/view/account-manager-at-hh-global-4431161417,Account Manager,,scraped,2026-07-11T15:49:16.028814,
5c86d8aa1e3bc3d9,https://uy.linkedin.com/jobs/view/tiktok-content-specialist-at-scale-up-recruiting-partners-4438905904,TikTok Content Specialist,Scale Up Recruiting Partners,posted,2026-07-11T15:50:18.896725,1032
b2e47a6c49a2ebdb,https://uy.linkedin.com/jobs/view/product-designer-figma-%2B-agentic-ai-remote-latin-america-at-fullstack-4421236883,Product Designer (Figma + Agentic AI) - Remote - Latin America,FullStack,posted,2026-07-11T15:51:03.663150,1034
1ea50c68874cad56,https://uy.linkedin.com/jobs/view/product-designer-figma-%2B-agentic-ai-remote-latin-america-at-fullstack-4421251482,Product Designer (Figma + Agentic AI) - Remote - Latin America,FullStack,posted,2026-07-11T15:51:43.368339,1034
d49b36535cd8df3a,https://uy.linkedin.com/jobs/view/r%C3%A9pondez-%C3%A0-des-enqu%C3%AAtes-de-chez-vous-pendant-votre-temps-libre-%21-studentjob-ch-at-jobster-4437511696,Répondez à des enquêtes de chez vous pendant votre temps libre ! - Studentjob.ch,,scraped,2026-07-11T15:53:13.940358,
16ee80f646e3e0b9,https://uy.linkedin.com/jobs/view/arquitecto-proyecto-ejecutivo-bim-at-%C3%B3rbita-collaborative-studio-4435674489,Arquitecto Proyecto Ejecutivo | BIM,ÓRBITA | Estudio Colaborativo,posted,2026-07-11T15:53:33.433567,1036
dfaf5cb16e10e113,https://uy.linkedin.com/jobs/view/senior-react-engineer-at-plan-a-technologies-4437922521,Senior React Engineer,Plan A Technologies,posted,2026-07-11T15:53:59.813325,1038
8a967ad4db4228e4,https://uy.linkedin.com/jobs/view/c%2B%2B-developer-at-worldquant-4411274118,C++ Developer,WorldQuant,posted,2026-07-11T15:55:17.482598,1040
cc1af43656a2d261,https://uy.linkedin.com/jobs/view/product-designer-figma-%2B-agentic-ai-remote-latin-america-at-fullstack-4421235931,Product Designer (Figma + Agentic AI) - Remote - Latin America,FullStack,posted,2026-07-11T15:55:41.462039,1034
cfcbd7aabc8fa7a2,https://uy.linkedin.com/jobs/view/analista-de-sistemas-experto-en-procesos-at-pwc-4438250225,Analista de Sistemas Experto en Procesos,PwC,posted,2026-07-11T15:56:20.222076,1042
774ed255746ee46c,https://uy.linkedin.com/jobs/view/senior-salesforce-consultant-at-definity-4439343466,Senior Salesforce Consultant,Definity,posted,2026-07-11T15:56:39.464990,1044
a1e8b67cb54729fc,https://uy.linkedin.com/jobs/view/python-engineer-remote-latin-america-at-fullstack-4421241575,Python Engineer - Remote - Latin America,FullStack,posted,2026-07-11T15:57:04.984248,1046
92b9162aeeddfd10,https://uy.linkedin.com/jobs/view/senior-agentic-product-designer-remote-latin-america-at-fullstack-4419985189,Senior Agentic Product Designer - Remote - Latin America,FullStack,posted,2026-07-11T15:57:19.478685,913
9c24dbed8d150f20,https://uy.linkedin.com/jobs/view/guia-turistico-en-ingles-at-colonia-experiences-4436680444,GUIA TURISTICO EN INGLES,COLONIA EXPERIENCES,posted,2026-07-11T19:58:18.305630,1048
f8c850d863e6833d,https://uy.linkedin.com/jobs/view/vegoil-operator-at-trafigura-4411795090,Vegoil Operator,,scraped,2026-07-11T19:58:22.986421,
71d413eaf60c33f9,https://uy.linkedin.com/jobs/view/executive-talent-acquisition-partner-at-scale-army-careers-4438303025,Executive Talent Acquisition Partner,Scale Army Careers,posted,2026-07-11T19:58:38.902209,1050
93b24063f2e82065,https://uy.linkedin.com/jobs/view/dba-specialist-work-from-home-at-nortal-4438369257,DBA Specialist - Work from home,,scraped,2026-07-11T19:58:41.565426,
097b8ef30602b97b,https://uy.linkedin.com/jobs/view/chofer-%E2%80%93-%C3%A1rea-de-log%C3%ADstica-y-mantenimiento-at-nadya-recruiting-4439584047,Chofer – Área de Logística y Mantenimiento,Nadya Recruiting,posted,2026-07-11T19:58:55.851760,1052
474660130d662153,https://uy.linkedin.com/jobs/view/tecn%C3%B3logo-en-administraci%C3%B3n-y-contabilidad-tac-at-posgrado-en-contabilidad-udelar-4439524126,Tecnólogo en Administración y Contabilidad (TAC),Posgrado en Contabilidad UDELAR,posted,2026-07-11T19:59:20.904512,1054
18e621e192f47757,https://uy.linkedin.com/jobs/view/analista-de-marketing-at-grupo-arcor-4436604734,Analista de Marketing,,scraped,2026-07-11T19:59:27.550178,
e65522fb5fbc8d6d,https://uy.linkedin.com/jobs/view/business-development-manager-south-cone-at-ratehawk-4439325972,"Business Development Manager, South Cone",RateHawk,posted,2026-07-11T19:59:47.619068,1056
0aef55b1f0341fff,https://uy.linkedin.com/jobs/view/privacy-engineering-director-at-duckduckgo-4429685522,Privacy Engineering Director,DuckDuckGo,posted,2026-07-11T20:00:04.868593,1058
b2ec1a656683c40d,https://uy.linkedin.com/jobs/view/jss-territory-representative-at-milwaukee-tool-4428293466,JSS Territory Representative,Milwaukee Tool,posted,2026-07-11T20:01:04.663638,1060
fffb8812da095fb0,https://uy.linkedin.com/jobs/view/telemarketing-at-teleservicios-4436626129,Telemarketing,,scraped,2026-07-11T20:02:03.289027,
8ea0be458f3b2d6a,https://uy.linkedin.com/jobs/view/principal-platform-engineer-at-sparq-4438816360,Principal Platform Engineer,Sparq,posted,2026-07-11T20:03:10.845109,1062
ec29cb7eb0146944,https://uy.linkedin.com/jobs/view/l%C3%ADder-de-marketing-at-experis-uruguay-4436616357,Líder de Marketing,,scraped,2026-07-11T20:03:17.454020,
4f8c651d85ddf3c1,https://uy.linkedin.com/jobs/view/desarrolladores-java-at-improve%C2%AE-hr-consulting-4439316879,Desarrolladores Java,,scraped,2026-07-11T20:03:26.269671,
feef9df74a01501d,https://uy.linkedin.com/jobs/view/director-insurance-operations-ai-trainer-at-dataannotation-4438681361,Director Insurance Operations - AI Trainer,DataAnnotation,posted,2026-07-11T20:04:56.383011,1064
780382a294d3a5bb,https://uy.linkedin.com/jobs/view/fixed-income-research-analyst-ai-trainer-at-dataannotation-4438666945,Fixed Income Research Analyst - AI Trainer,DataAnnotation,posted,2026-07-11T20:05:26.720082,1066
07e5f68074193e37,https://uy.linkedin.com/jobs/view/pasant%C3%ADa-laboral-research-and-development-at-deinsa-global-4438951063,Pasantía Laboral / Research and Development,DEINSA GLOBAL,posted,2026-07-11T20:06:34.109466,1068
e6971b2bf0975d9f,https://uy.linkedin.com/jobs/view/python-engineer-remote-latin-america-at-fullstack-4421253355,Python Engineer - Remote - Latin America,FullStack,posted,2026-07-11T20:07:33.713187,1046
0689ad27ecf7b163,https://uy.linkedin.com/jobs/view/senior-ai-engineer-irc297440-at-globallogic-4429374343,Senior AI Engineer IRC297440,GlobalLogic,posted,2026-07-11T20:08:24.098609,1070
bdfcf9c606685f61,https://uy.linkedin.com/jobs/view/full-stack-developer-java-%2B-kotlin-%2B-react-remote-latin-america-at-fullstack-4438659881,Full Stack Developer (Java + Kotlin + React) - Remote - Latin America,FullStack,posted,2026-07-11T20:08:33.145142,497
08ef507aa1f653da,https://uy.linkedin.com/jobs/view/vendedor-a-para-reconocida-distribuidora-zona-florida-at-san-francisco-c-i-s-a-4438871704,"Vendedor/a para reconocida Distribuidora, zona Florida",,scraped,2026-07-11T21:05:41.251510,
8de8ff009561dfef,https://uy.linkedin.com/jobs/view/mozo-at-aloft-montevideo-hotel-4436663980,Mozo,Aloft Montevideo Hotel,posted,2026-07-11T21:06:30.204352,1072
64e26d0abe594a95,https://uy.linkedin.com/jobs/view/sports-data-collector-football-trinidad-flores-uruguay-at-genius-sports-4427829412,"Sports Data Collector (Football) - Trinidad, Flores, Uruguay",,scraped,2026-07-11T21:08:58.614747,
c827d2469ae0de5a,https://uy.linkedin.com/jobs/view/sr-sdet-gaming-industry-at-perform-4361879814,Sr. SDET (Gaming Industry),Perform,posted,2026-07-11T21:12:09.702079,1074
cd64dd6613d8cf98,https://uy.linkedin.com/jobs/view/contador-para-asesoramiento-impositivo-h%C3%ADbrido-at-ey-4409621159,Contador para Asesoramiento Impositivo (híbrido),EY,posted,2026-07-11T21:12:22.958309,1076
952bc3c8ee0141a4,https://uy.linkedin.com/jobs/view/adobe-target-consultant-work-from-home-at-nortal-4438355734,Adobe Target Consultant - Work from home,,scraped,2026-07-11T21:12:29.753238,
d6c16fb7c9fa4aa6,https://uy.linkedin.com/jobs/view/tomaconsumo-para-varias-localidades-at-estilo-srl-4439700383,Tomaconsumo para varias localidades,Estilo SRL,posted,2026-07-12T20:15:21.080470,1078
9830c73f51bca522,https://uy.linkedin.com/jobs/view/entertainment-and-corporate-specialist-at-internova-global-services-4439726877,Entertainment and Corporate Specialist,Internova Global Services,posted,2026-07-12T20:16:24.460669,1080
77e14c8a79c4bf78,https://uy.linkedin.com/jobs/view/product-manager-at-blend-4439301113,Product Manager,Blend,posted,2026-07-12T20:16:29.401240,211
3afc03d33e905e28,https://uy.linkedin.com/jobs/view/food-service-worker-part-time-day-shift-at-minnesota-direct-care-and-treatment-4436633698,"Food Service Worker / Part-Time, Day Shift",Minnesota Direct Care and Treatment,posted,2026-07-12T20:17:35.411578,1082
f5f93df49b77d77f,https://uy.linkedin.com/jobs/view/hr-technician-human-resources-technician-2-full-time-day-shift-at-minnesota-direct-care-and-treatment-4436647055,"HR Technician - Human Resources Technician 2 / Full time, Day Shift",Minnesota Direct Care and Treatment,posted,2026-07-12T20:17:55.183252,1084
28dba6884331c04d,https://uy.linkedin.com/jobs/view/sdr-sales-development-representative-uy-at-core-code-io-4438964332,SDR (Sales Development Representative) UY,Core Code io,posted,2026-07-12T20:18:13.319556,1086
fb963d9e7f528bb7,https://uy.linkedin.com/jobs/view/analista-de-administraci%C3%B3n-y-operaciones-zona-aeropuerto-at-lic-paola-latorraca-4437229464,Analista de Administración y Operaciones zona aeropuerto,Lic Paola Latorraca,posted,2026-07-12T20:18:28.257660,1088
36eacec48b4d5550,https://uy.linkedin.com/jobs/view/inbound-sales-performance-leader-at-express-chipping-inc-4439738791,Inbound Sales Performance Leader,"Express Chipping, Inc.",posted,2026-07-12T20:18:39.412097,1090
9486e79647ff17a0,https://uy.linkedin.com/jobs/view/structured-trade-finance-analyst-at-trafigura-4411705781,Structured Trade Finance Analyst,,scraped,2026-07-12T20:18:58.027690,
6b3fd2a5020fbf77,https://uy.linkedin.com/jobs/view/senior-mobile-developer-sumate-a-proyectos-mobile-multiplataforma-at-practia-uruguay-4439038615,Senior Mobile Developer: Sumate a proyectos mobile multiplataforma,,scraped,2026-07-12T20:19:23.105112,
4ccac50dfb3c9480,https://uy.linkedin.com/jobs/view/ai-content-marketing-specialist-saas-startup-at-scale-up-recruiting-partners-4438923423,AI Content Marketing Specialist - SaaS StartUp,Scale Up Recruiting Partners,posted,2026-07-12T20:19:42.644748,1092
a3842e28df35f34d,https://uy.linkedin.com/jobs/view/investment-director-ai-trainer-at-dataannotation-4438675770,Investment Director - AI Trainer,DataAnnotation,posted,2026-07-12T20:20:58.591405,1094
2bcb396efb757050,https://uy.linkedin.com/jobs/view/client-relationship-specialist-portuguese-speaker-at-exness-4422046908,Client Relationship Specialist - Portuguese speaker,,scraped,2026-07-12T20:21:13.211839,
5a42623b9ac8adb8,https://uy.linkedin.com/jobs/view/principal-services-business-development-at-mastercard-4417692234,"Principal, Services Business Development",Mastercard,posted,2026-07-12T20:22:32.361333,1096
821950abe39acffb,https://uy.linkedin.com/jobs/view/enfermero-cuidador-para-hotel-asistido-del-adulto-mayor-at-h%C3%B4tel-lafayette-4438883148,Enfermero cuidador para hotel asistido del adulto mayor,Hôtel Lafayette,posted,2026-07-12T20:22:44.022904,1098
552f6cbe40247976,https://uy.linkedin.com/jobs/view/ubuntu-linux-user-for-ai-data-training-at-sme-careers-4431369542,Ubuntu/Linux User for AI Data Training,SME Careers,posted,2026-07-12T20:23:18.020182,1100
90712282b37f13ec,https://uy.linkedin.com/jobs/view/m-a-vice-president-ai-trainer-at-dataannotation-4438669887,M&A Vice President - AI Trainer,DataAnnotation,posted,2026-07-12T20:23:43.853524,1102
c7dc581f39c812f4,https://uy.linkedin.com/jobs/view/chief-information-officer-ai-trainer-at-dataannotation-4438668963,Chief Information Officer - AI Trainer,DataAnnotation,posted,2026-07-12T20:23:58.305172,1104
0347287dd9a998f8,https://uy.linkedin.com/jobs/view/ecm-vice-president-ai-trainer-at-dataannotation-4438674855,ECM Vice President - AI Trainer,DataAnnotation,posted,2026-07-12T20:24:14.694352,1106
fea465d77584647d,https://uy.linkedin.com/jobs/view/online-umfragen-im-home-office-bearbeiten-f%C3%BCr-geld-studentjob-ch-at-jobster-4437529489,Online-Umfragen im Home-Office bearbeiten für Geld - Studentjob.ch,,scraped,2026-07-12T20:24:31.255486,
0a82d6440c5285b2,https://uy.linkedin.com/jobs/view/financial-consultant-ai-trainer-at-dataannotation-4438683272,Financial Consultant - AI Trainer,DataAnnotation,posted,2026-07-12T20:25:19.708168,1108
07a9fabf514ea7c8,https://uy.linkedin.com/jobs/view/vice-president-retail-banking-ai-trainer-at-dataannotation-4438675762,Vice President Retail Banking - AI Trainer,DataAnnotation,posted,2026-07-12T20:25:33.883626,1110
70f05be6e5550b63,https://uy.linkedin.com/jobs/view/netsuite-business-analyst-%E2%80%93-quality-assurance-at-internova-global-services-4439736222,NetSuite Business Analyst – Quality Assurance,Internova Global Services,posted,2026-07-12T20:26:29.805888,1112
fdaa9c207bb05748,https://uy.linkedin.com/jobs/view/python-engineer-remote-latin-america-at-fullstack-4421252343,Python Engineer - Remote - Latin America,FullStack,posted,2026-07-12T20:26:41.061555,1046
16b1982c2823b5cc,https://uy.linkedin.com/jobs/view/assistant-treasurer-ai-trainer-at-dataannotation-4438690002,Assistant Treasurer - AI Trainer,DataAnnotation,posted,2026-07-12T20:27:07.020563,1114
83a8780a4b0b1469,https://uy.linkedin.com/jobs/view/python-engineer-remote-latin-america-at-fullstack-4421253356,Python Engineer - Remote - Latin America,FullStack,posted,2026-07-12T20:27:22.045469,1046
f0c3c144c02e7ee7,https://uy.linkedin.com/jobs/view/python-engineer-remote-latin-america-at-fullstack-4421236881,Python Engineer - Remote - Latin America,FullStack,posted,2026-07-12T20:27:32.817865,1046
4b480ca7244c6831,https://uy.linkedin.com/jobs/view/encargada-de-caja-at-forever-living-products-uk-ltd-4439589704,Encargada de Caja,,scraped,2026-07-13T20:47:07.378229,
2ecca5718d667c95,https://uy.linkedin.com/jobs/view/auxiliar-de-elaboraci%C3%B3n-panader%C3%ADa-y-rotiser%C3%ADa-at-tienda-inglesa-4439595495,Auxiliar de Elaboración - Panadería y Rotisería,Tienda Inglesa,failed|wp_post_failed,2026-07-13T20:47:29.137001,
3e62ac00a2e0ba11,https://uy.linkedin.com/jobs/view/hr-payroll-new-joiner-analyst-north-america-fixed-term-contract-until-march-2027-at-syngenta-4440090109,HR Payroll & New Joiner Analyst North America (fixed term contract until March 2027),,scraped,2026-07-13T20:47:39.778591,
313290ca32a34b8a,https://uy.linkedin.com/jobs/view/profesor-de-ingl%C3%A9s-at-colegio-y-liceo-hans-christian-andersen-4437285678,Profesor de inglés,,scraped,2026-07-13T20:47:52.519202,
33b286226394dc04,https://uy.linkedin.com/jobs/view/encargado-de-sala-y-eventos-at-oxygeno-4437295766,Encargado de sala y eventos,,scraped,2026-07-13T20:48:21.330868,
d444e1e306abbd5f,https://uy.linkedin.com/jobs/view/l%C3%ADder-de-mejora-continua-para-prestigiosa-instituci%C3%B3n-de-salud-at-manpowergroup-uruguay-4437283097,Líder de Mejora Continua - Para prestigiosa institución de salud,,scraped,2026-07-13T20:48:39.692464,
a72eda7189b02cb3,https://uy.linkedin.com/jobs/view/chofer-para-semirremolque-cazamba-suplencia-at-ecotecno-4439596506,CHOFER PARA SEMIRREMOLQUE/CAZAMBA (SUPLENCIA),,scraped,2026-07-13T20:48:48.932658,
1d3080fc4350a54c,https://uy.linkedin.com/jobs/view/telemarketer-at-metlife-4440312126,Telemarketer,MetLife,failed|wp_post_failed,2026-07-13T20:49:06.655688,
be8e97ce3bc1f3ee,https://uy.linkedin.com/jobs/view/data-governance-expert-impuls%C3%A1-modelos-de-gobierno-de-datos-e-ia-responsable-at-practia-uruguay-4439377491,Data Governance Expert: Impulsá modelos de gobierno de datos e IA responsable,,scraped,2026-07-13T20:49:09.290275,
f2b1bf1d3bbb536b,https://uy.linkedin.com/jobs/view/asistente-de-liquidaci%C3%B3n-de-sueldos-at-talentboost-hr-4437286524,Asistente de liquidación de sueldos,,scraped,2026-07-13T20:49:16.247139,
71a9e868ae4b1ac6,https://uy.linkedin.com/jobs/view/cloud-native-solution-architect-at-basf-4436615627,Cloud-native Solution Architect,,scraped,2026-07-13T20:49:26.578613,
287a7c1c5feff013,https://uy.linkedin.com/jobs/view/analista-de-inventario-control-y-precisi%C3%B3n-inbound-calidad-at-grupo-tigre-4437610601,Analista de Inventario (Control y Precisión / Inbound / Calidad),,scraped,2026-07-13T20:49:37.692182,
e5720dbf4b082bbd,https://uy.linkedin.com/jobs/view/ingeniero-el%C3%A9ctrico-junior-at-csi-4440028544,Ingeniero Eléctrico Junior,,scraped,2026-07-13T20:49:48.905135,
b20b9cf9bcbea2fb,https://uy.linkedin.com/jobs/view/backend-developer-uy-at-core-code-io-4439107678,Backend Developer UY,Core Code io,failed|wp_post_failed,2026-07-13T20:50:05.014296,
25265bdb91a75d94,https://uy.linkedin.com/jobs/view/sr-ticketing-agent-at-nexion-travel-group-4440089834,Sr Ticketing Agent,Nexion Travel Group,failed|wp_post_failed,2026-07-13T20:50:23.654246,
8a1c41ef6263c4e8,https://uy.linkedin.com/jobs/view/asistente-de-control-de-calidad-at-randstad-uruguay-4437610280,Asistente de Control de Calidad,,scraped,2026-07-13T20:50:26.347832,
df4857004f02fd78,https://uy.linkedin.com/jobs/view/asistente-comercial-jr-con-ingl%C3%A9s-avanzado-montevideo-at-manpowergroup-4437278947,Asistente comercial jr (con inglés avanzado) - Montevideo,ManpowerGroup,failed|wp_post_failed,2026-07-13T20:50:41.241819,
f010e14ecf3f1802,https://uy.linkedin.com/jobs/view/t%C3%A9cnico-de-mantenimiento-at-spie-wind-latam-4437624067,Técnico de mantenimiento,SPIE WIND LATAM,failed|wp_post_failed,2026-07-13T20:50:51.842387,
7072f301976ca787,https://uy.linkedin.com/jobs/view/account-manager-at-manpowergroup-4437605817,Account Manager,ManpowerGroup,failed|wp_post_failed,2026-07-13T20:51:00.431571,
27abc9c315d5989d,https://uy.linkedin.com/jobs/view/cash-operations-specialist-at-veta-virtual-4439424117,Cash Operations Specialist,,scraped,2026-07-13T20:51:09.133934,
3d863c6a7c21e17c,https://uy.linkedin.com/jobs/view/treasury-analyst-at-veta-virtual-4439415455,Treasury Analyst,,scraped,2026-07-13T20:51:23.596698,
cb0ca4c68f13a6c9,https://uy.linkedin.com/jobs/view/licenciatura-en-econom%C3%ADa-agr%C3%ADcola-y-gesti%C3%B3n-de-agronegocios-at-posgrado-en-contabilidad-udelar-4439529042,Licenciatura en Economía Agrícola y Gestión de Agronegocios,Posgrado en Contabilidad UDELAR,failed|wp_post_failed,2026-07-13T20:51:35.686041,
19b6291174ac27f6,https://uy.linkedin.com/jobs/view/senior-product-designer-latam-at-homeward-4440087365,Senior Product Designer (LatAm),Homeward,failed|wp_post_failed,2026-07-13T20:51:45.307553,
aba4ced90c8d44cb,https://uy.linkedin.com/jobs/view/project-manager-at-totalnet-uruguay-4437609090,Project Manager,Totalnet Uruguay,failed|wp_post_failed,2026-07-13T20:52:00.202335,
523bca4360722c84,https://uy.linkedin.com/jobs/view/encargado-de-mantenimiento-at-solanas-punta-del-este-4437273655,Encargado de Mantenimiento,,scraped,2026-07-13T20:52:08.877725,
619ac913f00b3f7c,https://uy.linkedin.com/jobs/view/account-manager-at-veta-virtual-4439414475,Account Manager,,scraped,2026-07-13T20:52:18.984140,
7b61a7e250c82a0f,https://uy.linkedin.com/jobs/view/brand-manager-at-santa-rosa-4439179842,Brand Manager,,scraped,2026-07-13T20:52:27.103916,
91d4f7ff8b00e6ea,https://uy.linkedin.com/jobs/view/ingeniero-a-postventa-administraci%C3%B3n-sistemas-y-redes-at-caf-construcciones-y-auxiliar-de-ferrocarriles-4439157479,Ingeniero/a Postventa administración sistemas y redes,,scraped,2026-07-13T20:52:38.226547,
7b2d9a58d7471c86,https://uy.linkedin.com/jobs/view/jefe-de-obra-4437605724,Jefe de obra,Destimar,failed|wp_post_failed,2026-07-13T20:52:50.332941,
df08f6e417705ee8,https://uy.linkedin.com/jobs/view/ingeniero-el%C3%A9ctrico-senior-at-csi-4440040074,Ingeniero Eléctrico Senior,,scraped,2026-07-13T20:53:03.092815,
0cbdc1c80edcfb88,https://uy.linkedin.com/jobs/view/comprador-t%C3%A9cnico-junior-at-larobotics-s-a-s-4433193910,Comprador Técnico Junior,,scraped,2026-07-13T20:53:35.375633,
d2e8fee913ee5761,https://uy.linkedin.com/jobs/view/freelance-mobile-app-developer-ios-android-at-mindrift-4439788932,Freelance Mobile App Developer (iOS / Android),Mindrift,failed|wp_post_failed,2026-07-13T20:53:52.067161,
9991cadfe801d92b,https://uy.linkedin.com/jobs/view/ingeniero-el%C3%A9ctrico-semi-senior-at-csi-4440023812,Ingeniero Eléctrico Semi Senior,,scraped,2026-07-13T20:53:54.637824,
3c9e1047cfc8bfdb,https://uy.linkedin.com/jobs/view/product-support-analyst-i-vip-bilingual-portuguese-at-sabre-4438396865,Product Support Analyst I - VIP - Bilingual Portuguese,Sabre,failed|wp_post_failed,2026-07-13T20:54:20.625878,
115f20ed8fb464c9,https://uy.linkedin.com/jobs/view/staff-software-engineer-product-at-lawnstarter-4437272912,"Staff Software Engineer, Product",LawnStarter,failed|wp_post_failed,2026-07-13T20:54:29.304009,
d6711b947a22d21f,https://uy.linkedin.com/jobs/view/software-engineer-back-end-at-lato-jobs-4439754803,Software Engineer Back End,,scraped,2026-07-13T20:54:37.920135,
47ebd4ccb4410d64,https://uy.linkedin.com/jobs/view/service-technician-at-nordex-group-4440046621,Service Technician,,scraped,2026-07-13T20:54:46.221598,
d8b5f544b75eb768,https://uy.linkedin.com/jobs/view/customer-technical-support-engineer-at-mercor-4421396232,Customer Technical Support Engineer,Mercor,failed|wp_post_failed,2026-07-13T20:55:16.499116,
c4d1218b5d043b4e,https://uy.linkedin.com/jobs/view/claims-specialist-6-month-contract-at-cover-genius-4439582952,Claims Specialist (6-month contract),Cover Genius,failed|wp_post_failed,2026-07-13T20:55:24.998219,
b89e25effdb672c9,https://uy.linkedin.com/jobs/view/asistente-de-cuentas-marketing-digital-an%C3%A1lisis-de-datos-at-el-pa%C3%ADs-uruguay-4437293358,Asistente de Cuentas | Marketing Digital & Análisis de Datos,El País Uruguay,failed|wp_post_failed,2026-07-13T20:55:37.665365,
9b4cf115af2648d4,https://uy.linkedin.com/jobs/view/senior-seo-content-strategist-at-veta-virtual-4439401966,Senior SEO Content Strategist,,scraped,2026-07-13T20:56:34.357882,
669f2f0c38d24c5b,https://uy.linkedin.com/jobs/view/software-engineer-backend-bigqueue-at-lato-jobs-4439757695,Software Engineer Backend - BigQueue,,scraped,2026-07-13T20:56:46.465803,
216350899756cf81,https://uy.linkedin.com/jobs/view/heimarbeit-homeoffice-mit-online-umfragen-geld-verdienen-von-%C3%BCberall%21-studentjob-ch-at-jobster-4439187091,Heimarbeit / Homeoffice: Mit online-Umfragen Geld verdienen von überall! - Studentjob.ch,,scraped,2026-07-13T20:57:03.031263,
9f3ff5ea4b4771e0,https://uy.linkedin.com/jobs/view/senior-site-reliability-engineer-sre-remote-work-at-bairesdev-4439462420,Senior Site Reliability Engineer (SRE) - Remote Work,BairesDev,failed|wp_post_failed,2026-07-13T20:57:35.593361,
9df7111cbdb8d43d,https://uy.linkedin.com/jobs/view/sr-ticketing-agent-at-internova-travel-group-4437624413,Sr. Ticketing Agent,Internova Travel Group,failed|wp_post_failed,2026-07-13T20:57:44.110050,
4324996482d54982,https://uy.linkedin.com/jobs/view/senior-technical-program-manager-remote-work-at-bairesdev-4439460619,Senior Technical Program Manager - Remote Work,BairesDev,failed|wp_post_failed,2026-07-13T20:57:51.922877,
61b74a1770771842,https://uy.linkedin.com/jobs/view/director-de-proyecto-at-creatio-4437622422,Director de proyecto,Creatio,failed|wp_post_failed,2026-07-13T20:58:00.615482,
800dba5d39e8d76b,https://uy.linkedin.com/jobs/view/business-growth-manager-at-flokzu-4437607797,Business Growth Manager,,scraped,2026-07-13T20:58:03.238753,
fe81fa044ec60d9b,https://uy.linkedin.com/jobs/view/react-frontend-developer-at-totalnet-uruguay-4437213921,React Frontend Developer,Totalnet Uruguay,failed|wp_post_failed,2026-07-13T20:58:21.287613,
c793a3ead3519638,https://uy.linkedin.com/jobs/view/job-mit-sinn-dialoger-m-w-d-80-%E2%80%93-100%25-chf-210-tag-fix-%2B-bonus-studentjob-ch-at-jobster-4439177633,Job mit Sinn: Dialoger (m/w/d) (80 – 100%) CHF 210.-/Tag fix + Bonus - Studentjob.ch,,scraped,2026-07-13T20:58:31.992557,
493bc1f5163ebf37,https://uy.linkedin.com/jobs/view/t%C3%A9l%C3%A9travail-r%C3%A9pondez-%C3%A0-des-sondages-studentjob-ch-at-jobster-4439178898,Télétravail: Répondez à des sondages - Studentjob.ch,,scraped,2026-07-13T20:59:08.956991,
ae8ec39096d4e317,https://uy.linkedin.com/jobs/view/gmp-technician-at-sbm-management-services-lp-4439435663,GMP Technician,"SBM Management Services, LP",failed|wp_post_failed,2026-07-13T20:59:38.581977,
a30b77bc0d626295,https://uy.linkedin.com/jobs/view/home-office-ihre-meinung-ist-wertvoll-%E2%80%93-lassen-sie-sich-daf%C3%BCr-belohnen%21-studentjob-ch-at-jobster-4439191713,Home Office: Ihre Meinung ist wertvoll – lassen Sie sich dafür belohnen! - Studentjob.ch,,scraped,2026-07-13T20:59:41.044980,
ca03f18313684e40,https://uy.linkedin.com/jobs/view/home-office-ihre-meinung-ist-wertvoll-%E2%80%93-lassen-sie-sich-daf%C3%BCr-belohnen%21-studentjob-ch-at-jobster-4439176763,Home Office: Ihre Meinung ist wertvoll – lassen Sie sich dafür belohnen! - Studentjob.ch,,scraped,2026-07-13T20:59:48.314986,
c552e99e1db4f545,https://uy.linkedin.com/jobs/view/senior-security-data-scientist-python-remote-work-at-bairesdev-4439456025,Senior Security Data Scientist (Python) - Remote Work,BairesDev,failed|wp_post_failed,2026-07-13T21:00:15.083939,
1cc00a67f0b6e3a5,https://uy.linkedin.com/jobs/view/heimarbeit-verdiene-geld-mit-umfragen-in-der-marktforschung-studentjob-ch-at-jobster-4439400327,Heimarbeit -Verdiene Geld mit Umfragen in der MARKTFORSCHUNG - Studentjob.ch,,scraped,2026-07-13T21:00:17.614021,
253a1ca5f323c67c,https://uy.linkedin.com/jobs/view/product-designer-figma-%2B-agentic-ai-remote-latin-america-at-fullstack-4421233930,Product Designer (Figma + Agentic AI) - Remote - Latin America,FullStack,failed|wp_post_failed,2026-07-13T21:00:32.847875,
90e0d671cd0be2cd,https://uy.linkedin.com/jobs/view/python-engineer-remote-latin-america-at-fullstack-4421242557,Python Engineer - Remote - Latin America,FullStack,failed|wp_post_failed,2026-07-13T21:00:41.376741,
5bd11b1765bf9737,https://uy.linkedin.com/jobs/view/top-verdienen-in-der-schweiz-200-%E2%82%AC-pro-tag-als-dialoger-in-m-w-d-studentjob-ch-at-jobster-4439177954,Top verdienen in der Schweiz: 200 € pro Tag als Dialoger*in (m/w/d) - Studentjob.ch,,scraped,2026-07-13T21:00:43.888247,
c1ea201b6099b49d,https://uy.linkedin.com/jobs/view/verdienen-sie-geld-mit-umfragen-die-nur-f%C3%BCr-sie-gemacht-sind-mit-toluna-studentjob-ch-at-jobster-4439404060,"Verdienen Sie Geld mit Umfragen, die nur für Sie gemacht sind, mit Toluna - Studentjob.ch",,scraped,2026-07-13T21:00:55.321435,
cd78f892719790d9,https://uy.linkedin.com/jobs/view/gmp-technician-puerto-rico-at-sbm-management-services-lp-4439435685,"GMP Technician, Puerto Rico","SBM Management Services, LP",failed|wp_post_failed,2026-07-13T21:01:26.984137,
b0a973ec0f00f89b,https://uy.linkedin.com/jobs/view/fullstack-java-%2B-react-technical-leader-trabajo-remoto-at-bairesdev-4439471313,FullStack Java + React Technical Leader - Trabajo Remoto,BairesDev,failed|wp_post_failed,2026-07-13T21:01:34.462104,
0fd8c762474db03b,https://uy.linkedin.com/jobs/view/custodian-puerto-rico-at-sbm-management-services-lp-4439889675,"Custodian, Puerto Rico","SBM Management Services, LP",posted,2026-07-14T20:49:49.130218,1116
1fa565b7eb4587b2,https://uy.linkedin.com/jobs/view/picker-at-pedidosya-4310994052,Picker,,scraped,2026-07-14T20:49:52.940657,
5d07c8dd3cd7c470,https://uy.linkedin.com/jobs/view/especialista-en-n%C3%B3mina-at-aeropuertos-uruguay-4437611081,Especialista en Nómina,,scraped,2026-07-14T20:50:01.720368,
777085ef70f97b8d,https://uy.linkedin.com/jobs/view/it-recruiter-remote-work-at-bairesdev-4439886321,IT Recruiter - Remote Work,BairesDev,posted,2026-07-14T20:50:13.042953,291
9476c35a14af2c88,https://uy.linkedin.com/jobs/view/teacher-at-colegio-y-liceo-hans-christian-andersen-4437689111,Teacher,,scraped,2026-07-14T20:50:27.713327,
577648d901c0e9c6,https://uy.linkedin.com/jobs/view/analyst-program-operations-at-gscf-4407865633,"Analyst, Program Operations",GSCF,posted,2026-07-14T20:51:02.880893,1118
2b6599939abbaa5e,https://uy.linkedin.com/jobs/view/operarios-as-de-producci%C3%B3n-at-fotmer-life-sciences-4437615874,Operarios/as de producción,,scraped,2026-07-14T20:51:09.601668,
e80aa237da222371,https://uy.linkedin.com/jobs/view/sales-development-representative-at-frontline-4437689432,Sales Development Representative,Frontline,posted,2026-07-14T20:51:31.591549,1120
0ab51aeb769a792f,https://uy.linkedin.com/jobs/view/human-resources-specialist-at-internova-global-services-4440046034,Human Resources Specialist,Internova Global Services,posted,2026-07-14T20:52:29.442323,1122
e760a433168a3613,https://uy.linkedin.com/jobs/view/creador-a-de-contenido-pov-para-ia-remoto-at-toloka-annotators-4440571165,Creador(a) de Contenido POV para IA - Remoto,Toloka Annotators,posted,2026-07-14T20:52:38.658665,1124
509e0d089fe9c9ed,https://uy.linkedin.com/jobs/view/analista-de-marketing-digital-at-advice-uruguay-4437297453,Analista de Marketing digital,,scraped,2026-07-14T20:52:41.338327,
9c3160222062b6b5,https://uy.linkedin.com/jobs/view/vendedor-territorial-b2b-maldonado-at-talenter-4436882460,Vendedor Territorial B2B -  Maldonado,,scraped,2026-07-14T20:52:54.491677,
ceb534b460bc6703,https://uy.linkedin.com/jobs/view/ayudante-operador-de-usina-tacuaremb%C3%B3-at-aym-santa-lucia-4439907073,Ayudante Operador de Usina -Tacuarembó,AyM Santa Lucia,posted,2026-07-14T20:53:38.136339,1126
23492aa091964ae2,https://uy.linkedin.com/jobs/view/fullstack-developer-uy-at-core-code-io-4438961316,Fullstack Developer UY,Core Code io,posted,2026-07-14T20:53:50.957316,1128
d740f281c1aa9e37,https://uy.linkedin.com/jobs/view/human-resources-specialist-at-internova-travel-group-4437281257,Human Resources Specialist,Internova Travel Group,posted,2026-07-14T20:53:56.062780,1122
8a8f100d5211bebd,https://uy.linkedin.com/jobs/view/sales-manager-duty-free-%E2%80%93-global-travel-retail-americas-montevideo-at-king-of-reach-by-b-s-4437243595,Sales Manager Duty Free – Global Travel Retail Americas (Montevideo),,scraped,2026-07-14T20:53:58.795892,
018503d2456cc0d2,https://uy.linkedin.com/jobs/view/encargado-de-local-at-emporio-de-los-s%C3%A1ndwiches-4438012039,Encargado de local,,scraped,2026-07-14T20:54:15.447545,
bd4f1fd2ea7c9802,https://uy.linkedin.com/jobs/view/auxiliar-contable-at-work-office-4438011621,Auxiliar contable,,scraped,2026-07-14T20:54:23.797672,
b1ed2ee15a0fab83,https://uy.linkedin.com/jobs/view/asistente-de-control-de-calidad-at-merck-healthcare-4437623052,Asistente de Control de Calidad,,scraped,2026-07-14T20:54:30.456751,
5c0d80bc286076dd,https://uy.linkedin.com/jobs/view/marketing-development-manager-at-heli-south-america-4439837253,Marketing Development Manager,Heli South America,posted,2026-07-14T20:55:27.067909,1130
18f5a8c6188ede75,https://uy.linkedin.com/jobs/view/auxiliar-de-carnicer%C3%ADa-at-el-dorado-4439474857,Auxiliar de Carnicería,,scraped,2026-07-14T20:55:29.680198,
f5f45b5a025a68bc,https://uy.linkedin.com/jobs/view/auxiliar-contable-estudio-contable-montevideo-at-work-office-4435997110,"Auxiliar Contable - Estudio Contable, Montevideo",,scraped,2026-07-14T20:55:36.643052,
90ca08c707190a03,https://uy.linkedin.com/jobs/view/guest-relations-specialist-at-cs-outsource-4439455967,Guest Relations Specialist,CS Outsource,posted,2026-07-14T20:56:01.703381,1132
220a2c2ac215095f,https://uy.linkedin.com/jobs/view/customer-success-assistant-at-simpletech-4437283761,Customer Success Assistant,,scraped,2026-07-14T20:56:04.509519,
edb71dfec7191d5e,https://uy.linkedin.com/jobs/view/project-manager-remote-work-at-bairesdev-4439886017,Project Manager - Remote Work,BairesDev,posted,2026-07-14T20:56:20.365537,471
88fab6282b8d4a95,https://uy.linkedin.com/jobs/view/ingeniero-a-de-procesos-de-manufactura-at-satellogic-4440559316,Ingeniero/a de Procesos de Manufactura,,scraped,2026-07-14T20:56:31.054313,
65f3eba5b18011eb,https://uy.linkedin.com/jobs/view/full-stack-engineer-react-%2B-kotlin-remote-latin-america-at-fullstack-4432045128,Full Stack Engineer (React + Kotlin) - Remote - Latin America,FullStack,posted,2026-07-14T20:56:46.774647,1134
c2b7355df76a3cbe,https://uy.linkedin.com/jobs/view/product-designer-figma-%2B-agentic-ai-remote-latin-america-at-fullstack-4421245573,Product Designer (Figma + Agentic AI) - Remote - Latin America,FullStack,posted,2026-07-14T20:56:56.063487,1034
b8e73d902f6561c0,https://uy.linkedin.com/jobs/view/senior-devsecops-engineer-remote-work-at-bairesdev-4439898630,Senior DevSecOps Engineer - Remote Work,BairesDev,posted,2026-07-14T20:57:15.608609,791
34eded0215596dd4,https://uy.linkedin.com/jobs/view/asistente-administrativo-contable-at-foxsys-4436632113,Asistente Administrativo Contable,,scraped,2026-07-14T20:57:20.312577,
42b64081368ac819,https://uy.linkedin.com/jobs/view/full-stack-engineer-react-%2B-kotlin-remote-latin-america-at-fullstack-4432045127,Full Stack Engineer (React + Kotlin) - Remote - Latin America,FullStack,posted,2026-07-14T20:57:37.000190,1134
6dedd41f4b194c4c,https://uy.linkedin.com/jobs/view/auxiliar-administrativo-a-contable-para-empresa-automotriz-at-manpowergroup-4437682856,Auxiliar administrativo/a contable para empresa automotriz,ManpowerGroup,posted,2026-07-14T20:57:48.981605,1136
cc0cf44dd096c102,https://uy.linkedin.com/jobs/view/estudiante-de-ciencias-economicas-o-tecnicatura-en-administracion-o-afines-nivel-terciario-4438003659,ESTUDIANTE DE CIENCIAS ECONOMICAS O TECNICATURA EN ADMINISTRACION O AFINES NIVEL TERCIARIO,VAZQUEZ SIBILS y ASOCIADOS. Estudio Jurídico,posted,2026-07-14T20:57:58.016817,1138
1cee049e45e68ac9,https://uy.linkedin.com/jobs/view/von-zuhause-geld-verdienen%3F-es-war-nie-einfacher%21-homeoffice-studentjob-ch-at-jobster-4439190552,Von Zuhause Geld verdienen? Es war nie einfacher! Homeoffice - Studentjob.ch,,scraped,2026-07-14T20:58:08.671201,
e35626d13a726084,https://uy.linkedin.com/jobs/view/gesucht-teilnehmer-f%C3%BCr-bezahlte-studien-studentjob-ch-at-jobster-4439199167,Gesucht: Teilnehmer für bezahlte Studien - Studentjob.ch,,scraped,2026-07-14T20:58:24.307688,
0f6c52e13523794a,https://uy.linkedin.com/jobs/view/analista-de-seguridad-digital-at-tigo-uruguay-4440573328,Analista de Seguridad Digital,Tigo Uruguay,posted,2026-07-14T20:58:44.453490,1140
3a0442b18f8885f7,https://uy.linkedin.com/jobs/view/head-of-treasury-at-nexum-consulting-4438004109,Head Of Treasury,,scraped,2026-07-14T20:58:47.121632,
1e2ff8083506329c,https://uy.linkedin.com/jobs/view/analista-de-marketing-jr-ssr-at-experis-uruguay-4438001232,Analista de marketing JR SSR,,scraped,2026-07-14T20:58:58.472242,
83b5645473a6a46f,https://uy.linkedin.com/jobs/view/inquirente-federale-criminalit%C3%A0-economica-at-federal-police-fedpol-4439886630,Inquirente federale Criminalità economica,,scraped,2026-07-14T20:59:07.234128,
d85f106ae6e69653,https://uy.linkedin.com/jobs/view/territory-sales-manager-at-bigcheese-4440587571,Territory Sales Manager,BigCheese,posted,2026-07-14T20:59:26.930797,1142
aebabeeb71d16f74,https://uy.linkedin.com/jobs/view/customer-success-engineer-at-mercor-4412360410,Customer Success Engineer,Mercor,posted,2026-07-14T20:59:36.602056,1144
ac81620d79f3c93d,https://uy.linkedin.com/jobs/view/analista-funcional-pm-at-alabama-solutions-4437618339,Analista Funcional / PM,,scraped,2026-07-14T20:59:39.362089,
083998ad3f04143f,https://uy.linkedin.com/jobs/view/analista-de-marketing-y-ecommerce-at-oxygeno-4437695254,Analista de Marketing y Ecommerce,,scraped,2026-07-14T20:59:45.984096,
984f1f0a59c1e297,https://uy.linkedin.com/jobs/view/contador-ppv-at-posadas-4434565748,CONTADOR | PPV,,scraped,2026-07-14T20:59:52.489280,
7d51d091c6fe638f,https://uy.linkedin.com/jobs/view/software-engineer-fullstack-at-bigcheese-4429738782,Software Engineer (Fullstack),BigCheese,posted,2026-07-14T21:00:40.974380,1146
610b2ab01512ba98,https://uy.linkedin.com/jobs/view/sr-software-engineer-backend-at-mercado-libre-4438011728,Sr Software Engineer Backend,,scraped,2026-07-14T21:00:43.735290,
82e1b6e78d14ee40,https://uy.linkedin.com/jobs/view/contador-at-prota-4438016347,Contador,,scraped,2026-07-14T21:00:56.327840,
2749621835c2f9ad,https://uy.linkedin.com/jobs/view/vendedor-de-sal%C3%B3n-4438001825,Vendedor de Salón,Empresa de Electricidad e Iluminación,posted,2026-07-14T21:01:10.742115,1148
9be3476a3941984e,https://uy.linkedin.com/jobs/view/senior-qa-engineer-at-makai-labs-4440379281,Senior QA Engineer,Makai Labs,posted,2026-07-14T21:01:16.838623,915
34c4fa3fb7e82d23,https://uy.linkedin.com/jobs/view/etl-developer-informatica-cpi-pc-o-idmc-at-smx-services-consulting-inc-4440580735,ETL Developer Informatica (CPI-PC o IDMC),"SMX Services & Consulting, Inc.",posted,2026-07-14T21:01:28.094273,813
89242828e0de0008,https://uy.linkedin.com/jobs/view/fintech-product-analyst-ai-trainer-at-dataannotation-4438668949,FinTech Product Analyst - AI Trainer,DataAnnotation,posted,2026-07-14T21:01:39.082414,1150
68c37586378faea3,https://uy.linkedin.com/jobs/view/desarrollador-full-stack-senior-maldonado-at-el-dorado-4439704326,Desarrollador Full Stack Senior - Maldonado,,scraped,2026-07-14T21:02:41.719708,
285c0313b09e1a15,https://uy.linkedin.com/jobs/view/asesor-a-comercial-de-calle-las-piedras-at-ucm-4439700382,Asesor/a comercial de calle - Las Piedras,,scraped,2026-07-14T21:02:50.646157,
4991189c3ce5d8dd,https://uy.linkedin.com/jobs/view/panelteilnehmer-in-%E2%80%93-askgfk-schweiz-studentjob-ch-at-jobster-4439197434,Panelteilnehmer:in – askGfK Schweiz - Studentjob.ch,,scraped,2026-07-14T21:02:59.152416,
58b6d31dca1e6f40,https://uy.linkedin.com/jobs/view/treasury-analyst-at-trafigura-4423228181,Treasury Analyst,,scraped,2026-07-14T21:03:20.515761,
9aaf782b4f3a2988,https://uy.linkedin.com/jobs/view/online-aufgaben-umfragen-flexible-m%C3%B6glichkeit-geld-online-zu-verdienen-studentjob-ch-at-jobster-4439177081,"Online Aufgaben & Umfragen - Flexible Möglichkeit, Geld online zu verdienen - Studentjob.ch",,scraped,2026-07-14T21:03:34.042805,
11d5773a2ddd8e0b,https://uy.linkedin.com/jobs/view/analista-semi-senior-contabilidad-h%C3%ADbrido-at-ey-4410821938,Analista Semi Senior Contabilidad (híbrido),EY,posted,2026-07-14T21:03:59.068329,1152
2c0ea4c0baf07d5f,https://uy.linkedin.com/jobs/view/ingeniero-el%C3%A9ctrico-pasant%C3%ADa-at-conaprole-4437616116,Ingeniero Eléctrico- PASANTÍA,,scraped,2026-07-14T21:04:03.768782,
b7fe118d731eca10,https://uy.linkedin.com/jobs/view/ingeniero-mec%C3%A1nico-jr-at-manpowergroup-4437683127,Ingeniero mecánico Jr,ManpowerGroup,posted,2026-07-14T21:04:24.674005,1154
7f97d376ae5f2314,https://uy.linkedin.com/jobs/view/verdiene-geld-von-zuhause-aus-nebenjob-im-home-office-mit-umfragen-studentjob-ch-at-jobster-4439195529,Verdiene Geld von Zuhause aus: Nebenjob im Home Office mit Umfragen - Studentjob.ch,,scraped,2026-07-14T21:05:37.320125,
b9ee57888e00b738,https://uy.linkedin.com/jobs/view/enqu%C3%AAteur-pour-des-sondages-en-ligne-t%C3%A9l%C3%A9travail-h-f-studentjob-ch-at-jobster-4439192012,Enquêteur pour des sondages en ligne - télétravail H/F - Studentjob.ch,,scraped,2026-07-14T21:05:52.911022,
64c94da0a22061ab,https://uy.linkedin.com/jobs/view/flexibler-nebenjob-f%C3%BCr-studenten-25-50-chf-h-w-m-d-studentjob-ch-at-jobster-4439185557,Flexibler Nebenjob für Studenten (25-50 CHF/h) (w/m/d) - Studentjob.ch,,scraped,2026-07-14T21:06:00.450040,
8f84958626c0c268,https://uy.linkedin.com/jobs/view/pasant%C3%ADa-laboral-ventas-y-marketing-growth-at-deinsa-global-4438947375,Pasantía Laboral / Ventas y Marketing - Growth,DEINSA GLOBAL,posted,2026-07-14T21:06:17.728871,1156
6e1bb74fdf58a2a7,https://uy.linkedin.com/jobs/view/homeoffice-mit-online-umfragen-geld-verdienen-von-%C3%BCberall%21-studentjob-ch-at-jobster-4439199227,Homeoffice: Mit online-Umfragen Geld verdienen von überall! - Studentjob.ch,,scraped,2026-07-14T21:06:20.292161,
3c1446d37fec2f68,https://uy.linkedin.com/jobs/view/sales-manager-duty-free-%E2%80%93-global-travel-retail-americas-montevideo-at-king-of-reach-by-b-s-4437235657,Sales Manager Duty Free – Global Travel Retail Americas (Montevideo),,scraped,2026-07-14T21:06:27.501859,
652a4202ceefa7d7,https://uy.linkedin.com/jobs/view/office-of-the-ceo-analyst-remote-work-at-bairesdev-4439914639,Office of the CEO Analyst - Remote Work,BairesDev,posted,2026-07-14T21:06:38.496597,419
dd370391827b4487,https://uy.linkedin.com/jobs/view/analista-de-datos-para-financial-crime-prevention-at-bbva-en-uruguay-4432429178,Analista de datos para Financial Crime Prevention,BBVA en Uruguay,posted,2026-07-15T20:47:35.387703,1158
dd850341db7fccd6,https://uy.linkedin.com/jobs/view/administrativo-montevideo-at-aym-santa-lucia-4440259370,Administrativo Montevideo,AyM Santa Lucia,posted,2026-07-15T20:47:46.552401,1160
017e5bfc59d1d456,https://uy.linkedin.com/jobs/view/administrativo-a-junior-de-seguros-at-montse-perera-consultor%C3%ADa-y-transformaci%C3%B3n-organizacional-4435908143,Administrativo(a) Junior de Seguros,,scraped,2026-07-15T20:48:03.176217,
f39782c0d0061611,https://uy.linkedin.com/jobs/view/financial-controller-contract-at-entrepreneur-cooperative-4440887333,Financial Controller (Contract),Entrepreneur Cooperative,posted,2026-07-15T20:48:20.262693,1162
30d7c9c245c5e072,https://uy.linkedin.com/jobs/view/cobrador-con-experiencia-y-libreta-cat-a-at-softline-consultores-gerenciales-4440377538,COBRADOR con EXPERIENCIA y LIBRETA CAT. A,,scraped,2026-07-15T20:48:30.909589,
e3e2b10d2a6f18ff,https://uy.linkedin.com/jobs/view/analista-massc-medio-ambiente-seguridad-salud-y-calidad-a-t%C3%A9rmino-at-matriz-technology-4439708035,"ANALISTA MASSC- Medio Ambiente, Seguridad, Salud y Calidad- a término-",Matriz Technology,posted,2026-07-15T20:48:46.377470,1164
f1df7d89aa58a0b4,https://uy.linkedin.com/jobs/view/coordinador-pago-a-proveedores-at-el-dorado-4439481401,Coordinador Pago a Proveedores,,scraped,2026-07-15T20:48:49.004508,
5477ab4313ba51f8,https://uy.linkedin.com/jobs/view/auxiliar-de-mantenimiento-at-unilam-4440890470,Auxiliar de Mantenimiento,,scraped,2026-07-15T20:49:01.437396,
b5937f47957c0573,https://uy.linkedin.com/jobs/view/auxiliar-contable-estudio-contable-at-work-office-4440882928,Auxiliar  Contable - Estudio Contable,,scraped,2026-07-15T20:49:08.409394,
4ebc9e7785ffafb6,https://uy.linkedin.com/jobs/view/qa-tester-analista-qa-uy-at-core-code-io-4438955548,QA / Tester (Analista QA) UY,Core Code io,posted,2026-07-15T20:49:24.644280,1166
da5da0bea854a61d,https://uy.linkedin.com/jobs/view/auxiliar-de-servicio-at-grupo-transamerican-4439395951,Auxiliar de servicio,,scraped,2026-07-15T20:49:26.989479,
8478d4a9868d0f7f,https://uy.linkedin.com/jobs/view/frontend-developer-uy-at-core-code-io-4438951792,Frontend Developer UY,Core Code io,posted,2026-07-15T20:49:42.053688,1168
526ecd9c3d6300a5,https://uy.linkedin.com/jobs/view/project-manager-at-simon-digital-group-4438431271,Project Manager,,scraped,2026-07-15T20:49:46.690938,
08f4f4b7eca482e8,https://uy.linkedin.com/jobs/view/internal-audit-analyst-at-kma-uruguay-4440900127,Internal Audit Analyst,,scraped,2026-07-15T20:49:55.055768,
cde9479711562a27,https://uy.linkedin.com/jobs/view/accounting-specialist-at-internova-travel-group-4437279913,Accounting Specialist,Internova Travel Group,posted,2026-07-15T20:50:07.235529,947
74366f3c0701475a,https://uy.linkedin.com/jobs/view/fonoaudi%C3%B3logo-4438400000,Fonoaudiólogo,Centro Interdisciplinario Barros Blancos,posted,2026-07-15T20:50:18.329373,1170
968266921ad36356,https://uy.linkedin.com/jobs/view/ai-trainer-freelance-data-annotator-at-toloka-annotators-4440563386,AI Trainer - Freelance Data Annotator,Toloka Annotators,posted,2026-07-15T20:50:33.163027,323
e5ecdf4067937378,https://uy.linkedin.com/jobs/view/postulante-para-licitaci%C3%B3n-at-work-office-4440901093,POSTULANTE PARA LICITACIÓN,,scraped,2026-07-15T20:50:41.544342,
bf0b6283cd262fbb,https://uy.linkedin.com/jobs/view/vendedor-a-para-maldonado-full-time-licencia-maternal-at-divino-sa-4439895990,Vendedor/a para Maldonado full time Licencia Maternal,,scraped,2026-07-15T20:50:52.145924,
9237d2c4f71ddfa2,https://uy.linkedin.com/jobs/view/chatbot-developer-whatsapp-telegram-discord-freelance-at-mindrift-4439324127,"Chatbot Developer (WhatsApp, Telegram, Discord) - Freelance",Mindrift,posted,2026-07-15T20:51:09.074125,1172
772b0b71acf69c87,https://uy.linkedin.com/jobs/view/asistente-contable-at-tmf-group-4418409459,Asistente contable,,scraped,2026-07-15T20:51:11.696851,
bf73219201b2d743,https://uy.linkedin.com/jobs/view/business-analyst-sr-at-witi-4439461562,Business Analyst Sr,,scraped,2026-07-15T20:51:28.754796,
da4b95d1e7dd55be,https://uy.linkedin.com/jobs/view/office-assistant-at-slantis-4439457385,Office Assistant,slantis,posted,2026-07-15T20:51:50.652848,1174
242a77e8a3203147,https://uy.linkedin.com/jobs/view/reservation-agent-at-aven-hospitality-4440545574,Reservation Agent,Aven Hospitality,posted,2026-07-15T20:52:07.807761,1176
a37ceccb5e35dfb8,https://uy.linkedin.com/jobs/view/head-of-operations-at-nexum-consulting-4438427081,Head Of Operations,,scraped,2026-07-15T20:52:12.491023,
cc8e584cf4fae83a,https://uy.linkedin.com/jobs/view/ejecutivo-de-cuentas-b2b-at-manpowergroup-4438423430,Ejecutivo de cuentas B2B,ManpowerGroup,posted,2026-07-15T20:52:30.253213,1178
8681f2b7369cd7f7,https://uy.linkedin.com/jobs/view/l%C3%ADder-de-produccion-at-joyson-safety-systems-4440977858,Líder de Produccion,Joyson Safety Systems,posted,2026-07-15T20:52:39.690523,1180
62abc7b3a595dca5,https://uy.linkedin.com/jobs/view/lic-en-psicologia-at-intendencia-de-colonia-4437683565,Lic. En psicologia,,scraped,2026-07-15T20:52:44.050500,
7e1465d50d1cbbb4,https://uy.linkedin.com/jobs/view/asesor-comercial-at-prota-4437669999,Asesor comercial,,scraped,2026-07-15T20:52:52.940369,
485d763bf7181a60,https://uy.linkedin.com/jobs/view/talent-acquisition-associate-remote-work-at-bairesdev-4439902327,Talent Acquisition Associate - Remote Work,BairesDev,posted,2026-07-15T20:53:12.355349,1182
190ca58d183c6e9a,https://uy.linkedin.com/jobs/view/data-engineer-at-blend-4433349543,Data Engineer,Blend,posted,2026-07-15T20:53:19.664991,41
b19e79c96356b59e,https://uy.linkedin.com/jobs/view/ai-engineering-manager-at-blend-4432817971,AI Engineering Manager,Blend,posted,2026-07-15T20:53:32.826377,1184
774314275a5b2c4d,https://uy.linkedin.com/jobs/view/product-designer-figma-%2B-agentic-ai-remote-latin-america-at-fullstack-4421253349,Product Designer (Figma + Agentic AI) - Remote - Latin America,FullStack,posted,2026-07-15T20:53:40.218116,1034
62298ffb782ed95f,https://uy.linkedin.com/jobs/view/associate-product-manager-at-descartes-systems-group-4440063739,Associate Product Manager,,scraped,2026-07-15T20:53:58.924320,
393f8bcce8654211,https://uy.linkedin.com/jobs/view/ejecutivo-a-comercial-at-cecilia-su%C3%A1rez-4438006430,Ejecutivo/a Comercial,,scraped,2026-07-15T20:54:05.357357,
e488e76df2118d3a,https://uy.linkedin.com/jobs/view/analista-senior-segmento-pyme-at-scotiabank-uruguay-4439443034,Analista Senior Segmento Pyme,,scraped,2026-07-15T20:54:11.344041,
4cc99768dacfbaa9,https://uy.linkedin.com/jobs/view/auxiliares-de-dep%C3%B3sito-para-ruta-101-at-aglh-4438349493,Auxiliares de Depósito para Ruta 101,AGLH,posted,2026-07-15T20:54:25.809789,1186
08061b9f7e2a2bb8,https://uy.linkedin.com/jobs/view/auditor-de-relevamiento-at-scanntech-uruguay-4440302373,Auditor de relevamiento,,scraped,2026-07-15T20:54:34.497198,
c0a06a8e15520f9d,https://uy.linkedin.com/jobs/view/analista-de-ingenier%C3%ADa-at-joyson-safety-systems-4441221800,Analista de ingeniería,Joyson Safety Systems,posted,2026-07-15T20:54:52.256413,1188
d52f130703b02932,https://uy.linkedin.com/jobs/view/mentor-a-de-ingl%C3%A9s-at-ceibal-4440570831,Mentor/a de inglés,,scraped,2026-07-15T20:54:58.922782,
c798bf4aef1daf0d,https://uy.linkedin.com/jobs/view/vendedor-a-para-tienda-de-decoraci%C3%B3n-en-punta-del-este-at-divino-sa-4439902568,Vendedor/a para tienda de decoración  en Punta del Este,,scraped,2026-07-15T20:55:11.243347,
674ad2b1e5a4fe93,https://uy.linkedin.com/jobs/view/qa-analyst-at-wpp-production-4440824513,QA Analyst,WPP Production,posted,2026-07-15T20:55:23.266939,651
6f681a4283449927,https://uy.linkedin.com/jobs/view/auxiliar-administrativo-at-zonamerica-4437619525,Auxiliar Administrativo,,scraped,2026-07-15T20:55:29.878849,
f0681d08cfc519d3,https://uy.linkedin.com/jobs/view/full-stack-engineer-react-%2B-kotlin-remote-latin-america-at-fullstack-4432042147,Full Stack Engineer (React + Kotlin) - Remote - Latin America,FullStack,posted,2026-07-15T20:55:43.317478,1134
2f9e8443ad3132fb,https://uy.linkedin.com/jobs/view/contador-publico-at-develop-recruiting-4439791877,Contador Publico,Develop Recruiting,posted,2026-07-15T20:55:48.066489,747
a12a77bb2048092b,https://uy.linkedin.com/jobs/view/especialista-en-ventas-at-prota-4438087872,Especialista en ventas,,scraped,2026-07-15T20:55:50.685637,
efb9f0c4494ee602,https://uy.linkedin.com/jobs/view/instalador-de-sistemas-de-extinci%C3%B3n-de-incendios-at-tas-ingenier%C3%ADa-4437291897,Instalador de sistemas de extinción de incendios,,scraped,2026-07-15T20:55:56.820822,
507f3d166863e2bf,https://uy.linkedin.com/jobs/view/jefe-de-obra-montevideo-incorporaci%C3%B3n-inmediata-at-conect%C5%8D-talento-estrategia-4438080801,Jefe de Obra - Montevideo (Incorporación inmediata),Conectō | Talento & Estrategia,posted,2026-07-15T20:56:16.690848,1190
d9f450f808e31145,https://uy.linkedin.com/jobs/view/relationship-manager-ai-trainer-at-dataannotation-4438680411,Relationship Manager - AI Trainer,DataAnnotation,posted,2026-07-15T20:56:25.753792,1192
4bc19e1c751e7d17,https://uy.linkedin.com/jobs/view/t%C3%A9cnico-instalador-en-sistemas-de-seguridad-at-johnson-controls-4429425949,Técnico Instalador en Sistemas de Seguridad,,scraped,2026-07-15T20:56:32.406076,
4bc4eecca0274722,https://uy.linkedin.com/jobs/view/jefe-a-de-cocina-gastronom%C3%ADa-at-oxygeno-4438098642,JEFE/A DE COCINA - GASTRONOMÍA,Oxygeno,posted,2026-07-15T20:57:23.259140,1194
ef4b2c5fb6de4f5c,https://uy.linkedin.com/jobs/view/responsable-de-contabilidad-4438433304,RESPONSABLE DE CONTABILIDAD,SOLER HR CONSULTING,posted,2026-07-15T20:57:34.120507,1196
5d1cfe32c31d6063,https://uy.linkedin.com/jobs/view/asistente-administrativo-a-financiero-a-at-xmx-corp-4440321623,Asistente Administrativo/a Financiero/a,XMX Corp,posted,2026-07-15T20:57:44.597280,1198
0a34c220285660a5,https://uy.linkedin.com/jobs/view/python-developer-remote-in-uruguay-at-anyone-ai-4440374463,Python Developer - Remote in Uruguay,Anyone AI,posted,2026-07-15T20:57:56.908287,327
f12b67d6e8aea7f8,https://uy.linkedin.com/jobs/view/ejecutivo-de-venta-empresas-distribuci%C3%B3n-b2b-at-sodimac-4440551953,Ejecutivo de Venta Empresas Distribución B2B,,scraped,2026-07-15T20:58:01.518134,
dbd8c9167d3bd434,https://uy.linkedin.com/jobs/view/ejecutivo-a-de-cuentas-corporativas-at-tigo-uruguay-4440571011,Ejecutivo (a) de Cuentas Corporativas,Tigo Uruguay,posted,2026-07-15T20:58:15.708638,1200
b44b54376dac54a2,https://uy.linkedin.com/jobs/view/analista-de-comunicaci%C3%B3n-institucional-at-ceibal-4440569960,Analista de Comunicación Institucional,,scraped,2026-07-15T20:58:18.345039,
e5cfb5e5c3a8a09e,https://uy.linkedin.com/jobs/view/asistente-de-marketing-contenido-jr-at-trapa-studio-4438401661,Asistente de Marketing & Contenido Jr,,scraped,2026-07-15T20:58:26.510329,
302669382f93fca8,https://uy.linkedin.com/jobs/view/oficial-mec%C3%A1nico-industrial-para-curtiembre-at-selecci%C3%B3n-de-talentos-4437694148,Oficial Mecánico Industrial para Curtiembre,,scraped,2026-07-15T20:58:41.599339,
99c0f6f4886b6f97,https://uy.linkedin.com/jobs/view/especialista-en-linux-at-nerdcruiting-academy-4438026726,Especialista en Linux,,scraped,2026-07-15T20:58:57.489095,
0c0f35cb2138007d,https://uy.linkedin.com/jobs/view/t%C3%A9cnico-a-de-soporte-y-administraci%C3%B3n-microsoft-365-at-republica-afap-4437607567,Técnico/a de soporte y administración Microsoft 365,,scraped,2026-07-15T20:59:08.284797,
0c4507787b7b4728,https://uy.linkedin.com/jobs/view/hiring-journey-analyst-remote-work-at-bairesdev-4439889928,Hiring Journey Analyst - Remote Work,BairesDev,posted,2026-07-15T20:59:19.780905,227
e0d2b97565288631,https://uy.linkedin.com/jobs/view/full-stack-engineer-react-%2B-kotlin-remote-latin-america-at-fullstack-4432028980,Full Stack Engineer (React + Kotlin) - Remote - Latin America,FullStack,posted,2026-07-15T20:59:38.704648,1134
725b69dd19301550,https://uy.linkedin.com/jobs/view/full-stack-engineer-react-%2B-kotlin-remote-latin-america-at-fullstack-4432035310,Full Stack Engineer (React + Kotlin) - Remote - Latin America,FullStack,posted,2026-07-15T20:59:43.734412,1134
d5c27d275940870e,https://uy.linkedin.com/jobs/view/career-framework-specialist-remote-work-at-bairesdev-4439872992,Career Framework Specialist - Remote Work,BairesDev,posted,2026-07-15T21:00:04.898729,295
24dfbb1c207ae0de,https://uy.linkedin.com/jobs/view/verdiene-schnell-und-einfach-geld-mit-umfragen%21-von-%C3%BCberall%21-studentjob-ch-at-jobster-4439178489,Verdiene schnell und einfach Geld mit Umfragen! Von überall! - Studentjob.ch,,scraped,2026-07-15T21:00:15.430207,
b3617f5293e128c4,https://uy.linkedin.com/jobs/view/verdiene-geld-mit-deinen-meinungen-%E2%80%93-flexibler-nebenjob-f%C3%BCr-studenten%21-studentjob-ch-at-jobster-4439186219,Verdiene Geld mit deinen Meinungen – Flexibler Nebenjob für Studenten! - Studentjob.ch,,scraped,2026-07-15T21:00:34.867071,
cacd8e5e64b8ff59,https://uy.linkedin.com/jobs/view/sagen-sie-es%21-teilen-sie-ihre-erkenntnisse-mit%21-umfragen-durchf%C3%BChren-und-geld-verdienen%21-m-w-d-studentjob-ch-at-jobster-4439193291,Sagen Sie es! Teilen Sie Ihre Erkenntnisse mit! Umfragen durchführen und Geld verdienen! (m/w/d) - Studentjob.ch,,scraped,2026-07-15T21:01:07.959592,
b71bf4af242a5258,https://uy.linkedin.com/jobs/view/product-designer-figma-%2B-agentic-ai-remote-latin-america-at-fullstack-4421243543,Product Designer (Figma + Agentic AI) - Remote - Latin America,FullStack,posted,2026-07-15T21:01:22.054246,1034
86b85e8333faa23a,https://uy.linkedin.com/jobs/view/cloud-saas-operations-manager-at-veta-virtual-4439422295,Cloud & SaaS Operations Manager,,scraped,2026-07-15T21:01:28.668919,
07943f7b30bdb09b,https://uy.linkedin.com/jobs/view/desarrollador-typescript-trabajo-remoto-at-bairesdev-4440233667,Desarrollador TypeScript - Trabajo Remoto,BairesDev,posted,2026-07-15T21:01:43.530002,427
de2369b0c28bdfd5,https://uy.linkedin.com/jobs/view/senior-security-scrum-master-remote-work-at-bairesdev-4440078980,Senior Security Scrum Master - Remote Work,BairesDev,posted,2026-07-15T21:01:54.709699,431
12800e5bcbd934e6,https://uy.linkedin.com/jobs/view/senior-data-engineer-at-blend-4441227316,Senior Data Engineer,Blend,posted,2026-07-15T21:01:59.614921,1028
9e055532923edbec,https://uy.linkedin.com/jobs/view/pasante-oficial-de-atenci%C3%B3n-sucursal-rivera-at-scotiabank-uruguay-4440269050,Pasante Oficial de Atención Sucursal Rivera,,scraped,2026-07-15T21:02:06.086346,
3db6b5972902178b,https://uy.linkedin.com/jobs/view/senior-netsuite-technical-consultant-contract-flexible-at-sixlakes-consulting-netsuite-integration-solutions-4439925372,Senior NetSuite Technical Consultant (Contract - Flexible),SixLakes Consulting - NetSuite & Integration Solutions,posted,2026-07-15T21:02:20.568403,1202
38de6baa5ee750ef,https://uy.linkedin.com/jobs/view/senior-site-reliability-engineer-sre-remote-work-at-bairesdev-4439926124,Senior Site Reliability Engineer (SRE) - Remote Work,BairesDev,posted,2026-07-15T21:03:04.307751,943
2b9a2b43e1239c21,https://uy.linkedin.com/jobs/view/senior-product-designer-figma-%2B-cloud-cursor-remote-latin-america-at-fullstack-4413094034,Senior Product Designer (Figma + Cloud Cursor) - Remote - Latin America,FullStack,posted,2026-07-15T21:03:24.703139,1204
1c5995ec24360f80,https://uy.linkedin.com/jobs/view/qa-mobile-automation-engineer-at-applaudo-4440078335,QA Mobile Automation Engineer,,scraped,2026-07-15T21:03:29.341581,
85a86cfaf54e20f9,https://uy.linkedin.com/jobs/view/staffing-fronters-consultant-remote-work-at-bairesdev-4440243015,Staffing Fronters Consultant - Remote Work,BairesDev,posted,2026-07-16T20:36:17.030565,445
9762ff0d2cfe5e05,https://uy.linkedin.com/jobs/view/resource-manager-montevideo-uruguay-hybrid-in-office-at-sunnydata-4441407728,"Resource Manager (Montevideo, Uruguay | Hybrid in office)",SunnyData,posted,2026-07-16T20:36:33.727807,1206
ad0534a99ff2ece1,https://uy.linkedin.com/jobs/view/merchandiser-junior-4438080853,Merchandiser Junior,Sadenir,posted,2026-07-16T20:36:41.398307,1208
da88abd430c5d350,https://uy.linkedin.com/jobs/view/supervisor-a-de-ventas-canal-tradicional-at-montse-perera-consultor%C3%ADa-y-transformaci%C3%B3n-organizacional-4438740141,Supervisor(a) de Ventas - Canal Tradicional,,scraped,2026-07-16T20:36:46.206672,
a4d3090747abbe9e,https://uy.linkedin.com/jobs/view/analista-de-riesgos-para-empresas-at-bbva-en-uruguay-4441247163,Analista de Riesgos para Empresas,BBVA en Uruguay,posted,2026-07-16T20:37:09.298723,1210
742c8d912af1f5a5,https://uy.linkedin.com/jobs/view/data-governance-analyst-at-blend-4440834500,Data Governance Analyst,Blend,posted,2026-07-16T20:37:22.865424,1212
161b01f57cbe9a15,https://uy.linkedin.com/jobs/view/dentista-at-cossma-4439495670,DENTISTA,COSSMA,posted,2026-07-16T20:37:34.118783,1214
c0024e91fbc6ba02,https://uy.linkedin.com/jobs/view/business-developer-ejecutivo-comercial-account-executive-uy-at-core-code-io-4439115415,Business Developer / Ejecutivo Comercial / Account Executive UY,Core Code io,posted,2026-07-16T20:37:51.198839,1216
8e6683fb043bb45e,https://uy.linkedin.com/jobs/view/analista-de-cuentas-a-cobrar-at-sodimac-4413144233,Analista de Cuentas a Cobrar,,scraped,2026-07-16T20:37:55.927078,
5e491cec4eebfc53,https://uy.linkedin.com/jobs/view/auxiliar-de-caja-only-punta-carretas-shopping-at-only-brand-house-4441416147,Auxiliar de Caja - ONLY Punta Carretas Shopping,,scraped,2026-07-16T20:38:06.587643,
c2fffbd93a7590d0,https://uy.linkedin.com/jobs/view/analista-contable-junior-at-el-dorado-4439482385,Analista Contable Junior,,scraped,2026-07-16T20:38:14.209114,
6b883b41712f35d8,https://uy.linkedin.com/jobs/view/analista-sr-de-analytics-de-negocio-at-italmundo-4440880968,Analista Sr. de Analytics de Negocio,,scraped,2026-07-16T20:38:27.522495,
27cd248996533b17,https://uy.linkedin.com/jobs/view/sr-accountant-hospitality-industry-at-howard-4441645822,Sr. Accountant (Hospitality Industry),Howard,posted,2026-07-16T20:38:38.748218,119
04444d8e57172340,https://uy.linkedin.com/jobs/view/referente-de-personas-y-cultura-organizacional-ref-9993-modalidad-presencial-at-pwc-uruguay-4440995851,Referente de personas y cultura organizacional Ref.9993 - Modalidad presencial,PwC Uruguay,posted,2026-07-16T20:38:55.751788,1218
299f9d0a72b40a55,https://uy.linkedin.com/jobs/view/remote-product-engineer-at-scopic-4439448865,Remote Product Engineer,Scopic,posted,2026-07-16T20:39:06.721250,1220
cb72261b28423c46,https://uy.linkedin.com/jobs/view/marketing-coordinator-at-howard-4441654233,Marketing Coordinator,Howard,posted,2026-07-16T20:39:17.135927,1222
339ee70116900199,https://uy.linkedin.com/jobs/view/freelance-agent-evaluation-engineer-at-mindrift-4439786559,Freelance Agent Evaluation Engineer,Mindrift,posted,2026-07-16T20:39:28.280703,329
07741e6657eac9cc,https://uy.linkedin.com/jobs/view/senior-business-analyst-at-blend-4441251956,Senior Business Analyst,Blend,posted,2026-07-16T20:39:45.716591,1224
0db1f159feb3ac1f,https://uy.linkedin.com/jobs/view/responsable-de-sistema-de-gesti%C3%B3n-operativo-at-experis-4438719830,Responsable de Sistema de Gestión Operativo,Experis,posted,2026-07-16T20:39:54.879148,1226
93ebbf315c6e8892,https://uy.linkedin.com/jobs/view/ejecutivo-a-de-apoyo-comercial-%E2%80%93-punta-del-diablo-at-work-office-4441406920,Ejecutivo/a de Apoyo Comercial – Punta del Diablo,,scraped,2026-07-16T20:39:59.220255,
50cd2ae3699d0b38,https://uy.linkedin.com/jobs/view/technology-partnerships-associate-at-sunnydata-4440383169,Technology Partnerships Associate,SunnyData,posted,2026-07-16T20:40:12.698639,1228
45e37df07a0a8ff9,https://uy.linkedin.com/jobs/view/asistente-de-oficina-de-obras-at-claise-s-a-4438735980,Asistente de Oficina de Obras,,scraped,2026-07-16T20:40:17.298924,
a266422ae71fecb0,https://uy.linkedin.com/jobs/view/marketing-operations-specialist-at-ultimate-jet-vacations-4440641094,Marketing Operations Specialist,Ultimate Jet Vacations,posted,2026-07-16T20:40:33.487034,1230
3921a68ff3fbcec3,https://uy.linkedin.com/jobs/view/analista-de-revenue-cost-management-at-zonamerica-4428246998,Analista de Revenue & Cost Management,,scraped,2026-07-16T20:40:36.223326,
299af78e2e50c5c1,https://uy.linkedin.com/jobs/view/telemarketer-at-multiline-contact-center-4441407794,Telemarketer,Multiline Contact Center,posted,2026-07-16T20:40:57.885198,1232
8e3d370c7ddc5d1c,https://uy.linkedin.com/jobs/view/freelance-annotator-english-ai-trainer-at-toloka-annotators-4440556996,Freelance Annotator (English) - AI Trainer,Toloka Annotators,posted,2026-07-16T20:41:06.439023,1234
19fb26ef580cdd90,https://uy.linkedin.com/jobs/view/analista-de-log%C3%ADstica-at-somil-s-a-4438733601,Analista de logística,SOMIL S.A.,posted,2026-07-16T20:41:26.538695,1236
b2deac81227fdc05,https://uy.linkedin.com/jobs/view/spanish-ai-trainer-remote-at-yo-it-consulting-4440613710,Spanish Ai Trainer - Remote,,scraped,2026-07-16T20:41:29.287420,
f9565794a52ae13f,https://uy.linkedin.com/jobs/view/analista-de-gesit%C3%B3n-de-operaciones-off-shore-at-entrust-servicios-profesionales-de-recursos-humanos-4437697880,Analista de gesitón de operaciones off shore,,scraped,2026-07-16T20:41:39.820910,
c9a136a8044b20d8,https://uy.linkedin.com/jobs/view/systems-integration-engineer-s-at-entrepreneur-cooperative-4441415277,Systems Integration Engineer (S),Entrepreneur Cooperative,posted,2026-07-16T20:41:58.287827,1238
34e0fcc6a5f2f682,https://uy.linkedin.com/jobs/view/producci%C3%B3n-deportiva-at-datafactory-4441651336,Producción deportiva,,scraped,2026-07-16T20:42:02.971382,
ed3f079ca1a2e886,https://uy.linkedin.com/jobs/view/t%C3%A9l%C3%A9travail-r%C3%A9pondez-%C3%A0-des-sondages-studentjob-ch-at-jobster-4440694740,Télétravail: Répondez à des sondages - Studentjob.ch,,scraped,2026-07-16T20:42:10.525299,
7968bda355c52fa6,https://uy.linkedin.com/jobs/view/quick-commerce-operations-specialist-at-pedidosya-4427842504,Quick Commerce Operations Specialist,,scraped,2026-07-16T20:42:24.525350,
2413d9cc63069627,https://uy.linkedin.com/jobs/view/senior-qa-auditor-remote-work-at-bairesdev-4440747319,Senior QA Auditor - Remote Work,BairesDev,posted,2026-07-16T20:42:41.440118,1240
524453a24eb57c3b,https://uy.linkedin.com/jobs/view/devops-engineer-azure-%2B-on-premise-remote-latin-america-at-fullstack-4441603708,DevOps Engineer (Azure + On-Premise) - Remote - Latin America,FullStack,posted,2026-07-16T20:42:53.062925,1242
d4c409558f501fcc,https://uy.linkedin.com/jobs/view/procurement-manager-at-veta-virtual-4440622635,Procurement Manager,,scraped,2026-07-16T20:42:59.715447,
6c37ebda3552df7c,https://uy.linkedin.com/jobs/view/devops-engineer-azure-%2B-on-premise-remote-latin-america-at-fullstack-4441602692,DevOps Engineer (Azure + On-Premise) - Remote - Latin America,FullStack,posted,2026-07-16T20:43:08.491340,1242
80cfded9ffa548c4,https://uy.linkedin.com/jobs/view/devops-engineer-azure-%2B-on-premise-remote-latin-america-at-fullstack-4441608447,DevOps Engineer (Azure + On-Premise) - Remote - Latin America,FullStack,posted,2026-07-16T20:43:13.425741,1242
091b62a137117cff,https://uy.linkedin.com/jobs/view/devops-engineer-azure-%2B-on-premise-remote-latin-america-at-fullstack-4441608443,DevOps Engineer (Azure + On-Premise) - Remote - Latin America,FullStack,posted,2026-07-16T20:43:18.443235,1242
9f99dba57940932a,https://uy.linkedin.com/jobs/view/senior-technical-program-manager-remote-work-at-bairesdev-4439911874,Senior Technical Program Manager - Remote Work,BairesDev,posted,2026-07-16T20:43:29.347170,425
5496fcca25c1ddb7,https://uy.linkedin.com/jobs/view/sr-treasury-analyst-at-internova-global-services-4433326303,Sr. Treasury Analyst,Internova Global Services,posted,2026-07-16T20:44:18.317059,1244
bee6b6d2bcdd7a76,https://uy.linkedin.com/jobs/view/customer-support-engineer-remote-work-at-bairesdev-4440739243,Customer Support Engineer - Remote Work,BairesDev,posted,2026-07-16T20:44:28.596581,1246
10911ee85420b4e7,https://uy.linkedin.com/jobs/view/ai-video-producer-veo3-for-youtube-ad-creative-agency-at-ad-lab-4437205967,AI Video Producer (VEO3) for YouTube Ad Creative Agency,,scraped,2026-07-16T20:44:35.235994,
8863789d55b96a85,https://uy.linkedin.com/jobs/view/auxiliar-en-comercio-exterior-administrativo-at-vidrier%C3%ADa-bia-s-a-4438011142,AUXILIAR EN COMERCIO EXTERIOR-ADMINISTRATIVO,,scraped,2026-07-16T20:44:46.548495,
b4657f2bde6dd4a2,https://uy.linkedin.com/jobs/view/team-leader-venta-telefonica-de-servicios-at-cover-company-4438096720,Team Leader | Venta telefonica de servicios,,scraped,2026-07-16T20:45:11.222198,
e605b935facc0b3a,https://uy.linkedin.com/jobs/view/qa-automation-sdet-%2B-java-technical-leader-trabajo-remoto-at-bairesdev-4439468384,QA Automation/SDET + Java Technical Leader - Trabajo Remoto,BairesDev,posted,2026-07-16T20:45:23.751770,515
8497bfb54ef8e5c6,https://uy.linkedin.com/jobs/view/ait-engineer-at-satellogic-4440346550,AIT Engineer,,scraped,2026-07-16T20:45:26.508806,
826ecc3f24ef819d,https://uy.linkedin.com/jobs/view/jefe-de-obra-at-ventus-construcciones-4440956409,Jefe de Obra,,scraped,2026-07-16T20:45:34.225744,
2a0e7552fdf670a2,https://uy.linkedin.com/jobs/view/asesor-de-viajes-senior-at-traveloz-uruguay-4438713633,Asesor de Viajes Senior,TravelOz Uruguay,posted,2026-07-16T20:46:15.869304,1248
5d5683fe6476a84f,https://uy.linkedin.com/jobs/view/responsable-de-desarrollar-la-linea-promega-en-uruguay-4438401317,Responsable de desarrollar la linea Promega en Uruguay,Biologistica - Netidal S.A.,posted,2026-07-16T20:46:24.296370,1250
a2d990ae5fe662fd,https://uy.linkedin.com/jobs/view/home-office-ihre-meinung-ist-wertvoll-%E2%80%93-lassen-sie-sich-daf%C3%BCr-belohnen%21-studentjob-ch-at-jobster-4440722721,Home Office: Ihre Meinung ist wertvoll – lassen Sie sich dafür belohnen! - Studentjob.ch,,scraped,2026-07-16T20:46:28.858226,
8b575defbfd2c9fc,https://uy.linkedin.com/jobs/view/encargado-de-mesa-de-ayuda-it-at-entrust-servicios-profesionales-de-recursos-humanos-4438095880,Encargado de Mesa de Ayuda (IT),,scraped,2026-07-16T20:46:36.306335,
4d7c4ead0186a462,https://uy.linkedin.com/jobs/view/betreuungsfachperson-tagesschule-40%25-at-kanton-bern-4440781048,Betreuungsfachperson Tagesschule 40%,,scraped,2026-07-16T20:46:52.721917,
9e369c8fdd7d3a14,https://uy.linkedin.com/jobs/view/analista-de-contabilidad-e-impuestos-at-inchcape-am%C3%A9ricas-4440911570,Analista de Contabilidad e Impuestos,Inchcape Américas,posted,2026-07-16T20:47:13.469346,1252
7387c25275629634,https://uy.linkedin.com/jobs/view/senior-data-scientist-at-epam-systems-4438491153,Senior Data Scientist,EPAM Systems,posted,2026-07-16T20:47:21.914402,1254
7d4dca317aa4582c,https://uy.linkedin.com/jobs/view/latam-ai-business-transformation-avp-at-metlife-4440828528,LatAm AI & Business Transformation AVP,MetLife,posted,2026-07-16T20:47:31.774097,1256
89e3bb66b68ec908,https://uy.linkedin.com/jobs/view/vehicle-listing-verification-specialist-at-veta-virtual-4440612982,Vehicle Listing & Verification Specialist,,scraped,2026-07-16T20:47:36.529033,
d0918fbb5d47a491,https://uy.linkedin.com/jobs/view/r%C3%A9pondez-%C3%A0-des-enqu%C3%AAtes-de-chez-vous-pendant-votre-temps-libre-%21-studentjob-ch-at-jobster-4440711995,Répondez à des enquêtes de chez vous pendant votre temps libre ! - Studentjob.ch,,scraped,2026-07-16T20:47:42.913799,
e1e4b1f2ff5ab436,https://uy.linkedin.com/jobs/view/corporate-travel-and-mobility-agent-remote-work-at-bairesdev-4439883451,Corporate Travel and Mobility Agent - Remote Work,BairesDev,posted,2026-07-16T20:47:53.119376,579
5cd403543fdd04ed,https://uy.linkedin.com/jobs/view/crm-manager-remote-work-at-bairesdev-4440216668,CRM Manager - Remote Work,BairesDev,posted,2026-07-16T20:48:03.631194,1258
da102435b69b9114,https://uy.linkedin.com/jobs/view/account-manager-at-cs-outsource-4439911421,Account Manager,CS Outsource,posted,2026-07-16T20:48:08.574672,417
a34cfb13007dac5d,https://uy.linkedin.com/jobs/view/psic%C3%B3logo-at-quiero-una-sesi%C3%B3n-4438720501,Psicólogo,,scraped,2026-07-16T20:48:13.016656,
e4085fed7dae33df,https://uy.linkedin.com/jobs/view/senior-devops-site-reliability-engineer-at-n-ix-4439875644,Senior DevOps / Site Reliability Engineer,,scraped,2026-07-16T20:48:21.107383,
83f6b2492b96d9aa,https://uy.linkedin.com/jobs/view/ingeniero-qu%C3%ADmico-junior-at-kpmg-uruguay-4440065034,Ingeniero Químico Junior,KPMG Uruguay,posted,2026-07-16T20:48:37.493150,1260
3313db434104e2e3,https://uy.linkedin.com/jobs/view/sales-specialist-at-bruntwork-4438434158,Sales Specialist,,scraped,2026-07-16T20:48:40.234443,
67ce5afa7b307f8a,https://uy.linkedin.com/jobs/view/net-developer-at-kinamic-4438412855,.Net Developer,,scraped,2026-07-16T20:48:48.176838,
1e45ce1f19a7b8df,https://uy.linkedin.com/jobs/view/analista-de-marketing-y-comunicaciones-vacante-personas-con-discapacidad-at-oracle-4438064286,Analista de Marketing y Comunicaciones - Vacante Personas con Discapacidad,Oracle,posted,2026-07-16T20:49:03.040136,1262
8e0c1696455e2393,https://uy.linkedin.com/jobs/view/analista-it-erp-power-bi-at-missionhires-4440285306,Analista IT (ERP & Power BI),MissionHires,posted,2026-07-16T20:49:12.406295,1264
7086e5920da701b2,https://uy.linkedin.com/jobs/view/capataz-referente-operativo-de-planta-4438736774,Capataz - Referente Operativo de Planta,psico.sofiahg,posted,2026-07-16T20:49:24.132123,1266
8221537b6fbde9ff,https://uy.linkedin.com/jobs/view/t%C3%A9cnico-en-est%C3%A9tica-at-seguro-americano-medicina-privada-4437686738,Técnico en Estética,,scraped,2026-07-16T20:49:26.806628,
82457680859391ee,https://uy.linkedin.com/jobs/view/parts-specialist-at-o-reilly-auto-parts-4404511565,Parts Specialist,O'Reilly Auto Parts,posted,2026-07-16T20:49:41.450274,1268
c3bd3aaa4427eca6,https://uy.linkedin.com/jobs/view/ingeniero-mec%C3%A1nico-4438739702,Ingeniero Mecánico,KEPCO KPS URUGUAY,posted,2026-07-16T20:49:49.759296,1270
cc6b5e8b86c06373,https://uy.linkedin.com/jobs/view/recepcionista-part-time-zona-carrasco-at-jaume-y-sere-comercio-exterior-log%C3%ADstica-4441405935,Recepcionista - part time zona Carrasco,,scraped,2026-07-16T20:49:52.491243,
fa31551da17df93f,https://uy.linkedin.com/jobs/view/asesor-inmobiliario-carmelo-at-idea-consultores-4437282465,Asesor Inmobiliario Carmelo,,scraped,2026-07-16T20:50:01.088391,
a347d1b50e1768bf,https://uy.linkedin.com/jobs/view/jefe-comercial-b2b-at-luk-hr-4437611960,Jefe comercial B2B,,scraped,2026-07-16T20:50:10.902248,
c2314182c7edcf35,https://uy.linkedin.com/jobs/view/sales-executive-for-campus-live-remote-work-at-bairesdev-4439921725,Sales Executive for Campus Live - Remote Work,BairesDev,posted,2026-07-16T20:50:21.757807,567
88080358ba13d623,https://uy.linkedin.com/jobs/view/principal-business-development-manager-lodging-ground-sea-at-sabre-4413044325,"Principal Business Development Manager - Lodging, Ground & Sea.",Sabre,posted,2026-07-16T20:50:30.830964,1272
8efbcb6539de9cca,https://uy.linkedin.com/jobs/view/civil-engineer-with-python-ai-trainer-remote-latin-america-at-kake-4427883309,Civil Engineer with Python - AI Trainer - Remote - Latin America,Kake,posted,2026-07-16T20:50:39.356768,1274
9f3844df07fa5400,https://uy.linkedin.com/jobs/view/flexibler-nebenjob-f%C3%BCr-studenten-25-50-chf-h-w-m-d-studentjob-ch-at-jobster-4440727193,Flexibler Nebenjob für Studenten (25-50 CHF/h) (w/m/d) - Studentjob.ch,,scraped,2026-07-16T20:50:41.923426,
464049d26e0b0436,https://uy.linkedin.com/jobs/view/l%C3%ADder-t%C3%A9cnico-de-producto-at-ceibal-4440572845,Líder Técnico de Producto,Ceibal,posted,2026-07-16T20:51:03.476312,1276
9d25a8021f6052a5,https://uy.linkedin.com/jobs/view/ferienjob-sommerjob-als-promoter-25-50-chf-h-w-m-d-studentjob-ch-at-jobster-4440765885,Ferienjob / Sommerjob als Promoter (25-50 CHF/h) (w/m/d) - Studentjob.ch,,scraped,2026-07-16T20:51:12.159451,
a4913a18a57ea2cf,https://uy.linkedin.com/jobs/view/verdiene-geld-von-zuhause-aus-nebenjob-im-home-office-mit-umfragen-studentjob-ch-at-jobster-4440724843,Verdiene Geld von Zuhause aus: Nebenjob im Home Office mit Umfragen - Studentjob.ch,,scraped,2026-07-16T20:51:21.866175,
3f296cd9596255f2,https://uy.linkedin.com/jobs/view/ejecutivo-a-comercial-at-nexum-consulting-4438020377,Ejecutivo/a Comercial,,scraped,2026-07-16T20:51:31.011460,
bbf5b0c833db5a6a,https://uy.linkedin.com/jobs/view/jefe-de-obra-at-schmidt-4438423083,Jefe de obra,,scraped,2026-07-16T20:51:41.737442,
52241a01f290b90a,https://uy.linkedin.com/jobs/view/platform-reliability-engineer-at-worldquant-4338391902,Platform Reliability Engineer,WorldQuant,posted,2026-07-16T20:51:58.845558,1278
ae3da3b78b4aaa8c,https://uy.linkedin.com/jobs/view/crm-manager-monetization-remote-work-at-bairesdev-4440201990,CRM Manager - Monetization - Remote Work,BairesDev,posted,2026-07-16T20:52:05.844821,355
a91f6ee6e615b924,https://uy.linkedin.com/jobs/view/senior-product-designer-figma-%2B-cloud-cursor-remote-latin-america-at-fullstack-4413076807,Senior Product Designer (Figma + Cloud Cursor) - Remote - Latin America,FullStack,posted,2026-07-16T20:52:10.805896,1204
4c6dd3e1e3832dbc,https://uy.linkedin.com/jobs/view/senior-product-designer-figma-%2B-cloud-cursor-remote-latin-america-at-fullstack-4413093061,Senior Product Designer (Figma + Cloud Cursor) - Remote - Latin America,FullStack,posted,2026-07-16T20:52:15.779754,1204
3783da269fefffec,https://uy.linkedin.com/jobs/view/senior-backend-engineer-tech-lead-3-4-month-long-remote-latin-america-at-fullstack-4441215282,Senior Backend Engineer Tech Lead (3-4 month long) - Remote - Latin America,FullStack,posted,2026-07-16T20:52:23.501870,1280
42cdd9528c2710e3,https://uy.linkedin.com/jobs/view/senior-backend-engineer-tech-lead-3-4-month-long-remote-latin-america-at-fullstack-4441207677,Senior Backend Engineer Tech Lead (3-4 month long) - Remote - Latin America,FullStack,posted,2026-07-16T20:52:28.466834,1280
79577acbf13c79dd,https://uy.linkedin.com/jobs/view/sinnvoller-job-als-dialoger-in-in-teamarbeit-%E2%80%93-einsatz-f%C3%BCr-menschenrechte-tiere-und-umwelt-studentjob-ch-at-jobster-4440724402,"Sinnvoller Job als Dialoger*in in Teamarbeit – Einsatz für Menschenrechte, Tiere und Umwelt - Studentjob.ch",,scraped,2026-07-16T20:52:31.114080,
267424899cd1b1a5,https://uy.linkedin.com/jobs/view/top-verdienen-in-der-schweiz-200-%E2%82%AC-pro-tag-als-dialoger-in-m-w-d-studentjob-ch-at-jobster-4440716444,Top verdienen in der Schweiz: 200 € pro Tag als Dialoger*in (m/w/d) - Studentjob.ch,,scraped,2026-07-16T20:52:38.595435,
f8f79c7f61d94e33,https://uy.linkedin.com/jobs/view/von-zuhause-geld-verdienen%3F-es-war-nie-einfacher%21-homeoffice-studentjob-ch-at-jobster-4440712021,Von Zuhause Geld verdienen? Es war nie einfacher! Homeoffice - Studentjob.ch,,scraped,2026-07-16T20:52:45.692222,
ac896d5ddec5c604,https://uy.linkedin.com/jobs/view/java-software-engineer-desarroll%C3%A1-soluciones-backend-robustas-y-escalables-at-practia-uruguay-4441274708,Java Software Engineer: Desarrollá soluciones backend robustas y escalables,,scraped,2026-07-16T20:52:53.222479,
14fcb19d877ef04d,https://uy.linkedin.com/jobs/view/verdiene-schnell-und-einfach-geld-mit-umfragen%21-von-%C3%BCberall%21-studentjob-ch-at-jobster-4440694860,Verdiene schnell und einfach Geld mit Umfragen! Von überall! - Studentjob.ch,,scraped,2026-07-16T20:52:59.776519,
ee24b41a470b4339,https://uy.linkedin.com/jobs/view/desarrollador-senior-react-%2B-typescript-trabajo-remoto-at-bairesdev-4439466445,Desarrollador Senior React + TypeScript  - Trabajo Remoto,BairesDev,posted,2026-07-16T20:53:09.915033,273
d96418ed365d2d40,https://uy.linkedin.com/jobs/view/docente-asistente-para-la-materia-historia-y-teor%C3%ADa-aplicada-al-consumo-y-espacios-comerciales-de-la-licenciatura-en-dise%C3%B1o-de-interiores-at-universidad-ort-uruguay-4438737004,Docente Asistente para la materia Historia y Teoría Aplicada al Consumo y Espacios Comerciales de la Licenciatura en Diseño de Interiores,Universidad ORT Uruguay,posted,2026-07-16T20:53:20.621002,1282
eac49cbe84510000,https://uy.linkedin.com/jobs/view/uy-java-technical-lead-at-perficient-4441264705,UY - Java Technical Lead,Perficient,posted,2026-07-16T20:53:29.587689,215
baed6bcc2cc1ef3f,https://uy.linkedin.com/jobs/view/senior-software-engineer-node-angular-remote-latin-america-at-kake-4438024836,Senior Software Engineer (Node/Angular) - Remote - Latin America,Kake,posted,2026-07-16T20:53:37.698048,1284
8686342abb32d5c2,https://uy.linkedin.com/jobs/view/senior-contable-outsourcing-zona-franca-at-andersen-in-uruguay-4438000014,Senior Contable - Outsourcing Zona Franca,Andersen in Uruguay,posted,2026-07-16T20:53:49.028594,1286
ed721a0bba422de0,https://uy.linkedin.com/jobs/view/oracle-ebs-integration-developer-at-specialized-bicycle-components-4422641405,Oracle EBS Integration Developer,Specialized Bicycle Components,posted,2026-07-16T20:53:58.052351,1288
507c35ef51462230,https://uy.linkedin.com/jobs/view/picker-at-pedidosya-4265490349,Picker,,scraped,2026-07-17T20:34:11.622677,
181965f6f3e7644b,https://uy.linkedin.com/jobs/view/limpiador-at-integer-holdings-corporation-4442121407,Limpiador,Integer Holdings Corporation,posted,2026-07-17T20:34:26.887929,1290
1edb3fae0bd9ed2a,https://uy.linkedin.com/jobs/view/data-and-analytics-product-manager-at-specialized-bicycle-components-4423004155,Data and Analytics Product Manager,Specialized Bicycle Components,posted,2026-07-17T20:34:40.782805,1292
b0d5dd812aecd2b6,https://uy.linkedin.com/jobs/view/data-center-technician-i-english-at-google-4432657635,Data Center Technician I (English),Google,posted,2026-07-17T20:34:52.059901,1294
af973ea25a5faa70,https://uy.linkedin.com/jobs/view/housing-specialist-at-cs-outsource-4440794923,Housing Specialist,CS Outsource,posted,2026-07-17T20:35:00.605696,1296
ff98a8990fa179fd,https://uy.linkedin.com/jobs/view/market-analyst-at-maps-solutions-4438714684,Market Analyst,Maps Solutions,posted,2026-07-17T20:35:10.107733,1298
553dc1a71f004f5e,https://uy.linkedin.com/jobs/view/analista-de-payroll-at-advice-uruguay-4439262283,ANALISTA DE PAYROLL,,scraped,2026-07-17T20:35:16.811326,
292ee426fd53b060,https://uy.linkedin.com/jobs/view/unified-communication-specialist-at-basf-4439267241,Unified Communication Specialist,,scraped,2026-07-17T20:35:27.023253,
0b99b76380444ea0,https://uy.linkedin.com/jobs/view/construction-retail-manager-at-advice-uruguay-4438431017,Construction Retail Manager,,scraped,2026-07-17T20:35:37.577778,
56fac394b115756c,https://uy.linkedin.com/jobs/view/marketplace-ecommerce-growth-crossborder-at-human-experience-4439262421,"Marketplace & eCommerce Growth, crossborder",human experience,posted,2026-07-17T20:36:02.076352,1300
00d08c78b0aa2e9a,https://uy.linkedin.com/jobs/view/sacar-fotos-y-videos-con-el-celular-a-propiedades-en-montevideo-at-bedi-4438440744,Sacar fotos y videos con el celular a propiedades en Montevideo,Bedi,posted,2026-07-17T20:36:13.647116,1302
9027f2a312148331,https://uy.linkedin.com/jobs/view/senior-account-manager-emea-at-dlocal-4441688516,Senior Account Manager - EMEA,,scraped,2026-07-17T20:36:22.337826,
080c63fb0c3a6888,https://uy.linkedin.com/jobs/view/estudiante-de-ingenier%C3%ADa-o-arquitectura-para-presupuestaci%C3%B3n-at-berkes-group-4441300964,Estudiante de ingeniería o arquitectura para presupuestación,,scraped,2026-07-17T20:36:29.292441,
75b8966db6ad3a96,https://uy.linkedin.com/jobs/view/encargado-treinta-y-tres-at-unilam-4441917443,Encargado Treinta y Tres,,scraped,2026-07-17T20:36:37.608140,
06001e05b2abdc36,https://uy.linkedin.com/jobs/view/jefe-comercial-at-el-dorado-4439481397,Jefe Comercial,,scraped,2026-07-17T20:36:45.260137,
f7e670dad1bc6ec8,https://uy.linkedin.com/jobs/view/marketing-project-coordinator-at-ultimate-jet-vacations-4440637134,Marketing Project Coordinator,Ultimate Jet Vacations,posted,2026-07-17T20:36:57.737346,1304
7446f5a09e5feb7e,https://uy.linkedin.com/jobs/view/spanish-interpreter-at-kreato-global-bpo-and-language-solutions-4438732722,Spanish Interpreter,Kreato Global | BPO and Language Solutions,posted,2026-07-17T20:37:06.204940,1306
b70b9bbc6f102394,https://uy.linkedin.com/jobs/view/customer-support-specialist-at-veta-virtual-4440612986,Customer Support Specialist,,scraped,2026-07-17T20:37:10.866440,
f7cbcfd39ce44e3b,https://uy.linkedin.com/jobs/view/regional-controller-latin-america-at-specialized-bicycle-components-4423084119,"Regional Controller, Latin America",Specialized Bicycle Components,posted,2026-07-17T20:37:23.589683,1308
68814077cf44ff1b,https://uy.linkedin.com/jobs/view/senior-communications-specialist-at-rafael-vi%C3%B1oly-architects-4437286371,Senior Communications Specialist,Rafael Viñoly Architects,posted,2026-07-17T20:37:32.716008,1310
6d22ff6a0e7278ec,https://uy.linkedin.com/jobs/view/encargado-a-comercial-at-manpowergroup-4438023422,Encargado/a comercial,ManpowerGroup,posted,2026-07-17T20:37:45.554724,1312
52480b6534973e44,https://uy.linkedin.com/jobs/view/sales-manager-duty-free-%E2%80%93-global-travel-retail-americas-montevideo-at-king-of-reach-by-b-s-4438486650,Sales Manager Duty Free – Global Travel Retail Americas (Montevideo),,scraped,2026-07-17T20:37:48.156164,
d24f45bf5d3a7a38,https://uy.linkedin.com/jobs/view/marketing-specialist-money-transfer-at-idt-corporation-4440588914,Marketing Specialist - Money Transfer,IDT Corporation,posted,2026-07-17T20:38:02.564881,1314
e6f9793ff6b8c56c,https://uy.linkedin.com/jobs/view/vendedor-a-para-las-piedras-at-divino-sa-4441342431,Vendedor/a para Las Piedras,,scraped,2026-07-17T20:38:07.205103,
7620ca2f53099949,https://uy.linkedin.com/jobs/view/analista-de-hiring-journey-trabajo-remoto-at-bairesdev-4439907092,Analista de Hiring Journey - Trabajo Remoto,BairesDev,posted,2026-07-17T20:38:17.596039,309
af6e35738532cbca,https://uy.linkedin.com/jobs/view/data-engineer-uy-at-core-code-io-4438956455,Data Engineer UY,Core Code io,posted,2026-07-17T20:38:28.797037,1316
1e32cb508e9866bd,https://uy.linkedin.com/jobs/view/software-engineer-fullstack-at-pedidosya-4440753591,Software Engineer Fullstack,,scraped,2026-07-17T20:38:39.577666,
44b88d4a8c845673,https://uy.linkedin.com/jobs/view/business-development-representative-for-the-us-market-at-elvtr-4442117114,Business Development Representative for the US market,ELVTR,posted,2026-07-17T20:38:51.224854,1318
b60d04d35d740db9,https://uy.linkedin.com/jobs/view/business-development-representative-for-the-us-market-at-elvtr-4442107684,Business Development Representative for the US market,ELVTR,scraped,2026-07-17T20:38:55.395477,
2765d6f813bda6b2,https://uy.linkedin.com/jobs/view/t%C3%A9cnico-a-electricista-de-mantenimiento-%E2%80%93-maldonado-at-el-dorado-4441129246,Técnico/a Electricista de Mantenimiento – Maldonado,,scraped,2026-07-17T20:38:57.924261,
3fa69560e060e9a6,https://uy.linkedin.com/jobs/view/supervisor-de-calidad-%E2%80%93-proyecto-de-control-at-csi-4441644959,Supervisor de Calidad – Proyecto de Control,,scraped,2026-07-17T20:39:04.883678,
20e90a68a8764c2c,https://uy.linkedin.com/jobs/view/lojas-renner-uy-inauguraci%C3%B3n-renner-shopping-aventura-montevideo-uy-at-lojas-renner-s-a-4432128088,|LOJAS RENNER UY| Inauguración Renner | Shopping Aventura | Montevideo/UY,,scraped,2026-07-17T20:39:15.592398,
036a7304f292fcfa,https://uy.linkedin.com/jobs/view/sr-quality-manager-at-integer-holdings-corporation-4414634686,Sr. Quality Manager,Integer Holdings Corporation,posted,2026-07-17T20:39:31.115254,1320
6197c593ce8cd594,https://uy.linkedin.com/jobs/view/kam-home-appliance-linea-blanca-at-samsung-electronics-4440857890,KAM - Home Appliance (Linea Blanca),,scraped,2026-07-17T20:39:33.871399,
03cca7981516a2c1,https://uy.linkedin.com/jobs/view/principal-netsuite-developer-at-plative-4424809324,Principal NetSuite Developer,Plative,posted,2026-07-17T20:39:48.384499,1322
b9504164a05c374f,https://uy.linkedin.com/jobs/view/auxiliar-financiero-at-confidential-careers-4442151726,Auxiliar financiero,Confidential Careers,posted,2026-07-17T20:40:04.360604,1324
01ef648f5052056c,https://uy.linkedin.com/jobs/view/configuration-engineer-at-combined-ratio-solutions-4441988906,Configuration Engineer,Combined Ratio Solutions,posted,2026-07-17T20:40:15.521656,1326
d0de2c826039fe57,https://uy.linkedin.com/jobs/view/lead-gmp-floor-technician-at-sbm-management-services-lp-4414723241,Lead GMP Floor Technician,"SBM Management Services, LP",posted,2026-07-17T20:40:24.823498,1328
ea9bd6c53c6ffe8d,https://uy.linkedin.com/jobs/view/data-quality-specialist-remote-work-at-bairesdev-4440729980,Data Quality Specialist - Remote Work,BairesDev,posted,2026-07-17T20:40:36.372952,1330
0be354513214ad38,https://uy.linkedin.com/jobs/view/paid-search-social-specialist-at-veta-virtual-4440622634,Paid Search & Social Specialist,,scraped,2026-07-17T20:40:39.022842,
462d1bb533457449,https://uy.linkedin.com/jobs/view/application-security-engineer-checkmarx-sast-trabajo-remoto-ref%23298366-at-bairesdev-4440867048,Application Security Engineer (Checkmarx / SAST) - Trabajo Remoto | REF#298366,BairesDev,posted,2026-07-17T20:40:51.353453,1332
e33b71be6ac2ae6a,https://uy.linkedin.com/jobs/view/scrum-master-remote-work-at-bairesdev-4439933113,Scrum Master - Remote Work,BairesDev,posted,2026-07-17T20:40:56.298979,341
c363fbcbdd555b31,https://uy.linkedin.com/jobs/view/ubuntu-sales-engineer-english-spanish-required-at-canonical-4433371570,Ubuntu Sales Engineer (English/Spanish Required),,scraped,2026-07-17T20:41:04.947141,
3bbb9f11fb679577,https://uy.linkedin.com/jobs/view/regional-hr-manager-amer-at-canonical-4433363936,Regional HR Manager - AMER,,scraped,2026-07-17T20:41:13.048935,
05338e2ddf388263,https://uy.linkedin.com/jobs/view/sales-development-representative-spanish-portuguese-speaker-at-canonical-4433377402,Sales Development Representative (Spanish & Portuguese Speaker),,scraped,2026-07-17T20:41:20.708676,
d2f038344bc0f42e,https://uy.linkedin.com/jobs/view/devops-engineer-azure-%2B-on-premise-remote-latin-america-at-fullstack-4441499859,DevOps Engineer (Azure + On-Premise) - Remote - Latin America,FullStack,posted,2026-07-17T20:41:30.910246,1242
4da5de1e9fe26b08,https://uy.linkedin.com/jobs/view/analista-comercial-at-tienda-inglesa-4441915533,Analista Comercial,Tienda Inglesa,posted,2026-07-17T20:41:43.400125,1334
f9f72fe28342a022,https://uy.linkedin.com/jobs/view/senior-gtm-ga4-analytics-specialist-hourly-contract-at-finch-4441337954,Senior GTM/GA4 Analytics Specialist (Hourly Contract),Finch,posted,2026-07-17T20:41:58.250046,1336
df45674453c56165,https://uy.linkedin.com/jobs/view/purchasing-specialist-at-merck-group-4440805759,Purchasing Specialist,,scraped,2026-07-17T20:42:00.816377,
4e713c88bfd2f33c,https://uy.linkedin.com/jobs/view/sr-revenue-assurance-reporting-analyst-at-despegar-4441650074,Sr Revenue Assurance Reporting Analyst,Despegar,posted,2026-07-17T20:42:43.110911,1338
935eee4c78491a7b,https://uy.linkedin.com/jobs/view/beca-de-posgrado-at-universidad-de-la-rep%C3%BAblica-4438420177,Beca de posgrado,Universidad de la República,posted,2026-07-17T20:42:53.300995,1340
8afd846f607f5efb,https://uy.linkedin.com/jobs/view/director-superior-de-garant%C3%ADa-de-calidad-at-pwc-4440959770,Director superior de garantía de calidad,PwC,posted,2026-07-17T20:43:04.146972,1342
6bd9429a58ce5e3b,https://uy.linkedin.com/jobs/view/ai-developer-at-eagerworks-4441300841,AI Developer,eagerworks,posted,2026-07-17T20:43:13.600606,1344
18fe4d1179b08ce0,https://uy.linkedin.com/jobs/view/peluqueros-para-noruega-at-eutalents-4441141255,Peluqueros para Noruega,EUTALENTS,posted,2026-07-17T20:43:26.970421,1346
0de01f82584eed5b,https://uy.linkedin.com/jobs/view/jefe-a-de-planta-%E2%80%93-panader%C3%ADa-y-confiter%C3%ADa-maldonado-at-el-dorado-4440293669,Jefe/a de Planta – Panadería y Confitería (Maldonado),,scraped,2026-07-17T20:43:29.519163,
d77510d35fc30f40,https://uy.linkedin.com/jobs/view/freelance-data-scraping-engineer-python-at-mindrift-4441434687,Freelance Data Scraping Engineer (Python),Mindrift,posted,2026-07-17T20:43:38.670444,473
d8a7004d6d5f669d,https://uy.linkedin.com/jobs/view/graduate-partner-marketing-manager-at-canonical-4433360991,Graduate Partner Marketing Manager,,scraped,2026-07-17T20:43:41.394432,
252db1551d656048,https://uy.linkedin.com/jobs/view/principante-contable-at-tmf-group-4432082709,Principante Contable,,scraped,2026-07-17T20:43:49.323725,
805395aa964bdfd4,https://uy.linkedin.com/jobs/view/analista-de-adquisici%C3%B3n-de-cuentas-fintech-at-lato-jobs-4439755821,Analista de Adquisición de Cuentas - Fintech,,scraped,2026-07-17T20:43:56.188683,
21ce8eb8145e0504,https://uy.linkedin.com/jobs/view/t%C3%A9cnico-de-mantenimiento-at-joyson-safety-systems-4441475847,Técnico de mantenimiento,Joyson Safety Systems,posted,2026-07-17T20:44:10.105270,1348
3197d596f37f49b0,https://uy.linkedin.com/jobs/view/creative-design-lead-marketing-campaigns-at-duckduckgo-4441105420,Creative Design Lead (Marketing Campaigns),DuckDuckGo,posted,2026-07-17T20:44:18.488441,1350
61a110dbbd335615,https://uy.linkedin.com/jobs/view/responsable-de-desarrollo-de-negocio-construcci%C3%B3n-at-entrust-servicios-profesionales-de-recursos-humanos-4437699124,Responsable de desarrollo de negocio - Construcción,,scraped,2026-07-17T20:44:21.220007,
7f0c9adb60c90578,https://uy.linkedin.com/jobs/view/ejecutivo-comercial-jr-apple-authorized-resellers-y-apple-authorized-service-provider-at-maximstore-apple-premium-reseller-4438745926,Ejecutivo Comercial Jr - Apple Authorized Resellers y Apple Authorized Service Provider,,scraped,2026-07-17T20:44:31.169627,
29b244587d77e719,https://uy.linkedin.com/jobs/view/mechanical-engineer-ii-at-integer-holdings-corporation-4414637324,Mechanical Engineer II,Integer Holdings Corporation,posted,2026-07-17T20:44:48.236846,1352
da8c5d8807fa80a5,https://uy.linkedin.com/jobs/view/auxiliar-de-ventas-colonia-shopping-at-only-brand-house-4441299994,Auxiliar de Ventas - Colonia Shopping,,scraped,2026-07-17T20:44:50.619657,
140433ba5cbe1a12,https://uy.linkedin.com/jobs/view/dell-global-alliance-director-at-canonical-4433373549,Dell Global Alliance Director,,scraped,2026-07-17T20:44:58.477983,
aa2545de12e59c41,https://uy.linkedin.com/jobs/view/sustainability-expert-contributor-at-open-library-on-green-economy-4439243824,Sustainability Expert Contributor,,scraped,2026-07-17T20:45:06.655622,
3afd3605e280f99b,https://uy.linkedin.com/jobs/view/staff-accountant-at-veta-virtual-4440634102,Staff Accountant,,scraped,2026-07-17T20:45:21.326764,
0404ab999f76032b,https://uy.linkedin.com/jobs/view/ibm-global-alliance-director-at-canonical-4433378053,IBM Global Alliance Director,,scraped,2026-07-17T20:45:27.602774,
24f68fc21c870542,https://uy.linkedin.com/jobs/view/dise%C3%B1ador-gr%C3%A1fico-at-passcard-4438732124,Diseñador gráfico,,scraped,2026-07-17T20:45:35.317179,
c302fb37302110bc,https://uy.linkedin.com/jobs/view/gerente-a-comercial-at-manpowergroup-uruguay-4437698871,Gerente/a Comercial,,scraped,2026-07-17T20:45:43.114700,
eb5b58d52b6c3a93,https://uy.linkedin.com/jobs/view/t%C3%A9cnico-comercial-at-hikvision-4437606279,Técnico comercial,,scraped,2026-07-17T20:45:50.288471,
673f9b44cfcf6bc2,https://uy.linkedin.com/jobs/view/seo-specialist-at-veta-virtual-4440623602,SEO Specialist,,scraped,2026-07-17T20:46:00.481232,
75d5eed2824293a0,https://uy.linkedin.com/jobs/view/sales-development-representative-portuguese-speaker-at-canonical-4433366730,Sales Development Representative (Portuguese Speaker),,scraped,2026-07-17T20:46:06.725448,
989cab3a94755523,https://uy.linkedin.com/jobs/view/partner-sales-executive-north-america-channel-at-canonical-4433363853,"Partner Sales Executive, North America Channel",,scraped,2026-07-17T20:46:14.549016,
12ce9a9417dbac13,https://uy.linkedin.com/jobs/view/nebenjob-%E2%80%93-home-office-mit-umfragen-geld-verdienen%21-einfach-von-zuhause-oder-unterwegs-studentjob-ch-at-jobster-4440697567,Nebenjob – Home Office: Mit Umfragen Geld verdienen! Einfach von zuhause oder unterwegs - Studentjob.ch,,scraped,2026-07-17T20:46:24.076860,
833338f1b6c64b7b,https://uy.linkedin.com/jobs/view/encargado-a-de-mantenimiento-importante-empresa-citr%C3%ADcola-paysand%C3%BA-at-manpowergroup-uruguay-4438705681,Encargado/a de Mantenimiento - Importante empresa Citrícola (Paysandú),,scraped,2026-07-17T20:46:31.683458,
b4c8db944a7ea297,https://uy.linkedin.com/jobs/view/profesionales-y-t%C3%A9cnicos-san-jos%C3%A9-de-mayo-at-consultora-citrino-4439264175,Profesionales y Técnicos - San José de Mayo.,,scraped,2026-07-17T20:46:42.126020,
5e26a241ce7ff02d,https://uy.linkedin.com/jobs/view/product-support-analyst-i-vip-at-sabre-4413047225,Product Support Analyst I - VIP,Sabre,posted,2026-07-17T20:46:58.971405,1354
41e57f9c82b46685,https://uy.linkedin.com/jobs/view/semi-senior-de-contabilidad-at-forvis-mazars-in-uruguay-4420738121,Semi Senior de Contabilidad,,scraped,2026-07-17T20:47:11.599784,
ec0f7112d58a8cf0,https://uy.linkedin.com/jobs/view/auxiliar-departamento-m%C3%A9dico-redbridge-at-montse-perera-consultor%C3%ADa-y-transformaci%C3%B3n-organizacional-4439246790,Auxiliar Departamento Médico - Redbridge,,scraped,2026-07-17T20:47:27.696630,
df6fe285b8bba85e,https://uy.linkedin.com/jobs/view/dise%C3%B1ador-gr%C3%A1fico-at-industria-grafica-central-papelera-4439262025,Diseñador gráfico,Industria Grafica Central Papelera,posted,2026-07-17T20:47:41.094431,1356
b30f58acd6ffe476,https://uy.linkedin.com/jobs/view/einfach-mit-umfragen-geld-verdienen-mit-toluna-studentjob-ch-at-jobster-4440697839,"Einfach mit Umfragen Geld verdienen, mit Toluna - Studentjob.ch",,scraped,2026-07-17T20:47:43.648479,
f30fb71dc6d2c33e,https://uy.linkedin.com/jobs/view/payments-operations-specialist-at-exness-4408820552,Payments Operations Specialist,,scraped,2026-07-17T20:47:59.316613,
b05de7b5535f0244,https://uy.linkedin.com/jobs/view/open-source-enterprise-sales-manager-north-america-at-canonical-4433377404,Open Source Enterprise Sales Manager - North America,,scraped,2026-07-17T20:48:06.607328,
bcaf5e16eb70a52f,https://uy.linkedin.com/jobs/view/agente-inmobiliario-at-idea-consultores-4439215848,Agente inmobiliario,,scraped,2026-07-17T20:48:20.321600,
383c9d7a3db93e21,https://uy.linkedin.com/jobs/view/account-manager-%E2%80%93-conversi%C3%B3n-y-retenci%C3%B3n-latam-at-axi-broker-4438426602,Account Manager – Conversión y Retención (LATAM),AXI BROKER,posted,2026-07-17T20:48:35.576695,1358
8ad84beee5692ee7,https://uy.linkedin.com/jobs/view/software-engineer-python-linux-packaging-at-canonical-4433360992,Software Engineer (Python/Linux/Packaging),,scraped,2026-07-17T20:48:40.222230,
2c0fd3e9b45dda43,https://uy.linkedin.com/jobs/view/home-office-ihre-meinung-ist-wertvoll-%E2%80%93-lassen-sie-sich-daf%C3%BCr-belohnen%21-studentjob-ch-at-jobster-4440729239,Home Office: Ihre Meinung ist wertvoll – lassen Sie sich dafür belohnen! - Studentjob.ch,,scraped,2026-07-17T20:48:50.068153,
6831c0b3b8f98412,https://uy.linkedin.com/jobs/view/analista-de-ti-at-entrust-servicios-profesionales-de-recursos-humanos-4437613079,Analista de TI,,scraped,2026-07-17T20:48:59.526171,
e78b387414739f1c,https://uy.linkedin.com/jobs/view/%C2%A0ait-engineer-electronics-engineer%C2%A0-at-satellogic-4440354211,AIT Engineer - Electronics Engineer,,scraped,2026-07-17T20:49:08.159628,
f359cf5d4f373d8e,https://uy.linkedin.com/jobs/view/senior-product-designer-figma-%2B-cloud-cursor-remote-latin-america-at-fullstack-4413074865,Senior Product Designer (Figma + Cloud Cursor) - Remote - Latin America,FullStack,posted,2026-07-17T20:49:18.587931,1204
cb808b860c69ea18,https://uy.linkedin.com/jobs/view/customer-success-engineer-ai-saas-at-mercor-4424144217,Customer Success Engineer - AI SaaS,Mercor,posted,2026-07-17T20:49:28.580973,1360
d677f279c0b0f700,https://uy.linkedin.com/jobs/view/software-engineer-cloud-images-at-canonical-4433379010,Software Engineer - Cloud Images,,scraped,2026-07-17T20:49:31.234730,
c5a30f9f68b65938,https://uy.linkedin.com/jobs/view/senior-product-designer-figma-%2B-cloud-cursor-remote-latin-america-at-fullstack-4413074878,Senior Product Designer (Figma + Cloud Cursor) - Remote - Latin America,FullStack,posted,2026-07-17T20:49:41.421271,1204
3df32147f4847acd,https://uy.linkedin.com/jobs/view/software-developer-backend-saas-at-canonical-4433363845,Software Developer (Backend SaaS),,scraped,2026-07-17T20:49:44.121446,
bc7fa010ebaa94e6,https://uy.linkedin.com/jobs/view/senior-backend-engineer-tech-lead-3-4-month-long-remote-latin-america-at-fullstack-4441206625,Senior Backend Engineer Tech Lead (3-4 month long) - Remote - Latin America,FullStack,posted,2026-07-17T20:49:54.008635,1280
9024539ae1a37c2d,https://uy.linkedin.com/jobs/view/senior-backend-engineer-tech-lead-3-4-month-long-remote-latin-america-at-fullstack-4441214299,Senior Backend Engineer Tech Lead (3-4 month long) - Remote - Latin America,FullStack,posted,2026-07-17T20:49:58.948827,1280
72d031e17222d147,https://uy.linkedin.com/jobs/view/verdienen-sie-geld-mit-umfragen-die-nur-f%C3%BCr-sie-gemacht-sind-mit-toluna-studentjob-ch-at-jobster-4440700501,"Verdienen Sie Geld mit Umfragen, die nur für Sie gemacht sind, mit Toluna - Studentjob.ch",,scraped,2026-07-17T20:50:01.570052,
b6900886f11443af,https://uy.linkedin.com/jobs/view/senior-python-engineer-ai-technology-at-worldquant-4312090750,Senior Python Engineer - AI Technology,WorldQuant,posted,2026-07-17T20:50:15.572980,1362
1eb6f8d8be1c11a5,https://uy.linkedin.com/jobs/view/gmp-technician-at-sbm-management-services-lp-4439880815,GMP Technician,"SBM Management Services, LP",posted,2026-07-17T20:50:22.713292,103
ffb610c86fee96f6,https://uy.linkedin.com/jobs/view/gmp-technician-at-sbm-management-services-lp-4439879739,GMP Technician,"SBM Management Services, LP",scraped,2026-07-17T20:50:26.893024,
d806720e50b2eaeb,https://uy.linkedin.com/jobs/view/software-engineering-manager-backend-saas-at-canonical-4433365785,Software Engineering Manager (Backend SaaS),,scraped,2026-07-17T20:50:29.583439,
a4300beb0b2b149a,https://uy.linkedin.com/jobs/view/versicherungsberater-in-f%C3%BCr-die-generalagentur-st-gallen-at-axa-4442125455,Versicherungsberater:in für die Generalagentur St. Gallen,,scraped,2026-07-17T20:50:39.277619,
1ea39b94c961e18f,https://uy.linkedin.com/jobs/view/docente-del-taller-2-y-o-taller-6-de-la-licenciatura-en-dise%C3%B1o-de-interiores-at-universidad-ort-uruguay-4438730276,Docente del Taller 2 y/o Taller 6 de la Licenciatura en Diseño de Interiores,Universidad ORT Uruguay,posted,2026-07-17T20:51:00.953399,1364
f8114cca24b0d620,https://uy.linkedin.com/jobs/view/devops-engineer-azure-%2B-on-premise-remote-latin-america-at-fullstack-4441608445,DevOps Engineer (Azure + On-Premise) - Remote - Latin America,FullStack,posted,2026-07-17T20:51:07.705447,1242
ae1448c350446bed,https://uy.linkedin.com/jobs/view/senior-devsecops-engineer-remote-work-at-bairesdev-4439440563,Senior DevSecOps Engineer - Remote Work,BairesDev,posted,2026-07-17T20:51:22.595854,791
21a06d1dfde65568,https://uy.linkedin.com/jobs/view/agente-de-atenci%C3%B3n-al-cliente-at-divino-sa-4441385608,Agente de Atención al Cliente,,scraped,2026-07-18T20:11:52.408197,
99659e56d53eb07e,https://uy.linkedin.com/jobs/view/recepcionista-at-multiline-contact-center-4441420422,Recepcionista,Multiline Contact Center,posted,2026-07-18T20:12:19.236289,1366
99f856468573604c,https://uy.linkedin.com/jobs/view/picker-packer-zafral-at-el-rey-del-entretenimiento-4441919376,Picker & Packer Zafral,,scraped,2026-07-18T20:12:23.863036,
f5452248f61fc54e,https://uy.linkedin.com/jobs/view/analista-de-prevenci%C3%B3n-de-p%C3%A9rdidas-at-tienda-inglesa-4441922105,Analista de Prevención de Pérdidas,Tienda Inglesa,posted,2026-07-18T20:12:44.617710,1368
0bfb90561c6989b7,https://uy.linkedin.com/jobs/view/auxiliar-de-relaciones-laborales-at-ciemsa-4439586755,Auxiliar de Relaciones Laborales,,scraped,2026-07-18T20:12:47.257167,
711390672766938b,https://uy.linkedin.com/jobs/view/worldquant-technology-talent-network-at-worldquant-4268633568,WorldQuant Technology Talent Network,WorldQuant,posted,2026-07-18T20:13:00.752741,1370
12ec0e25aef26e08,https://uy.linkedin.com/jobs/view/airline-inventory-specialist-all-genders-at-hahnair-4439645015,Airline Inventory Specialist (all genders),,scraped,2026-07-18T20:13:11.396174,
4769259c224a9759,https://uy.linkedin.com/jobs/view/senior-executive-assistant-at-ottomatik-io-4439981853,Senior Executive Assistant,Ottomatik.io,posted,2026-07-18T20:13:59.440758,1372
2aedb9e76a3b6e3c,https://uy.linkedin.com/jobs/view/ota-full-time-at-pikes-peak-post-acute-4442192934,OTA- Full Time,Pikes Peak Post Acute,posted,2026-07-18T20:14:10.028463,1374
135027058f050861,https://uy.linkedin.com/jobs/view/operations-bookkeeper-specialist-at-holland-properties-inc-4442450109,Operations Bookkeeper Specialist,Holland Properties Inc,posted,2026-07-18T20:14:30.294875,1376
8b1cd39f477e504c,https://uy.linkedin.com/jobs/view/chatbot-developer-whatsapp-telegram-discord-freelance-at-mindrift-4442434671,"Chatbot Developer (WhatsApp, Telegram, Discord) - Freelance",Mindrift,posted,2026-07-18T20:14:37.634426,1172
bdfb625e8e527594,https://uy.linkedin.com/jobs/view/automation-expert-cross-functional-operations-at-adoreal-4441653788,Automation Expert - Cross-Functional Operations,Adoreal,posted,2026-07-18T20:14:49.796895,1378
01c1c8c92d174b5b,https://uy.linkedin.com/jobs/view/analista-de-operaciones-at-swb-agente-de-valores-4438723829,Analista de Operaciones,,scraped,2026-07-18T20:15:00.398012,
7a703afe3a1714d9,https://uy.linkedin.com/jobs/view/artificial-intelligence-and-digital-transformation-consultant-at-inter-american-development-bank-4438751288,Artificial Intelligence and Digital Transformation Consultant,Banco Interamericano de Desarrollo,posted,2026-07-18T20:15:17.473783,1380
7acc92617146f4b1,https://uy.linkedin.com/jobs/view/card-disputes-chargebacks-specialist-at-paymentology-4441493396,Card Disputes & Chargebacks Specialist,,scraped,2026-07-18T20:15:24.038775,
9e6a6a5f6784ee0f,https://uy.linkedin.com/jobs/view/graduate-hr-generalist-amer-at-canonical-4433360911,Graduate HR Generalist - AMER,,scraped,2026-07-18T20:15:31.202809,
c739c207c0cb9cd6,https://uy.linkedin.com/jobs/view/t%C3%A9cnico-en-reparaci%C3%B3n-y-soporte-it-maldonado-at-el-dorado-4439484373,Técnico en Reparación y Soporte IT - Maldonado,,scraped,2026-07-18T20:15:39.025569,
5a3d72dccba706c5,https://uy.linkedin.com/jobs/view/lead-de-e-commerce-y-growth-marketing-at-randstad-uruguay-4438743631,Lead de E-commerce y Growth Marketing,,scraped,2026-07-18T20:15:46.434605,
0404eb448405f2d2,https://uy.linkedin.com/jobs/view/voice-actor-spanish-tts-specialist-at-mercor-4424131827,Voice Actor - Spanish TTS Specialist,Mercor,posted,2026-07-18T20:16:01.191889,1382
4271604dd6adca04,https://uy.linkedin.com/jobs/view/client-associate-at-insigneo-4440997107,Client Associate,Insigneo,posted,2026-07-18T20:16:06.061862,415
9ba83c73154b177e,https://uy.linkedin.com/jobs/view/especialista-de-productos-y-canales-de-seguros-at-scotiabank-uruguay-4440785169,Especialista de Productos y Canales de Seguros,,scraped,2026-07-18T20:16:08.693779,
86e8150e63c01a3e,https://uy.linkedin.com/jobs/view/sales-development-representative-at-canonical-4433365782,Sales Development Representative,,scraped,2026-07-18T20:16:21.793731,
d33d929f6f53134b,https://uy.linkedin.com/jobs/view/lead-hr-generalist-americas-at-canonical-4433371643,Lead HR Generalist - Americas,,scraped,2026-07-18T20:16:29.325348,
453abae6a702b1e6,https://uy.linkedin.com/jobs/view/ejecutivo-de-ventas-en-terreno-at-johnson-controls-4411557959,Ejecutivo de Ventas en Terreno,,scraped,2026-07-18T20:16:39.004926,
1e96c6b52127cb35,https://uy.linkedin.com/jobs/view/ingeniero-a-especialista-el%C3%A9ctrico-en-control-at-csi-4441659341,Ingeniero/a Especialista Eléctrico en Control,,scraped,2026-07-18T20:16:45.330143,
26e51d2f8acacb57,https://uy.linkedin.com/jobs/view/sr-analytics-engineer-at-pedidosya-4440248310,Sr Analytics Engineer,,scraped,2026-07-18T20:16:55.532558,
af89c53fc28ecc45,https://uy.linkedin.com/jobs/view/uruguay-online-language-school-franchise-partnership-at-lingua-learn-franchise-group-4442477214,Uruguay Online Language School Franchise Partnership,Lingua Learn Franchise Group,posted,2026-07-18T20:17:24.498918,1384
43e39c3a1d1f0b69,https://uy.linkedin.com/jobs/view/talent-acquisition-specialist-at-toptal-4432104125,Talent Acquisition Specialist,Toptal,posted,2026-07-18T20:17:34.928202,1386
2f4386cc71aa1368,https://uy.linkedin.com/jobs/view/ai-engineering-manager-at-blend-4441644955,AI Engineering Manager,Blend,posted,2026-07-18T20:17:43.841027,1184
0ddf9973e0b4a438,https://uy.linkedin.com/jobs/view/analista-contable-biling%C3%BCe-ingl%C3%A9s-intermedio-at-corporacion-minera-fabulosa-7-s-a-c-4441731646,Analista Contable BilingÜe - Inglés Intermedio,Corporacion Minera Fabulosa 7 S.A.C,posted,2026-07-18T20:17:57.640436,1388
c43df2079a18aea6,https://uy.linkedin.com/jobs/view/senior-technical-support-engineer-remote-work-at-bairesdev-4440734674,Senior Technical Support Engineer - Remote Work,BairesDev,posted,2026-07-18T20:18:10.599025,1390
d41e9abf0ec7192c,https://uy.linkedin.com/jobs/view/supervisor-de-operaciones-at-frontmatec-asuan-s-a-4437674827,Supervisor de operaciones,,scraped,2026-07-18T20:18:13.244769,
57ee1940ce1b5701,https://uy.linkedin.com/jobs/view/sports-data-collector-football-rocha-rocha-uruguay-at-genius-sports-4430639479,"Sports Data Collector (Football) - Rocha, Rocha, Uruguay",,scraped,2026-07-18T20:18:21.266473,
8d34140412f22fbe,https://uy.linkedin.com/jobs/view/operational-risk-analyst-at-cofco-international-4441624789,Operational Risk Analyst,COFCO International,posted,2026-07-18T20:18:42.164516,1392
413b85d189c93a7c,https://uy.linkedin.com/jobs/view/analista-de-marketing-y-comunicaciones-exclusiva-personas-con-discapacidad-at-oracle-4440210724,Analista de Marketing y Comunicaciones - Exclusiva Personas con Discapacidad,Oracle,posted,2026-07-18T20:18:51.022949,1394
4cdabbd8354243c3,https://uy.linkedin.com/jobs/view/supervisor-de-operaciones-at-frontmatec-asuan-s-a-4437690125,Supervisor de operaciones,,scraped,2026-07-18T20:18:55.649454,
d4a6f8206c8c586e,https://uy.linkedin.com/jobs/view/sr-ai-ml-engineer-at-perform-4401980352,Sr. AI/ML Engineer,Perform,posted,2026-07-18T20:19:07.742565,205
845e5ace4d1518d0,https://uy.linkedin.com/jobs/view/sagen-sie-es%21-teilen-sie-ihre-erkenntnisse-mit%21-umfragen-durchf%C3%BChren-und-geld-verdienen%21-m-w-d-studentjob-ch-at-jobster-4440707817,Sagen Sie es! Teilen Sie Ihre Erkenntnisse mit! Umfragen durchführen und Geld verdienen! (m/w/d) - Studentjob.ch,,scraped,2026-07-18T20:19:10.289251,
8e67e12e873c5ce2,https://uy.linkedin.com/jobs/view/ingeniero-agrimensor-at-csi-4441466878,Ingeniero Agrimensor,,scraped,2026-07-18T20:19:23.983050,
ce994e43b295b394,https://uy.linkedin.com/jobs/view/proyectista-jr-mobiliario-en-madera-at-maderable-4439641004,Proyectista Jr. - Mobiliario en madera,MADERABLE,posted,2026-07-18T20:19:42.078125,1396
6073755d14da08a8,https://uy.linkedin.com/jobs/view/specialist-submission-mgmt-at-merck-healthcare-4433899859,Specialist Submission Mgmt,,scraped,2026-07-18T20:19:44.816699,
77900baaf2e9bbb1,https://uy.linkedin.com/jobs/view/manager-ai-engineering-at-ulta-beauty-4439959399,"Manager, AI Engineering",Ulta Beauty,posted,2026-07-18T20:20:43.985267,187
01e28748d66c1585,https://uy.linkedin.com/jobs/view/senior-aws-cloud-infrastructure-engineer-%E2%80%93-dns-edge-latam-remote-at-braintrust-4442193301,Senior AWS Cloud Infrastructure Engineer – DNS & Edge (LATAM-Remote),Braintrust,posted,2026-07-18T20:20:52.860260,1398
d8f387575d023a59,https://uy.linkedin.com/jobs/view/senior-seo-account-manager-at-veta-virtual-4440634103,Senior SEO Account Manager,,scraped,2026-07-18T20:21:01.487764,
507f2cf2b93465df,https://uy.linkedin.com/jobs/view/public-cloud-solution-architect-at-canonical-4433366823,Public Cloud Solution Architect,,scraped,2026-07-18T20:21:10.074464,
b46e3541af9302ea,https://uy.linkedin.com/jobs/view/probador-de-software-qa-investigaci%C3%B3n-y-desarrollo-trabajo-remoto-at-bairesdev-4439410940,Probador de Software (QA) / Investigación y Desarrollo - Trabajo Remoto,BairesDev,posted,2026-07-18T20:21:24.530532,1400
d4570e2b6b6f4c49,https://uy.linkedin.com/jobs/view/retail-service-specialist-at-o-reilly-auto-parts-4433895397,Retail Service Specialist,O'Reilly Auto Parts,posted,2026-07-18T20:21:33.686489,1402
f327da8b9879b271,https://uy.linkedin.com/jobs/view/agente-independiente-vendedor-de-seguros-de-vida-at-mapfre-4438449228,Agente independiente vendedor de seguros de vida,,scraped,2026-07-18T20:21:36.350416,
8ee90c25c1cf7b82,https://uy.linkedin.com/jobs/view/integration-developer-at-oracle-4437613941,Integration Developer,Oracle,posted,2026-07-18T20:21:50.448143,1404
4e243162873d863c,https://uy.linkedin.com/jobs/view/senior-net-engineer-remote-latin-america-at-fullstack-4442185360,Senior .NET Engineer - Remote - Latin America,FullStack,posted,2026-07-18T20:22:00.602051,1406
d7a783f0e570b6ed,https://uy.linkedin.com/jobs/view/senior-net-engineer-remote-latin-america-at-fullstack-4442188133,Senior .NET Engineer - Remote - Latin America,FullStack,posted,2026-07-18T20:22:17.564864,1406
264842a530df1b24,https://uy.linkedin.com/jobs/view/senior-net-engineer-remote-latin-america-at-fullstack-4442181397,Senior .NET Engineer - Remote - Latin America,FullStack,posted,2026-07-18T20:22:24.274535,1406
9e517d140a1cb39b,https://uy.linkedin.com/jobs/view/devops-engineer-azure-%2B-on-premise-remote-latin-america-at-fullstack-4441602696,DevOps Engineer (Azure + On-Premise) - Remote - Latin America,FullStack,posted,2026-07-18T20:22:42.970589,1242
902d7af52f7c9b00,https://uy.linkedin.com/jobs/view/senior-net-engineer-remote-latin-america-at-fullstack-4442182461,Senior .NET Engineer - Remote - Latin America,FullStack,posted,2026-07-18T20:22:48.077835,1406
7771814f79135e93,https://uy.linkedin.com/jobs/view/estudiante-de-contador-p%C3%BAblico-que-se-encuentra-cursando-los-primeros-a%C3%B1os-de-la-carrera-ref-0726-11-at-corporaci%C3%B3n-nacional-para-el-desarrollo-4438733482,Estudiante de Contador Público que se encuentra cursando los primeros años de la carrera (Ref.: 0726-11),,scraped,2026-07-18T20:22:50.652339,
e9bf41706a0fb787,https://uy.linkedin.com/jobs/view/docente-suplente-para-la-materia-dibujo-2-de-la-licenciatura-en-dise%C3%B1o-de-interiores-at-universidad-ort-uruguay-4438726941,Docente Suplente para la materia Dibujo 2 de la Licenciatura en Diseño de Interiores,Universidad ORT Uruguay,posted,2026-07-18T20:23:08.583350,1408
16ed094626a03f54,https://uy.linkedin.com/jobs/view/senior-software-engineer-react-%2B-next-js-remote-latin-america-at-fullstack-4442171792,Senior Software Engineer (React + Next.js) - Remote - Latin America,FullStack,posted,2026-07-18T20:23:18.184386,1410
72a10d0e8d12416f,https://uy.linkedin.com/jobs/view/senior-software-engineer-ai-interaction-evaluator-codex-claude-code-up-to-%24200-hr-at-g2i-inc-4441308297,"Senior Software Engineer - AI Interaction Evaluator (Codex / Claude Code, up to $200/hr)",G2i Inc.,posted,2026-07-18T20:23:28.306244,1412
78fc39fcc29ee1ef,https://uy.linkedin.com/jobs/view/asistente-administrativo-contable-at-kma-uruguay-4442501424,Asistente administrativo Contable,,scraped,2026-07-19T20:16:17.355814,
ca9ef26ac1a8cb1d,https://uy.linkedin.com/jobs/view/auxiliar-administrativo-a-at-work-office-4442490905,Auxiliar Administrativo/a,,scraped,2026-07-19T20:16:37.673189,
d30d4cbefeb4e24c,https://uy.linkedin.com/jobs/view/encargado-de-almac%C3%A9n-montevideo-at-conaprole-4442492786,ENCARGADO DE ALMACÉN - MONTEVIDEO,,scraped,2026-07-19T20:16:44.222317,
1a4588b2a5fa1df8,https://uy.linkedin.com/jobs/view/asistente-de-rrhh-y-selecci%C3%B3n-at-talenter-4441167560,Asistente de RRHH y selección,,scraped,2026-07-19T20:16:56.627329,
fdd98c56a31a1dd7,https://uy.linkedin.com/jobs/view/asistente-t%C3%A9cnico-de-obra-at-ventus-construcciones-4440941853,Asistente Técnico de Obra,,scraped,2026-07-19T20:17:05.133858,
a31aab0517ecaa95,https://uy.linkedin.com/jobs/view/analista-de-log%C3%ADstica-at-sodimac-4424960051,Analista de Logística,,scraped,2026-07-19T20:17:17.805021,
dfd56ddfa7625e72,https://uy.linkedin.com/jobs/view/head-of-people-at-sur-global-4442151166,Head of People,Sur Global,posted,2026-07-19T20:17:35.509191,1414
3929d5d9d913f165,https://uy.linkedin.com/jobs/view/analista-de-datos-negocio-pospago-at-claro-uruguay-4433208993,Analista de Datos Negocio Pospago,,scraped,2026-07-19T20:17:40.079756,
d7679b0db1b0b9e0,https://uy.linkedin.com/jobs/view/administrative-assistant-at-internova-global-services-4433550307,Administrative Assistant,Internova Global Services,posted,2026-07-19T20:18:34.707294,1416
cf5b51acaa0ac083,https://uy.linkedin.com/jobs/view/adjunto-a-ingenier%C3%ADa-de-control-de-procesos-at-cementos-avellaneda-s-a-4438040035,Adjunto a Ingeniería de Control de Procesos,,scraped,2026-07-19T20:18:37.258482,
0b8d23ba6843901b,https://uy.linkedin.com/jobs/view/sales-representative-at-elvtr-4441637211,Sales Representative,ELVTR,posted,2026-07-19T20:18:50.710997,1418
a2b98940ebf5e650,https://uy.linkedin.com/jobs/view/asesor-a-comercial-de-calle-montevideo-at-ucm-4442408851,Asesor/a comercial de calle - Montevideo,,scraped,2026-07-19T20:18:55.373504,
88fcc0005aeb579b,https://uy.linkedin.com/jobs/view/operario-de-producci%C3%B3n-con-conocimientos-en-neum%C3%A1tica-y-electr%C3%B3nica-at-aglh-4442405902,Operario de Producción - Con Conocimientos en Neumática y Electrónica,AGLH,posted,2026-07-19T20:19:13.573480,1420
3d8ca0fd4ed1505d,https://uy.linkedin.com/jobs/view/demand-planning-analyst-at-pedidosya-4424431747,Demand Planning Analyst,,scraped,2026-07-19T20:19:16.123955,
72e15da013bec46b,https://uy.linkedin.com/jobs/view/ejecutivo-a-de-cuentas-at-tanet-4440791833,Ejecutivo/a de Cuentas,TANET,posted,2026-07-19T20:19:30.590650,1422
6af5fdaf81bfa6e3,https://uy.linkedin.com/jobs/view/rn-registered-nurse-part-time-day-shift-at-minnesota-direct-care-and-treatment-4439226352,"RN-Registered Nurse / Part-Time, Day Shift",Minnesota Direct Care and Treatment,posted,2026-07-19T20:20:00.600834,1424
1919b1eb2628b8b0,https://uy.linkedin.com/jobs/view/ayudante-t%C3%A9cnico-aca-industrial-aseguramiento-de-la-calidad-at-virbac-4441339384,Ayudante Técnico ACA Industrial (Aseguramiento de la Calidad),,scraped,2026-07-19T20:20:09.305267,
39754dcb6adf4124,https://uy.linkedin.com/jobs/view/business-analyst-at-the-vacation-group-4441646688,Business Analyst,The Vacation Group,posted,2026-07-19T20:20:24.038495,1426
4ead332016e82bca,https://uy.linkedin.com/jobs/view/analista-funcional-jr-%E2%80%93-contador-lic-en-administraci%C3%B3n-at-nexit-4442499645,Analista Funcional Jr. – Contador / Lic. en Administración,Nexit,posted,2026-07-19T20:20:37.879599,1428
e67b8afc61f154ae,https://uy.linkedin.com/jobs/view/repartidor-cobrador-at-sucan-4441924027,Repartidor cobrador,SUCAN,posted,2026-07-19T20:21:00.778887,1430
d7a2c3c7a1638e82,https://uy.linkedin.com/jobs/view/junior-financial-analyst-at-koin-4439643035,Junior Financial Analyst,,scraped,2026-07-19T20:21:03.388692,
164caa4df9a07267,https://uy.linkedin.com/jobs/view/dise%C3%B1ador-de-interiores-especialista-en-ff-e-at-rafael-vi%C3%B1oly-architects-4439674094,Diseñador de Interiores (especialista en FF&E).,Rafael Viñoly Architects,posted,2026-07-19T20:21:18.961483,1432
ce51dc82e2930fe1,https://uy.linkedin.com/jobs/view/enqu%C3%AAteur-pour-des-sondages-en-ligne-t%C3%A9l%C3%A9travail-h-f-studentjob-ch-at-jobster-4440710148,Enquêteur pour des sondages en ligne - télétravail H/F - Studentjob.ch,,scraped,2026-07-19T20:21:25.502593,
4f27bf1d203ee171,https://uy.linkedin.com/jobs/view/asistente-de-remuneraciones-y-asesoramiento-laboral-at-estudio-nopitsch-asociados-4438098710,Asistente de Remuneraciones y Asesoramiento Laboral,,scraped,2026-07-19T20:21:33.096395,
11daf2970cc42113,https://uy.linkedin.com/jobs/view/senior-credit-analyst-credit-manager-at-trafigura-4372404566,Senior Credit Analyst / Credit Manager,,scraped,2026-07-19T20:21:39.610933,
6bb65b04d0a3050b,https://uy.linkedin.com/jobs/view/vendedor-a-corporativo-a-con-experiencia-b2b-montevideo-at-manpowergroup-uruguay-4439244661,Vendedor/a corporativo/a  (con experiencia B2B) Montevideo,,scraped,2026-07-19T20:21:48.759056,
f2106a8d990e1ebf,https://uy.linkedin.com/jobs/view/customer-support-coach-at-cloudbeds-4415511248,Customer Support Coach,Cloudbeds,posted,2026-07-19T20:22:06.790900,1434
78910f2eaf32dd37,https://uy.linkedin.com/jobs/view/senior-ai-engineer-at-athenaworks-4441714481,Senior AI Engineer,Athenaworks,posted,2026-07-19T20:22:15.027476,1436
f2ab7b6dc1dfcf34,https://uy.linkedin.com/jobs/view/project-manager-construction-projects-uruguay-at-turner-townsend-4372527866,"Project Manager, Construction Projects, Uruguay",,scraped,2026-07-19T20:22:21.683106,
129f24557a0cfa1a,https://uy.linkedin.com/jobs/view/contador-a-supervisor-contabilidad-e-impuestos-at-posadas-4438723961,CONTADOR/A SUPERVISOR | CONTABILIDAD E IMPUESTOS,,scraped,2026-07-19T20:22:35.022863,
d374cdfa314fad9d,https://uy.linkedin.com/jobs/view/legal-administrative-billing-assistant-at-veta-virtual-4440618817,Legal Administrative & Billing Assistant,,scraped,2026-07-19T20:22:45.208786,
6f7b8731aef855f2,https://uy.linkedin.com/jobs/view/gas-power-risk-and-market-analyst-at-trafigura-4420742201,Gas & Power Risk and Market Analyst,,scraped,2026-07-19T20:22:53.658953,
32896c04d8ecea0c,https://uy.linkedin.com/jobs/view/accounts-payable-analyst-contractor-at-satellogic-4441672026,Accounts Payable Analyst - Contractor,,scraped,2026-07-19T20:23:04.813563,
16ae592e04cd24a6,https://uy.linkedin.com/jobs/view/accounts-payable-specialist-ii-at-sabre-4433281843,Accounts Payable Specialist II,Sabre,posted,2026-07-19T20:23:25.675582,1438
45390c220579c0ef,https://uy.linkedin.com/jobs/view/fachspezialist-in-zoll-und-grenzsicherheit-at-federal-office-for-customs-and-border-security-focbs-4439882697,Fachspezialist/-in Zoll und Grenzsicherheit,,scraped,2026-07-19T20:23:28.185785,
7ad1bab8bfffe5ed,https://uy.linkedin.com/jobs/view/key-account-manager-intelligent-buildings-montevideo-at-signify-4415509221,"Key Account Manager - Intelligent Buildings, Montevideo",,scraped,2026-07-19T20:23:46.319615,
bb51003bf0863046,https://uy.linkedin.com/jobs/view/chief-data-scientist-at-epam-systems-4438475910,Chief Data Scientist,EPAM Systems,posted,2026-07-19T20:23:58.559837,1440
07404bf4436b7596,https://uy.linkedin.com/jobs/view/renewals-sales-manager-americas-at-canonical-4433356947,"Renewals Sales Manager, Americas",,scraped,2026-07-19T20:24:03.246748,
5d9ae673285a6783,https://uy.linkedin.com/jobs/view/ingeniero-a-el%C3%A9ctrico-a-para-treinta-y-tres-at-manpowergroup-uruguay-4439276248,Ingeniero/a eléctrico/a para Treinta y Tres,,scraped,2026-07-19T20:24:11.072471,
15ee17eae108d89d,https://uy.linkedin.com/jobs/view/analista-sap-at-human-phi-4438013083,Analista SAP,,scraped,2026-07-19T20:24:21.856288,
e6439f8964c18d42,https://uy.linkedin.com/jobs/view/embedded-devices-software-solution-sales-manager-americas-at-canonical-4433374525,Embedded Devices Software Solution Sales Manager (Americas),,scraped,2026-07-19T20:24:33.462897,
991898dc0721fd2d,https://uy.linkedin.com/jobs/view/senior-backend-engineer-tech-lead-3-4-month-long-remote-latin-america-at-fullstack-4441210515,Senior Backend Engineer Tech Lead (3-4 month long) - Remote - Latin America,FullStack,posted,2026-07-19T20:24:51.270059,1280
bb26de25c6b8d3c4,https://uy.linkedin.com/jobs/view/senior-software-engineer-react-%2B-next-js-remote-latin-america-at-fullstack-4442183435,Senior Software Engineer (React + Next.js) - Remote - Latin America,FullStack,posted,2026-07-19T20:24:56.168199,1410
f36e4fa4daf44c5c,https://uy.linkedin.com/jobs/view/senior-backend-engineer-tech-lead-3-4-month-long-remote-latin-america-at-fullstack-4441214298,Senior Backend Engineer Tech Lead (3-4 month long) - Remote - Latin America,FullStack,posted,2026-07-19T20:25:01.000187,1280
b62991f66bd426c4,https://uy.linkedin.com/jobs/view/senior-software-engineer-react-%2B-next-js-remote-latin-america-at-fullstack-4442176773,Senior Software Engineer (React + Next.js) - Remote - Latin America,FullStack,posted,2026-07-19T20:25:05.879457,1410
5a01a0f158e84b44,https://uy.linkedin.com/jobs/view/senior-software-engineer-react-%2B-next-js-remote-latin-america-at-fullstack-4442186357,Senior Software Engineer (React + Next.js) - Remote - Latin America,FullStack,posted,2026-07-19T20:25:10.754938,1410
1724183b2d8d26b6,https://uy.linkedin.com/jobs/view/senior-security-data-scientist-python-remote-work-at-bairesdev-4439894969,Senior Security Data Scientist (Python) - Remote Work,BairesDev,posted,2026-07-19T20:25:18.710045,1442
0f908ae11f1ece47,https://uy.linkedin.com/jobs/view/software-development-engineer-in-test-sdet-%E2%80%93-web3-remote-work-at-bairesdev-4439469581,Software Development Engineer in Test (SDET) – Web3 - Remote Work,BairesDev,posted,2026-07-19T20:25:23.502201,565
02cee5f62e4a2d6b,https://uy.linkedin.com/jobs/view/senior-software-engineer-react-%2B-next-js-remote-latin-america-at-fullstack-4442172802,Senior Software Engineer (React + Next.js) - Remote - Latin America,FullStack,posted,2026-07-19T20:25:28.299124,1410
49fb68914b160dad,https://uy.linkedin.com/jobs/view/senior-ios-native-developer-cocoapods-%2B-typescript-remote-latin-america-at-fullstack-4406647019,Senior iOS Native Developer (CocoaPods + TypeScript) - Remote - Latin America,FullStack,posted,2026-07-19T20:25:36.113443,1444
8cf34aacf0abc432,https://uy.linkedin.com/jobs/view/senior-software-engineer-react-%2B-next-js-remote-latin-america-at-fullstack-4442176766,Senior Software Engineer (React + Next.js) - Remote - Latin America,FullStack,posted,2026-07-19T20:25:40.819935,1410
8be18d35218f474f,https://uy.linkedin.com/jobs/view/adscripto-local-at-international-college-punta-del-este-4429369505,Adscripto (Local),,scraped,2026-07-20T21:48:24.688397,
98c9d416f9245c0f,https://uy.linkedin.com/jobs/view/contador-p%C3%BAblico-at-matriz-technology-4441906849,CONTADOR PÚBLICO,Matriz Technology,posted,2026-07-20T21:49:11.805002,1446
ee04dc1a8a57dfe0,https://uy.linkedin.com/jobs/view/operations-administration-analyst-at-devlane-4440250029,Operations & Administration Analyst,,scraped,2026-07-20T21:49:16.457382,
2dd5cd79333f5290,https://uy.linkedin.com/jobs/view/cajero-contable-auxiliar-administrativo-contable-at-gianni-store-4442491844,Cajero Contable / Auxiliar Administrativo Contable,,scraped,2026-07-20T21:49:22.832866,
b366347dcb4df210,https://uy.linkedin.com/jobs/view/insights-sr-analyst-at-pedidosya-4433618654,Insights Sr Analyst,,scraped,2026-07-20T21:49:40.702603,
9b4dc9c305f01205,https://uy.linkedin.com/jobs/view/enterprise-customer-success-manager-remote-latam-at-teramind-4438792884,Enterprise Customer Success Manager (Remote LATAM),Teramind,posted,2026-07-20T21:50:00.780028,1448
4af5014dbfac7009,https://uy.linkedin.com/jobs/view/business-analyst-at-internova-travel-group-4440167425,Business Analyst,Internova Travel Group,posted,2026-07-20T21:50:08.150559,1426
c80d52eff427b7aa,https://uy.linkedin.com/jobs/view/t%C3%A9cnico-nivel-1-montevideo-uruguay-at-informes-internet-4440195038,"Técnico nivel 1. Montevideo, Uruguay",,scraped,2026-07-20T21:50:10.841326,
d2ff0e2ddfe2a354,https://uy.linkedin.com/jobs/view/ex-mbb-strategy-consultant-ai-training-remote-at-mindrift-4441962777,Ex-MBB Strategy Consultant - AI Training (Remote),Mindrift,posted,2026-07-20T21:50:24.730866,1450
f391f827ffae4d08,https://uy.linkedin.com/jobs/view/international-sales-lead-at-artica-biotech-s-a-4440184404,International Sales Lead,ARTICA BIOTECH S.A.,posted,2026-07-20T21:50:33.648199,1452
41357fb043d88297,https://uy.linkedin.com/jobs/view/jefe-comercial-textil-maldonado-at-el-dorado-4440282990,Jefe Comercial Textil - Maldonado,,scraped,2026-07-20T21:50:38.212689,
5b4209a18cda7fd1,https://uy.linkedin.com/jobs/view/vendedor-at-vitro-pinturas-uruguay-4440148786,Vendedor,Vitro Pinturas Uruguay,posted,2026-07-20T21:50:51.916387,1454
5cb2242506402836,https://uy.linkedin.com/jobs/view/especialista-de-producto-uruguay-at-halter-4442034240,Especialista de Producto - Uruguay,,scraped,2026-07-20T21:50:56.627013,
75d41f3deb586ba2,https://uy.linkedin.com/jobs/view/auxiliar-de-ventas-maldonado-at-el-dorado-4439496065,Auxiliar de Ventas - Maldonado,,scraped,2026-07-20T21:51:03.055157,
94ff4db35e1de381,https://uy.linkedin.com/jobs/view/contador-a-para-empresa-de-servicios-at-manpowergroup-uruguay-4440135687,Contador/a para empresa de servicios,,scraped,2026-07-20T21:51:09.623300,
53fe495a570ec112,https://uy.linkedin.com/jobs/view/technical-support-engineer-upto-%2450k-yr-at-mercor-4415318126,Technical Support Engineer | Upto $50K/yr,Mercor,posted,2026-07-20T21:51:22.123210,1456
b50416dbd1d4b844,https://uy.linkedin.com/jobs/view/freelance-agent-evaluation-engineer-at-mindrift-4442594586,Freelance Agent Evaluation Engineer,Mindrift,posted,2026-07-20T21:51:27.345187,329
4749f734e04981b6,https://uy.linkedin.com/jobs/view/auxiliar-administrativo-contable-at-lopez-cayaffa-4439666962,Auxiliar administrativo contable,,scraped,2026-07-20T21:51:30.011060,
377d2fb85aae381d,https://uy.linkedin.com/jobs/view/analista-de-producto-estudiantes-de-arquitectura-o-ing-civil-at-manpowergroup-uruguay-4440139607,Analista de Producto (Estudiantes de Arquitectura o Ing. Civil),,scraped,2026-07-20T21:51:39.055300,
3698a5c3c90c1eba,https://uy.linkedin.com/jobs/view/operador-a-de-laboratorio-villa-aeroparque-at-manpowergroup-4440155539,Operador/a de Laboratorio / Villa Aeroparque,ManpowerGroup,posted,2026-07-20T21:51:52.240712,1458
617b1243a838a28b,https://uy.linkedin.com/jobs/view/abogada-procuradora-4440155949,Abogada procuradora,Carpediem,posted,2026-07-20T21:52:09.216701,1460
4d2242cd62c50dc0,https://uy.linkedin.com/jobs/view/software-engineer-python-cloud-graduate-level-at-canonical-4433362844,Software Engineer - Python - Cloud - graduate level,,scraped,2026-07-20T21:52:13.816242,
bcb79021ed5b6a1d,https://uy.linkedin.com/jobs/view/estudiante-de-contador-para-el-%C3%A1rea-de-outsourcing-h%C3%ADbrido-at-ey-4423969239,Estudiante de Contador para el área de Outsourcing (híbrido),EY,posted,2026-07-20T21:52:33.837844,1462
f0a0a8e99b3c10bb,https://uy.linkedin.com/jobs/view/react-developer-at-tata-consultancy-services-4442139726,React Developer,Tata Consultancy Services,posted,2026-07-20T21:52:46.085216,1464
7b160c704c7613f4,https://uy.linkedin.com/jobs/view/enqu%C3%AAteur-pour-des-sondages-en-ligne-t%C3%A9l%C3%A9travail-h-f-studentjob-ch-at-jobster-4442064300,Enquêteur pour des sondages en ligne - télétravail H/F - Studentjob.ch,,scraped,2026-07-20T21:52:48.617955,
c19588f352626d73,https://uy.linkedin.com/jobs/view/quantitative-python-developer-at-worldquant-3955387333,Quantitative Python Developer,WorldQuant,posted,2026-07-20T21:53:03.185405,1466
5c7fc2f823418566,https://uy.linkedin.com/jobs/view/analista-de-contabilidad-y-finanzas-ref-9998-modalidad-presencial-at-pwc-uruguay-4442716439,Analista de Contabilidad y Finanzas Ref. 9998 - Modalidad presencial,PwC Uruguay,posted,2026-07-20T21:53:13.096341,1468
c302a6d165fffac4,https://uy.linkedin.com/jobs/view/supervisor-de-gesti%C3%B3n-medio-ambiental-y-social-at-csi-4441640997,Supervisor de Gestión Medio Ambiental y Social,,scraped,2026-07-20T21:53:17.687610,
e96479c9567c4ad1,https://uy.linkedin.com/jobs/view/management-accountant-at-trafigura-4421175780,Management Accountant,,scraped,2026-07-20T21:53:27.953914,
b5170d75e2a1b297,https://uy.linkedin.com/jobs/view/sales-development-representative-at-dvelop-software-solutions-4440184258,Sales Development Representative,,scraped,2026-07-20T21:53:37.334833,
211b3c0d93cb6fa9,https://uy.linkedin.com/jobs/view/manual-qa-i-%2B-d-trabajo-remoto-at-bairesdev-4442087627,Manual QA / I + D - Trabajo Remoto,BairesDev,posted,2026-07-20T21:53:49.837861,1470
0ed9790b20e7f41d,https://uy.linkedin.com/jobs/view/data-center-technician-ii-english-at-google-4432666220,Data Center Technician II (English),Google,posted,2026-07-20T21:53:58.290291,1472
15f33327a4302483,https://uy.linkedin.com/jobs/view/senior-python-engineer-ai-coding-agent-evaluation-freelance-at-mindrift-4441466024,Senior Python Engineer - AI Coding Agent Evaluation (Freelance),Mindrift,posted,2026-07-20T21:54:08.246202,1474
cfa7935f4cf6af83,https://uy.linkedin.com/jobs/view/finance-officer-at-exness-4431864382,Finance Officer,,scraped,2026-07-20T21:54:13.031174,
d7963f8da7dad26d,https://uy.linkedin.com/jobs/view/nebenjob-%E2%80%93-home-office-mit-umfragen-geld-verdienen%21-einfach-von-zuhause-oder-unterwegs-studentjob-ch-at-jobster-4442042757,Nebenjob – Home Office: Mit Umfragen Geld verdienen! Einfach von zuhause oder unterwegs - Studentjob.ch,,scraped,2026-07-20T21:54:30.171733,
236d8fdb714f83d9,https://uy.linkedin.com/jobs/view/sr-software-engineer-backend-at-pedidosya-4424596449,Sr Software Engineer Backend,,scraped,2026-07-20T21:54:39.750851,
654eefe1d7a5e906,https://uy.linkedin.com/jobs/view/quantitative-developer-at-worldquant-4395241347,Quantitative Developer,WorldQuant,posted,2026-07-20T21:54:54.156404,1476
63399e5330f4099a,https://uy.linkedin.com/jobs/view/shopify-developer-at-goat-digital-4442731600,Shopify Developer,GOAT Digital,posted,2026-07-20T21:55:03.083172,1478
5d37adc61a979599,https://uy.linkedin.com/jobs/view/minijob-von-zuhause-aus-verdiene-bares-geld-f%C3%BCr-umfragen-studentjob-ch-at-jobster-4442050222,Minijob von zuhause aus - verdiene bares Geld für Umfragen - Studentjob.ch,,scraped,2026-07-20T21:55:09.616341,
a35faa0f730418eb,https://uy.linkedin.com/jobs/view/net-developer-at-kinamic-4440179274,.Net Developer,,scraped,2026-07-20T21:55:16.856158,
248a7cbf235a93e2,https://uy.linkedin.com/jobs/view/online-umfragen-im-home-office-bearbeiten-f%C3%BCr-geld-studentjob-ch-at-jobster-4442034813,Online-Umfragen im Home-Office bearbeiten für Geld - Studentjob.ch,,scraped,2026-07-20T21:55:23.378366,
f38049e673ce2059,https://uy.linkedin.com/jobs/view/sinnvoller-job-als-dialoger-in-in-teamarbeit-%E2%80%93-einsatz-f%C3%BCr-menschenrechte-tiere-und-umwelt-studentjob-ch-at-jobster-4442050533,"Sinnvoller Job als Dialoger*in in Teamarbeit – Einsatz für Menschenrechte, Tiere und Umwelt - Studentjob.ch",,scraped,2026-07-20T21:55:30.426153,
285ecc3e3bdcc217,https://uy.linkedin.com/jobs/view/ml-engineer-remote-work-at-bairesdev-4442080960,ML Engineer - Remote Work,BairesDev,posted,2026-07-20T21:55:44.662607,1480
67280bf7ca87d82a,https://uy.linkedin.com/jobs/view/panelteilnehmer-in-%E2%80%93-askgfk-schweiz-studentjob-ch-at-jobster-4442066038,Panelteilnehmer:in – askGfK Schweiz - Studentjob.ch,,scraped,2026-07-20T21:55:47.209123,
7cb0c867ff2edb42,https://uy.linkedin.com/jobs/view/public-cloud-project-manager-at-canonical-4433360909,Public Cloud Project Manager,,scraped,2026-07-20T21:55:54.450706,
d18295b109a2d9ab,https://uy.linkedin.com/jobs/view/software-engineering-manager-sustaining-engineering-at-canonical-4433365781,Software Engineering Manager - Sustaining Engineering,,scraped,2026-07-20T21:56:02.471963,
a14f41ebec7f8c7e,https://uy.linkedin.com/jobs/view/ingeniero-de-testing-de-sw-ii-at-integer-holdings-corporation-4414638288,Ingeniero de Testing de SW II,Integer Holdings Corporation,posted,2026-07-20T21:56:18.684091,1482
1e64dfdfd5b08fa2,https://uy.linkedin.com/jobs/view/senior-para-impuestos-h%C3%ADbrido-at-ey-4385038799,Senior para Impuestos (híbrido),EY,posted,2026-07-20T21:56:28.994123,1484
b938912beb36d68e,https://uy.linkedin.com/jobs/view/senior-java-engineer-at-kinamic-4440182204,Senior Java Engineer,,scraped,2026-07-20T21:56:39.616594,
fde92206e7574ca6,https://uy.linkedin.com/jobs/view/agente-de-atenci%C3%B3n-al-cliente-part-time-at-divino-sa-4441385608,Agente de Atención al Cliente - Part time,,scraped,2026-07-21T21:44:30.019052,
40bad78803d4583b,https://uy.linkedin.com/jobs/view/cajero-full-time-at-southbay-4442249170,Cajero Full Time,,scraped,2026-07-21T21:44:37.465274,
5b98abcf9545c219,https://uy.linkedin.com/jobs/view/%C2%A1sumate-a-rudy-prado-y-sayago%21-buscamos-ayudantes-de-cocina-y-mozos-as-at-rudy-burgers-4442271332,¡Sumate a Rudy Prado y Sayago! Buscamos Ayudantes de Cocina y Mozos/as,,scraped,2026-07-21T21:44:44.096163,
66ce042b209ab6af,https://uy.linkedin.com/jobs/view/repositor-a-melo-at-el-dorado-4441131206,Repositor/a -Melo,,scraped,2026-07-21T21:44:54.122473,
476d435c039b1afa,https://uy.linkedin.com/jobs/view/custodial-lead-puerto-rico-at-sbm-management-services-lp-4442661685,"Custodial Lead, Puerto Rico","SBM Management Services, LP",posted,2026-07-21T21:45:17.792036,1486
a703f4de96c50118,https://uy.linkedin.com/jobs/view/staffing-fronters-consultant-remote-work-at-bairesdev-4442676633,Staffing Fronters Consultant - Remote Work,BairesDev,posted,2026-07-21T21:45:22.630149,445
b13e54d20e3390b5,https://uy.linkedin.com/jobs/view/talent-quality-auditor-remote-work-at-bairesdev-4442686856,Talent Quality Auditor - Remote Work,BairesDev,posted,2026-07-21T21:45:38.605113,1488
971db61cf5b6af97,https://uy.linkedin.com/jobs/view/t%C3%A9cnico-en-el-manejo-de-informaci%C3%B3n-de-salud-y-apoyo-al-paciente-at-cossma-4441302462,TÉCNICO EN EL MANEJO DE INFORMACIÓN DE SALUD Y APOYO AL PACIENTE,COSSMA,posted,2026-07-21T21:45:59.332621,1490
45c95507248d37d3,https://uy.linkedin.com/jobs/view/coordinador-propuestas-y-licitaciones-at-csi-4442764556,Coordinador - Propuestas y Licitaciones,,scraped,2026-07-21T21:46:01.975459,
38630ca951b30cc1,https://uy.linkedin.com/jobs/view/analista-en-tecnolog%C3%ADas-de-la-informaci%C3%B3n-at-instituto-ctc-colonia-4443562334,Analista en Tecnologías de la Información,,scraped,2026-07-21T21:46:15.930048,
7449b84b84f4e0a4,https://uy.linkedin.com/jobs/view/comercial-jr-uruguay-interior-del-pa%C3%ADs-at-cargill-4410300076,Comercial Jr. Uruguay (Interior del País),Cargill,posted,2026-07-21T21:46:36.444098,1492
94a3f4239feab0cd,https://uy.linkedin.com/jobs/view/analista-de-soc-at-talenter-4442218573,Analista de SOC,,scraped,2026-07-21T21:46:43.099095,
5a24c909d363cae7,https://uy.linkedin.com/jobs/view/senior-project-manager-at-blend-4443556763,Senior Project Manager,Blend,posted,2026-07-21T21:47:00.261094,1494
004173e2584911de,https://uy.linkedin.com/jobs/view/oportunidad-part-time-auxiliar-contable-contrato-a-t%C3%A9rmino-at-manpowergroup-uruguay-4440152690,Oportunidad Part Time | Auxiliar Contable (Contrato a término),,scraped,2026-07-21T21:47:02.916818,
8b357e9f3804c0c4,https://uy.linkedin.com/jobs/view/software-engineer-backend-at-pedidosya-4440757104,Software Engineer Backend,,scraped,2026-07-21T21:47:09.687549,
72ab6193b7828dc7,https://uy.linkedin.com/jobs/view/auxiliar-t%C3%A9cnico-at-lumiar-health-care-4440481861,Auxiliar Técnico,,scraped,2026-07-21T21:47:18.448801,
7822025e39302aec,https://uy.linkedin.com/jobs/view/customer-success-team-manager-at-canonical-4434729120,Customer Success - Team Manager,,scraped,2026-07-21T21:47:24.982257,
96e2db2c67a49132,https://uy.linkedin.com/jobs/view/analista-regulatorio-de-labelling-at-adium-4433634416,Analista Regulatorio de Labelling,,scraped,2026-07-21T21:47:34.190362,
b316113c5d921895,https://uy.linkedin.com/jobs/view/business-intelligence-analyst-sql-at-praxis-4440409115,-Business Intelligence Analyst (SQL)-,,scraped,2026-07-21T21:47:41.821481,
e383c9f303dd132b,https://uy.linkedin.com/jobs/view/contract-lawyer-at-hireart-4430267137,Contract Lawyer,HireArt,posted,2026-07-21T21:47:55.653844,1496
ea5fc68ae84bc5d2,https://uy.linkedin.com/jobs/view/experienced-spanish-interpreter-latam-at-kreato-global-bpo-and-language-solutions-4438739104,Experienced Spanish Interpreter  (LATAM),Kreato Global | BPO and Language Solutions,posted,2026-07-21T21:48:07.408865,1498
b31d022d6634aa4f,https://uy.linkedin.com/jobs/view/consultor-a-en-gesti%C3%B3n-del-cambio-at-domus-global-4440760687,Consultor/a en Gestión del Cambio,,scraped,2026-07-21T21:48:10.073015,
ab9c596c37ec3c9c,https://uy.linkedin.com/jobs/view/talent-acquisition-associate-remote-work-at-bairesdev-4442653118,Talent Acquisition Associate - Remote Work,BairesDev,posted,2026-07-21T21:48:24.174186,1182
9a46e6b27b6654b7,https://uy.linkedin.com/jobs/view/hairdressers-for-norway-at-eutalents-4441385615,Hairdressers for Norway,EUTALENTS,posted,2026-07-21T21:48:37.494808,1500
034412dbdbcc8934,https://uy.linkedin.com/jobs/view/analista-contable-semi-senior-at-rsm-uy-4440469375,Analista Contable Semi Senior,,scraped,2026-07-21T21:48:48.128742,
acb425c1764842c6,https://uy.linkedin.com/jobs/view/technical-customer-engineer-latam-at-reap-4443088436,Technical Customer Engineer (LATAM),,scraped,2026-07-21T21:48:56.382699,
58f584444f1db0be,https://uy.linkedin.com/jobs/view/coordinador-de-ventas-at-talenter-4441651927,Coordinador de ventas,,scraped,2026-07-21T21:49:04.920285,
34087446c7060828,https://uy.linkedin.com/jobs/view/inquirente-federale-criminalit%C3%A0-economica-at-federal-police-fedpol-4441117229,Inquirente federale Criminalità economica,,scraped,2026-07-21T21:49:11.694244,
a644270c8dff0fdb,https://uy.linkedin.com/jobs/view/chief-revenue-officer-at-canonical-4434722358,Chief Revenue Officer,,scraped,2026-07-21T21:49:19.108291,
e6d8cf462feb652e,https://uy.linkedin.com/jobs/view/comex-specialist-at-zonamerica-4441002560,Comex Specialist,,scraped,2026-07-21T21:49:26.422132,
6bf3542e400e5576,https://uy.linkedin.com/jobs/view/graduate-sales-development-representative-canada-remote-at-canonical-4442564132,Graduate Sales Development Representative - Canada (Remote),,scraped,2026-07-21T21:49:37.505276,
92b4c47c52a573b7,https://uy.linkedin.com/jobs/view/product-specialist-cattle-uruguay-at-halter-4442035212,"Product Specialist, Cattle - Uruguay",,scraped,2026-07-21T21:49:48.673986,
e003a6e71dd24d50,https://uy.linkedin.com/jobs/view/asesor-de-propiedades-at-boston-clarks-investments-4438088980,Asesor de propiedades,,scraped,2026-07-21T21:49:55.131438,
bb4b0f18f7a92d6b,https://uy.linkedin.com/jobs/view/psic%C3%B3logo-cl%C3%ADnico-at-work-place-options-4442900563,Psicólogo Clínico,Work Place Options,posted,2026-07-21T21:50:11.692252,1502
f9615720a7a61cc0,https://uy.linkedin.com/jobs/view/freelance-mobile-app-developer-ios-android-at-mindrift-4443310930,Freelance Mobile App Developer (iOS / Android),Mindrift,posted,2026-07-21T21:50:18.544093,145
ccd117ac95d9cfce,https://uy.linkedin.com/jobs/view/talent-pool-data-engineer-staffing-at-gogrow-4441749469,Talent Pool | Data Engineer | Staffing,GoGrow,posted,2026-07-21T21:50:26.921722,1504
0fb9179a53367bad,https://uy.linkedin.com/jobs/view/property-manager-at-cs-outsource-4441724914,Property Manager,CS Outsource,posted,2026-07-21T21:50:36.303094,1506
01d16f6d45a33bc0,https://uy.linkedin.com/jobs/view/pov-video-recording-job-cooking-cleaning-daily-tasks-at-mindrift-data-annotation-projects-4443315771,"POV Video Recording Job - Cooking, Cleaning, Daily Tasks",Mindrift Data Annotation Projects,posted,2026-07-21T21:50:43.474778,1508
a7b5996384e09222,https://uy.linkedin.com/jobs/view/especialista-en-contabilidad-y-sueldos-at-oxygeno-4440148624,Especialista en Contabilidad y Sueldos,,scraped,2026-07-21T21:50:46.084160,
d3566e534628143b,https://uy.linkedin.com/jobs/view/r%C3%A9pondez-%C3%A0-des-enqu%C3%AAtes-de-chez-vous-pendant-votre-temps-libre-%21-studentjob-ch-at-jobster-4442055074,Répondez à des enquêtes de chez vous pendant votre temps libre ! - Studentjob.ch,,scraped,2026-07-21T21:50:56.626377,
9d5f40e1639d5afb,https://uy.linkedin.com/jobs/view/forward-deployed-engineer-advertising-at-truelogic-software-4443378818,Forward Deployed Engineer - Advertising,Truelogic Software,posted,2026-07-21T21:51:13.539465,1510
2b77cf473e567c50,https://uy.linkedin.com/jobs/view/hiring-journey-analyst-remote-work-at-bairesdev-4442658899,Hiring Journey Analyst - Remote Work,BairesDev,posted,2026-07-21T21:51:20.535002,227
ac998a7cb245e503,https://uy.linkedin.com/jobs/view/senior-corporate-administrator-at-apex-group-ltd-4431058201,Senior Corporate Administrator,,scraped,2026-07-21T21:51:25.185298,
a1f760be4b94c902,https://uy.linkedin.com/jobs/view/partner-marketing-manager-at-canonical-4433371567,Partner Marketing Manager,,scraped,2026-07-21T21:51:31.846233,
9c3041cca287d4af,https://uy.linkedin.com/jobs/view/senior-python-data-scraping-engineer-freelance-at-mindrift-4441450190,Senior Python Data Scraping Engineer (Freelance),Mindrift,posted,2026-07-21T21:51:41.209067,167
5afeef4c43b6f842,https://uy.linkedin.com/jobs/view/desarrollador-full-stack-senior-maldonado-at-el-dorado-4440297516,Desarrollador Full Stack Senior - Maldonado,,scraped,2026-07-21T21:51:43.828174,
b23461de7bdfd20e,https://uy.linkedin.com/jobs/view/ferienjob-sommerjob-als-promoter-25-50-chf-h-w-m-d-studentjob-ch-at-jobster-4442039707,Ferienjob / Sommerjob als Promoter (25-50 CHF/h) (w/m/d) - Studentjob.ch,,scraped,2026-07-21T21:51:54.562448,
fb7e68675141ab8b,https://uy.linkedin.com/jobs/view/representante-comercial-b2b-%E2%80%93-soluciones-digitales-4440490955,Representante Comercial B2B – Soluciones Digitales,Agencia de Marketing y Productos Digitales,posted,2026-07-21T21:52:06.748518,1512
e6bb4a96194bff72,https://uy.linkedin.com/jobs/view/verdiene-schnell-und-einfach-geld-mit-umfragen%21-von-%C3%BCberall%21-studentjob-ch-at-jobster-4442067084,Verdiene schnell und einfach Geld mit Umfragen! Von überall! - Studentjob.ch,,scraped,2026-07-21T21:52:11.364295,
6ec3fb360d06d62f,https://uy.linkedin.com/jobs/view/supervisor-a-de-taller-calidad-at-fidocar-4440467312,Supervisor/a de taller (calidad),,scraped,2026-07-21T21:52:22.231497,
a592821e74e32ff9,https://uy.linkedin.com/jobs/view/verdiene-geld-von-zuhause-aus-nebenjob-im-home-office-mit-umfragen-studentjob-ch-at-jobster-4442069197,Verdiene Geld von Zuhause aus: Nebenjob im Home Office mit Umfragen - Studentjob.ch,,scraped,2026-07-21T21:52:31.456713,
ae3cff4cd5a567de,https://uy.linkedin.com/jobs/view/telco-cloud-field-engineer-at-canonical-4434708900,Telco Cloud Field Engineer,,scraped,2026-07-21T21:52:38.465678,
f9fb4b1d2e081112,https://uy.linkedin.com/jobs/view/project-manager-ubuntu-embedded-systems-at-canonical-4434722351,Project Manager - Ubuntu Embedded Systems,,scraped,2026-07-21T21:52:45.612491,
c5406dad78254c03,https://uy.linkedin.com/jobs/view/senior-sdet-at-perform-4344081830,Senior SDET,Perform,posted,2026-07-21T21:52:59.608379,1514
963b3e1f7db850c6,https://uy.linkedin.com/jobs/view/profesor-de-autoescuela-at-jema-academia-de-conducir-4440405329,Profesor de autoescuela,JEMA | Academia de conducir,posted,2026-07-21T21:53:12.686453,1516
5a9f748f5f5c5849,https://uy.linkedin.com/jobs/view/arquitecto-comercial-at-mood-4440177834,Arquitecto comercial,,scraped,2026-07-21T21:53:17.358183,
2da56a6e10b89967,https://uy.linkedin.com/jobs/view/agente-inmobiliario-independiente-con-experiencia-comercial-at-keller-williams-uruguay-4440402065,Agente inmobiliario independiente con experiencia comercial,,scraped,2026-07-21T21:53:23.686403,
da04fcf295be7d82,https://uy.linkedin.com/jobs/view/technical-growth-marketing-manager-remote-work-at-bairesdev-4442625727,Technical Growth Marketing Manager - Remote Work,BairesDev,posted,2026-07-21T21:53:36.472458,1518
d5966438554c59ce,https://uy.linkedin.com/jobs/view/senior-site-reliability-engineer-sre-remote-work-at-bairesdev-4442680078,Senior Site Reliability Engineer (SRE) - Remote Work,BairesDev,posted,2026-07-21T21:53:45.361114,943
588652f0d36f59fb,https://uy.linkedin.com/jobs/view/engineering-manager-ceph-distributed-storage-at-canonical-4434711812,Engineering Manager- Ceph & Distributed Storage,,scraped,2026-07-21T21:53:50.069533,
5a08a3e39cde5d9c,https://uy.linkedin.com/jobs/view/system-software-engineer-gcc-llvm-compiler-tooling-and-ecosystem-at-canonical-4433362925,"System Software Engineer - GCC/LLVM compiler, tooling, and ecosystem",,scraped,2026-07-21T21:53:57.242892,
f20484603f032cba,https://uy.linkedin.com/jobs/view/docente-para-la-materia-dise%C3%B1o-4-de-t%C3%A9cnico-en-dise%C3%B1o-de-interiores-at-universidad-ort-uruguay-4438731790,Docente para la materia Diseño 4 de Técnico en Diseño de Interiores,Universidad ORT Uruguay,posted,2026-07-21T21:54:11.989934,1520
e03bd898ed9a8aa4,https://uy.linkedin.com/jobs/view/senior-data-engineer-ai-data-platform-at-applaudo-4443050590,Senior Data Engineer (AI Data Platform),,scraped,2026-07-21T21:54:14.603047,
1bcc8ab3f61b373c,https://uy.linkedin.com/jobs/view/desarrollador-javaee-senior-at-globaluy-4441004152,Desarrollador JavaEE Senior,,scraped,2026-07-21T21:54:20.943291,
ef2e58139123a291,https://uy.linkedin.com/jobs/view/senior-net-engineer-remote-latin-america-at-fullstack-4442176770,Senior .NET Engineer - Remote - Latin America,FullStack,posted,2026-07-21T21:54:29.364355,1406
60912af74abc8429,https://uy.linkedin.com/jobs/view/software-architect-containers-virtualisation-at-canonical-4434724292,Software Architect - Containers / Virtualisation,,scraped,2026-07-21T21:54:33.982058,
99b2c2db7e450206,https://uy.linkedin.com/jobs/view/golang-system-software-engineer-containers-virtualisation-at-canonical-4434713677,Golang System Software Engineer - Containers / Virtualisation,,scraped,2026-07-21T21:54:51.115715,
76ca7718b9881d67,https://uy.linkedin.com/jobs/view/contador-a-publico-a-4440172593,Contador/a Publico/a,Frigorifico Minas,posted,2026-07-21T21:55:02.859814,1522
5382c0ee089ee504,https://uy.linkedin.com/jobs/view/senior-net-engineer-remote-latin-america-at-fullstack-4442179677,Senior .NET Engineer - Remote - Latin America,FullStack,posted,2026-07-21T21:55:07.864090,1406
8a322846f6786810,https://uy.linkedin.com/jobs/view/senior-backend-engineer-tech-lead-3-4-month-long-remote-latin-america-at-fullstack-4441205881,Senior Backend Engineer Tech Lead (3-4 month long) - Remote - Latin America,FullStack,posted,2026-07-21T21:55:12.718830,1280
c99082152ee4a5b5,https://uy.linkedin.com/jobs/view/atenci%C3%B3n-al-cliente-presencial-y-remota-montevideo-at-aym-santa-lucia-4443198040,Atención al cliente presencial y remota Montevideo,AyM Santa Lucia,posted,2026-07-22T20:51:19.933448,1524
dc9eb1dd3a69ad7d,https://uy.linkedin.com/jobs/view/auxiliar-administrativo-contable-at-cot-s-a-4442929884,Auxiliar Administrativo Contable,,scraped,2026-07-22T20:51:22.595059,
8df64b0d2ee1033c,https://uy.linkedin.com/jobs/view/analista-de-selecci%C3%B3n-at-divino-sa-4442210738,Analista de Selección,,scraped,2026-07-22T20:51:31.701536,
3512aacceb05b4e7,https://uy.linkedin.com/jobs/view/auxiliar-de-servicio-proyecto-guagua-at-aldeas-infantiles-sos-uruguay-4441003914,Auxiliar de Servicio - Proyecto GUAGUA,,scraped,2026-07-22T20:51:45.398210,
4eccc17e4445496f,https://uy.linkedin.com/jobs/view/administrativo-de-obra-at-nge-btp-4442681430,Administrativo de obra,,scraped,2026-07-22T20:51:52.313566,
44305dcb0994c2ec,https://uy.linkedin.com/jobs/view/administrativo-at-grupo-transamerican-4441905858,Administrativo,,scraped,2026-07-22T20:52:00.510120,
86c0bccd5dd27a79,https://uy.linkedin.com/jobs/view/video-editor-at-ridge-4442729652,Video Editor,Ridge,posted,2026-07-22T20:52:14.129412,1526
1ffd6bfe4ee05815,https://uy.linkedin.com/jobs/view/educador-a-montevideo-at-aym-santa-lucia-4441746347,Educador/a Montevideo,AyM Santa Lucia,posted,2026-07-22T20:52:25.160381,1528
1349e70100293561,https://uy.linkedin.com/jobs/view/administrativo-recepci%C3%B3n-part-time-zona-carrasco-at-jaume-y-sere-comercio-exterior-log%C3%ADstica-4441908837,Administrativo / Recepción - part time zona Carrasco,,scraped,2026-07-22T20:52:27.725557,
4297d5e5b9252183,https://uy.linkedin.com/jobs/view/auxiliar-administrativo-at-experis-uruguay-4441059984,Auxiliar administrativo,,scraped,2026-07-22T20:52:36.403793,
89a4274db9dbc16d,https://uy.linkedin.com/jobs/view/vendedor-territorial-at-talenter-4441346559,Vendedor Territorial,,scraped,2026-07-22T20:52:43.297717,
554ae2b27510037f,https://uy.linkedin.com/jobs/view/user-acquisition-jr-manager-at-idt-corporation-4443968002,User Acquisition Jr. Manager,IDT Corporation,posted,2026-07-22T20:53:11.002348,1530
25acffbac2ff5575,https://uy.linkedin.com/jobs/view/pe%C3%B3n-para-balanza-eventual-at-ecotecno-4442945220,PEÓN PARA BALANZA EVENTUAL,,scraped,2026-07-22T20:53:17.839067,
afbf06c5a6d58f35,https://uy.linkedin.com/jobs/view/pe%C3%B3n-para-industria-alimenticia-montevideo-at-work-office-4443453469,Peón para Industria Alimenticia - Montevideo,,scraped,2026-07-23T20:47:25.475242,
2e24adcc2cabd4a8,https://uy.linkedin.com/jobs/view/auxiliares-de-tienda-y-cajeros-arenas-de-carrasco-at-unilam-4443451433,Auxiliares de tienda y Cajeros / Arenas de Carrasco,,scraped,2026-07-23T20:47:34.397401,
a1ad37168c8ca65a,https://uy.linkedin.com/jobs/view/encargado-a-para-sal%C3%B3n-at-divino-sa-4444239667,Encargado/a para salón,,scraped,2026-07-23T20:47:41.905316,
f2d6a1947b098465,https://uy.linkedin.com/jobs/view/dise%C3%B1ador-a-sr-de-indumentaria-masculina-at-unilam-4443461405,Diseñador/a Sr. de Indumentaria Masculina,,scraped,2026-07-23T20:48:21.774815,
6b9cb28ed803e6cd,https://uy.linkedin.com/jobs/view/food-service-worker-day-shift-at-minnesota-direct-care-and-treatment-4439231197,Food Service Worker / Day Shift,Minnesota Direct Care and Treatment,failed|wp_post_failed,2026-07-23T20:48:35.814647,
cd86cd32cca0867f,https://uy.linkedin.com/jobs/view/merchandiser-con-libreta-cat-a-at-trade%2B-merchandising-4443185450,Merchandiser con libreta Cat A,,scraped,2026-07-23T20:48:38.464830,
d7a8517334766f93,https://uy.linkedin.com/jobs/view/project-financial-analyst-at-csi-4442778812,Project Financial Analyst,,scraped,2026-07-23T20:48:49.054268,
eac53f18b916356a,https://uy.linkedin.com/jobs/view/marketing-data-analyst-at-internova-travel-group-4440494736,Marketing Data Analyst,Internova Travel Group,failed|wp_post_failed,2026-07-23T20:49:09.709935,
44db5a8f0413e022,https://uy.linkedin.com/jobs/view/project-manager-de-nuevos-proyectos-otc-at-adium-4442239945,Project Manager de Nuevos Proyectos OTC,,scraped,2026-07-23T20:49:12.403014,
f4b3a41fe98c07bb,https://uy.linkedin.com/jobs/view/certified-nursing-assistant-cna-human-services-technician-hst-part-time-night-shift-at-minnesota-direct-care-and-treatment-4439626130,"Certified Nursing Assistant (CNA) / Human Services Technician (HST) / Part-Time, Night Shift",Minnesota Direct Care and Treatment,failed|wp_post_failed,2026-07-23T20:49:26.558745,
99a7171554e6e449,https://uy.linkedin.com/jobs/view/lavador-de-veh%C3%ADculos-con-experiencia-at-aglh-4442414503,Lavador de Vehículos con experiencia,AGLH,failed|wp_post_failed,2026-07-23T20:49:35.612665,
98d3503397a3b561,https://uy.linkedin.com/jobs/view/marketing-associate-at-canonical-4434613795,Marketing Associate,,scraped,2026-07-23T20:49:40.343727,
a1998676b3d61259,https://uy.linkedin.com/jobs/view/certified-nursing-assistant-cna-human-services-technician-hst-part-time-evening-shift-at-minnesota-direct-care-and-treatment-4439628027,"Certified Nursing Assistant (CNA) - Human Services Technician (HST) / Part-Time, Evening Shift",Minnesota Direct Care and Treatment,failed|wp_post_failed,2026-07-23T20:49:56.679916,
cd6a874f523a37a3,https://uy.linkedin.com/jobs/view/digital-merchandiser-freelance-spanish-or-portuguese-at-estorelabs-4444493447,Digital Merchandiser | Freelance | Spanish or Portuguese,,scraped,2026-07-23T20:49:59.382876,
f09f76ac2d740279,https://uy.linkedin.com/jobs/view/presupuestador-coordinador-de-propuestas-at-csi-4442764556,Presupuestador (Coordinador de Propuestas),,scraped,2026-07-23T20:50:09.005618,
67191038f8c0ee61,https://uy.linkedin.com/jobs/view/analista-contable-at-remiplat-uruguay-4440482856,Analista Contable,,scraped,2026-07-23T20:50:19.237844,
1ec4eaffa5d3454f,https://uy.linkedin.com/jobs/view/chofer-playa-pascual-at-el-dorado-4442908750,Chofer - Playa Pascual,,scraped,2026-07-23T20:50:30.062839,
031daf105d0a3f48,https://uy.linkedin.com/jobs/view/homeoffice-mit-online-umfragen-geld-verdienen-von-%C3%BCberall%21-studentjob-ch-at-jobster-4443848655,Homeoffice: Mit online-Umfragen Geld verdienen von überall! - Studentjob.ch,,scraped,2026-07-23T20:50:39.954601,
e88f51d88157d405,https://uy.linkedin.com/jobs/view/senior-ai-engineer-at-blend-4443568177,Senior AI Engineer,Blend,failed|wp_post_failed,2026-07-23T20:50:57.311405,
d5a792f03d847981,https://uy.linkedin.com/jobs/view/analista-de-marketing-y-ecommerce-at-oxygeno-4439236001,Analista de Marketing y Ecommerce,,scraped,2026-07-23T20:51:01.978161,
0ac0472cbe023477,https://uy.linkedin.com/jobs/view/t%C3%A9l%C3%A9travail-r%C3%A9pondez-%C3%A0-des-sondages-studentjob-ch-at-jobster-4443846347,Télétravail: Répondez à des sondages - Studentjob.ch,,scraped,2026-07-23T20:51:08.385851,
d339283706539a1e,https://uy.linkedin.com/jobs/view/especialista-de-requerimientos-at-zonamerica-4441082458,Especialista de Requerimientos,,scraped,2026-07-23T20:51:16.384656,
a80a8d6abb32b0fa,https://uy.linkedin.com/jobs/view/asesora-de-ventas-at-get-orange-4441557767,Asesora de ventas,Get Orange,failed|wp_post_failed,2026-07-23T20:51:31.422917,
76a03b9ab04f32cd,https://uy.linkedin.com/jobs/view/legal-intake-specialist-at-veta-virtual-4441396577,Legal Intake Specialist,,scraped,2026-07-23T20:51:34.058460,
36fa76577f6a09ae,https://uy.linkedin.com/jobs/view/enqu%C3%AAteur-pour-des-sondages-en-ligne-t%C3%A9l%C3%A9travail-h-f-studentjob-ch-at-jobster-4443864371,Enquêteur pour des sondages en ligne - télétravail H/F - Studentjob.ch,,scraped,2026-07-23T20:51:40.515435,
927678568181773d,https://uy.linkedin.com/jobs/view/leisure-travel-advisor-at-global-travel-collection-4416405483,Leisure Travel Advisor,Global Travel Collection,failed|wp_post_failed,2026-07-23T20:51:54.308263,
84b457beabe381f4,https://uy.linkedin.com/jobs/view/vendedor-ft-sayago-at-sodimac-4425685251,Vendedor FT Sayago,,scraped,2026-07-23T20:51:59.012474,
b847dccd075e38b6,https://uy.linkedin.com/jobs/view/von-zuhause-geld-verdienen%3F-es-war-nie-einfacher%21-homeoffice-studentjob-ch-at-jobster-4443835994,Von Zuhause Geld verdienen? Es war nie einfacher! Homeoffice - Studentjob.ch,,scraped,2026-07-23T20:52:07.527718,
480d9616d2116fcd,https://uy.linkedin.com/jobs/view/senior-software-engineer-full-stack-at-glic-4441537982,Senior Software Engineer (Full Stack),Glic,failed|wp_post_failed,2026-07-23T20:52:26.081892,
24fbc75f0c3c5df6,https://uy.linkedin.com/jobs/view/general-accounting-senior-analyst-at-msd-latam-4432506611,General Accounting Senior Analyst,,scraped,2026-07-23T20:52:28.872716,
fade62ec279abb0b,https://uy.linkedin.com/jobs/view/node-js-engineer-%F0%9F%92%BB-us-saas-startup-%F0%9F%9A%80%F0%9F%87%BA%F0%9F%87%B8-remote-at-atomic-remote-jobs-4442940033,Node.JS Engineer 💻 - US SaaS startup 🚀🇺🇸 | Remote,,scraped,2026-07-23T20:52:35.691493,
8909900525d7a65a,https://uy.linkedin.com/jobs/view/heimarbeit-homeoffice-mit-online-umfragen-geld-verdienen-von-%C3%BCberall%21-studentjob-ch-at-jobster-4443862510,Heimarbeit / Homeoffice: Mit online-Umfragen Geld verdienen von überall! - Studentjob.ch,,scraped,2026-07-23T20:52:44.045482,
ef844056fbcc624d,https://uy.linkedin.com/jobs/view/asesor-de-ventas-at-arte-propiedades-4440158791,Asesor de ventas,,scraped,2026-07-23T20:52:52.036343,
d9534df9257aba43,https://uy.linkedin.com/jobs/view/asistente-contable-at-mxa-%E2%80%93-expertise-trust-4441056321,Asistente contable,,scraped,2026-07-23T20:53:00.511783,
d198a89c422a45cb,https://uy.linkedin.com/jobs/view/product-specialist-cattle-argentina-at-halter-4443168329,"Product Specialist, Cattle - Argentina",,scraped,2026-07-23T20:53:07.072760,
416ac84da1cbe017,https://uy.linkedin.com/jobs/view/ingeniero-a-especialista-el%C3%A9ctrico-at-csi-4443940781,Ingeniero/a Especialista Eléctrico,,scraped,2026-07-23T20:53:13.523162,
aaab8e02649360aa,https://uy.linkedin.com/jobs/view/game-developer-at-globant-4444024260,Game Developer,Globant,failed|wp_post_failed,2026-07-23T20:53:30.892521,
c3956bf3534f5978,https://uy.linkedin.com/jobs/view/responsable-de-campo-at-fidocar-4440144302,Responsable de Campo,,scraped,2026-07-23T20:53:33.562434,
e2088602fd2c732f,https://uy.linkedin.com/jobs/view/senior-de-auditor%C3%ADa-at-randstad-uruguay-4441541977,Senior de Auditoría,,scraped,2026-07-23T20:53:41.514001,
198df18555f12a4f,https://uy.linkedin.com/jobs/view/compensation-benefits-sr-analyst-at-topaz-4441500822,Compensation & Benefits Sr Analyst,Topaz,failed|wp_post_failed,2026-07-23T20:53:58.810159,
a32d62d5ee34586c,https://uy.linkedin.com/jobs/view/sports-data-collector-football-durazno-uruguay-at-genius-sports-4430643464,"Sports Data Collector (Football) - Durazno, Uruguay",,scraped,2026-07-23T20:54:01.225509,
6eea6cab27306944,https://uy.linkedin.com/jobs/view/crm-manager-remote-work-at-bairesdev-4443145463,CRM Manager - Remote Work,BairesDev,failed|wp_post_failed,2026-07-23T20:54:15.297582,
2970f860d999a720,https://uy.linkedin.com/jobs/view/senior-python-data-scraping-engineer-freelance-at-mindrift-4444296668,Senior Python Data Scraping Engineer (Freelance),Mindrift,failed|wp_post_failed,2026-07-23T20:54:25.241150,
df7ecc145fba1d83,https://uy.linkedin.com/jobs/view/jefe-de-obra-at-mta-ingenier%C3%ADa-4440462706,Jefe de obra,,scraped,2026-07-23T20:54:27.878927,
56d74dca2875b299,https://uy.linkedin.com/jobs/view/machine-learning-engineer-remote-work-at-bairesdev-4443162130,Machine Learning Engineer - Remote Work,BairesDev,failed|wp_post_failed,2026-07-23T20:54:42.172750,
ba6857f4c3897009,https://uy.linkedin.com/jobs/view/scrum-master-remote-work-at-bairesdev-4442662963,Scrum Master - Remote Work,BairesDev,failed|wp_post_failed,2026-07-23T20:54:51.180963,
d2f6e5ecc537f6c5,https://uy.linkedin.com/jobs/view/jefe-de-obra-at-stiler-project-management-4442771431,Jefe de obra,,scraped,2026-07-23T20:54:53.817041,
9ee243cece077071,https://uy.linkedin.com/jobs/view/%C2%A1buscamos-experto-a-en-marketing-digital-%2B-ia%21-%F0%9F%8E%AF-at-compralo-ahora-uy-4441037549,¡Buscamos Experto(a) en Marketing Digital + IA! 🎯,,scraped,2026-07-23T20:55:03.712134,
0e43805b705f8a91,https://uy.linkedin.com/jobs/view/grave-falha-no-apache-camel-cve-2025-29891-exposta-at-13sec-news-4443439708,Grave falha no Apache Camel (CVE-2025-29891) exposta,,scraped,2026-07-23T20:55:19.735584,
ba525715a1604f54,https://uy.linkedin.com/jobs/view/minijob-von-zuhause-aus-verdiene-bares-geld-f%C3%BCr-umfragen-studentjob-ch-at-jobster-4443841466,Minijob von zuhause aus - verdiene bares Geld für Umfragen - Studentjob.ch,,scraped,2026-07-23T20:55:27.890693,
4e78e6c52b3a798f,https://uy.linkedin.com/jobs/view/online-umfragen-im-home-office-bearbeiten-f%C3%BCr-geld-studentjob-ch-at-jobster-4443853428,Online-Umfragen im Home-Office bearbeiten für Geld - Studentjob.ch,,scraped,2026-07-23T20:55:41.561517,
b5493e95ef79b176,https://uy.linkedin.com/jobs/view/sinnvoller-job-als-dialoger-in-in-teamarbeit-%E2%80%93-einsatz-f%C3%BCr-menschenrechte-tiere-und-umwelt-studentjob-ch-at-jobster-4443854510,"Sinnvoller Job als Dialoger*in in Teamarbeit – Einsatz für Menschenrechte, Tiere und Umwelt - Studentjob.ch",,scraped,2026-07-23T20:55:49.985291,
396bc9b6b4b5adfa,https://uy.linkedin.com/jobs/view/pasante-oficial-de-atenci%C3%B3n-sucursal-melo-at-scotiabank-uruguay-4442655272,Pasante Oficial de Atención Sucursal Melo,,scraped,2026-07-23T20:55:57.124694,
9be294ac597bf52d,https://uy.linkedin.com/jobs/view/data-engineer-lead-at-blend-4444717104,Data Engineer Lead,Blend,failed|wp_post_failed,2026-07-23T20:56:10.724483,
f9c295039c0c3535,https://uy.linkedin.com/jobs/view/concentrates-operator-at-trafigura-4406621867,Concentrates Operator,,scraped,2026-07-23T20:56:13.380848,
9225c22c1550e7a9,https://uy.linkedin.com/jobs/view/bartender-at-almenara-mall-4443452482,Bartender,,scraped,2026-07-24T21:38:57.532251,
f1827f22d0c3d7b5,https://uy.linkedin.com/jobs/view/falha-de-seguran%C3%A7a-no-chatgpt-se-torna-alvo-de-ataques-at-13sec-news-4443430773,Falha de segurança no ChatGPT se torna alvo de ataques,,scraped,2026-07-24T21:39:05.443601,
b9e1d08580993a29,https://uy.linkedin.com/jobs/view/product-manager-at-pedidosya-4435240518,Product Manager,,scraped,2026-07-24T21:39:11.527240,
a983c9e2a266e55b,https://uy.linkedin.com/jobs/view/asistencia-y-atenci%C3%B3n-al-cliente-en-empresa-de-tecnolog%C3%ADa-at-grupo-sel-tecnolog%C3%ADa-4442928900,Asistencia y  atención al cliente en empresa de tecnología,Grupo Sel Tecnología,posted,2026-07-24T21:39:29.612744,1532
3f072db788d8621b,https://uy.linkedin.com/jobs/view/responsable-de-repuestos-at-mari%C3%B1o-sport-automotores-4442422214,Responsable de Repuestos,,scraped,2026-07-24T21:39:32.157654,
08b8b90bc2b0660a,https://uy.linkedin.com/jobs/view/freelance-grabaci%C3%B3n-de-tareas-cotidianas-para-proyecto-de-ia-at-mindrift-data-annotation-projects-4443360101,Freelance: grabación de tareas cotidianas para proyecto de IA,Mindrift Data Annotation Projects,posted,2026-07-24T21:39:43.512314,1534
3824a145ce93658e,https://uy.linkedin.com/jobs/view/analista-de-distribuci%C3%B3n-at-coca-cola-femsa-4443878625,Analista de distribución,Coca-Cola FEMSA,posted,2026-07-24T21:39:57.812183,1536
66f5c2eab1fbb994,https://uy.linkedin.com/jobs/view/vendedor-para-el-interior-del-pa%C3%ADs-con-veh%C3%ADculo-propio-at-granja-tres-arroyos-s-a-c-a-f-e-i-4443464397,Vendedor para el Interior del País (con vehículo propio),,scraped,2026-07-24T21:40:00.412982,
87df7fe9918cf687,https://uy.linkedin.com/jobs/view/controlador-a-de-caja-at-grupo-lolita-4443455507,CONTROLADOR/A DE CAJA,,scraped,2026-07-24T21:40:07.339200,
73bb9006dd42ffbd,https://uy.linkedin.com/jobs/view/asistente-administraci%C3%B3n-y-control-de-cr%C3%A9dito-at-btg-pactual-uruguay-4441070796,Asistente Administración y Control de Crédito,,scraped,2026-07-24T21:40:15.069364,
93805ca5872bc905,https://uy.linkedin.com/jobs/view/vendedor-b2b-at-talenter-4442214767,Vendedor B2B,,scraped,2026-07-24T21:40:24.072703,
96ea3be72a51a856,https://uy.linkedin.com/jobs/view/front-end-developer-%E2%80%93-headless-commerce-at-witi-4442000683,Front-end Developer – Headless Commerce,,scraped,2026-07-24T21:40:31.411151,
2222eed4eefa7894,https://uy.linkedin.com/jobs/view/asistente-de-auditor%C3%ADa-at-carle-andrioli-4441042622,Asistente de Auditoría,Carle y Andrioli,posted,2026-07-24T21:40:50.624103,1538
33c52691ae3a77ea,https://uy.linkedin.com/jobs/view/junior-it-engineer-at-arionkoder-4445221828,Junior IT Engineer,Arionkoder,posted,2026-07-24T21:40:59.648339,1540
2419ee669386f745,https://uy.linkedin.com/jobs/view/t%C3%A9cnico-de-entretenimientos-at-almenara-mall-4442938360,Técnico de Entretenimientos,,scraped,2026-07-24T21:41:02.204271,
9f13b4420f4fbf6d,https://uy.linkedin.com/jobs/view/t%C3%A9cnico-en-soporte-prestaci%C3%B3n-de-servicios-por-hora-colonia-at-its-infrastructure-technology-services-4441382859,Técnico en Soporte (Prestación de servicios por hora) - COLONIA,,scraped,2026-07-24T21:41:08.967242,
114b549a1c4299f9,https://uy.linkedin.com/jobs/view/auxiliar-de-carnicer%C3%ADa-piri%C3%A1polis-at-el-dorado-4442919252,Auxiliar de Carnicería - [Piriápolis],,scraped,2026-07-24T21:41:18.975637,
7f8d8985228aa19d,https://uy.linkedin.com/jobs/view/technical-project-manager-at-blend-4443560252,Technical Project Manager,Blend,posted,2026-07-24T21:41:28.664371,411
3057f8dadfe65033,https://uy.linkedin.com/jobs/view/aux-de-supermercado-ciudad-de-la-costa-at-aglh-4444047881,Aux. de Supermercado -  Ciudad de la Costa,AGLH,posted,2026-07-24T21:41:37.932109,1542
469c47f20ad6e51e,https://uy.linkedin.com/jobs/view/supervisor-de-servicios-at-serviport-4441830557,Supervisor de servicios,,scraped,2026-07-24T21:41:42.492068,
0627a9488b821e33,https://uy.linkedin.com/jobs/view/auxiliar-de-carnicer%C3%ADa-san-carlos-at-el-dorado-4442919257,Auxiliar de Carnicería - San Carlos,,scraped,2026-07-24T21:41:59.133749,
1cc6628f27f73444,https://uy.linkedin.com/jobs/view/vendedor-a-corporativo-a-con-experiencia-b2b-en-el-%C3%A1rea-de-tecnolog%C3%ADa-at-manpowergroup-uruguay-4441821085,Vendedor/a corporativo/a  (con experiencia B2B en el área de tecnología),,scraped,2026-07-24T21:42:05.668933,
948ac79ed796434f,https://uy.linkedin.com/jobs/view/ai-trainer-freelance-data-annotator-at-mindrift-data-annotation-projects-4444949335,AI Trainer - Freelance Data Annotator,Mindrift Data Annotation Projects,posted,2026-07-24T21:42:14.551630,323
8e8b1c7a137e3a31,https://uy.linkedin.com/jobs/view/director-a-de-relaciones-institucionales-at-gesti%C3%B3n-humana-ucu-4441851006,Director/a de Relaciones Institucionales,,scraped,2026-07-24T21:42:17.186268,
be78ae8e597c7587,https://uy.linkedin.com/jobs/view/ejecutivo-de-ventas-empresas-at-claro-uruguay-4433200838,Ejecutivo de Ventas Empresas,,scraped,2026-07-24T21:42:26.136188,
32cd542e223065b8,https://uy.linkedin.com/jobs/view/office-of-the-ceo-analyst-remote-work-at-bairesdev-4442676412,Office of the CEO Analyst - Remote Work,BairesDev,posted,2026-07-24T21:42:37.531874,419
3df96f6cab8330b3,https://uy.linkedin.com/jobs/view/auxiliar-contable-at-nexum-consulting-4441539875,Auxiliar Contable,,scraped,2026-07-24T21:42:40.076243,
2a827861b4ce03ba,https://uy.linkedin.com/jobs/view/oportunidad-temporal-auxiliar-contable-contrato-por-proyecto-at-manpowergroup-uruguay-4440152690,Oportunidad Temporal | Auxiliar Contable (Contrato por proyecto),,scraped,2026-07-24T21:42:50.398096,
2b7ca30ac4d4b048,https://uy.linkedin.com/jobs/view/contador-p%C3%BAblico-at-carle-andrioli-4441043390,Contador Público,Carle y Andrioli,posted,2026-07-24T21:43:04.105616,1544
50e7eb1d0d5d36e0,https://uy.linkedin.com/jobs/view/minijob-nebenjob-ferienjob-remote-teilnehmer-f%C3%BCr-bezahlte-studien-gesucht%21-studentjob-ch-at-jobster-4443844800,Minijob / Nebenjob / Ferienjob / Remote: Teilnehmer für bezahlte Studien gesucht! - Studentjob.ch,,scraped,2026-07-24T21:43:06.786034,
8bfeb78717b8ffd4,https://uy.linkedin.com/jobs/view/vendedor-viajero-rubro-industrial-mldo-rocha-y-lavalleja-at-este%C3%B1a-consultores-4441567648,"Vendedor Viajero rubro Industrial - Mldo, Rocha y Lavalleja",,scraped,2026-07-24T21:43:18.809927,
a51754a051017f63,https://uy.linkedin.com/jobs/view/senior-python-engineer-ai-coding-agent-evaluation-freelance-at-mindrift-4443758645,Senior Python Engineer - AI Coding Agent Evaluation (Freelance),Mindrift,posted,2026-07-24T21:43:30.905988,1474
b1972a5d53748da3,https://uy.linkedin.com/jobs/view/pf-agiu-contra-fraudadores-em-contas-gov-br-at-13sec-news-4443417778,PF agiu contra fraudadores em contas Gov.br,,scraped,2026-07-24T21:43:33.389649,
de2d825e60525949,https://uy.linkedin.com/jobs/view/growth-strategy-lead-at-the-roi-loop-4441817618,Growth Strategy Lead,The ROI Loop,posted,2026-07-24T21:43:44.947846,1546
d98ffa857ee1e2d8,https://uy.linkedin.com/jobs/view/nebenjob-%E2%80%93-home-office-mit-umfragen-geld-verdienen%21-einfach-von-zuhause-oder-unterwegs-studentjob-ch-at-jobster-4443853447,Nebenjob – Home Office: Mit Umfragen Geld verdienen! Einfach von zuhause oder unterwegs - Studentjob.ch,,scraped,2026-07-24T21:43:47.487943,
11365138ca09058b,https://uy.linkedin.com/jobs/view/paid-media-crm-automations-at-smartclinic-4441532518,Paid Media - CRM automations,SmartClinic,posted,2026-07-24T21:44:06.892285,1548
8a88bebc01c87ce5,https://uy.linkedin.com/jobs/view/r%C3%A9pondez-%C3%A0-des-enqu%C3%AAtes-de-chez-vous-pendant-votre-temps-libre-%21-studentjob-ch-at-jobster-4443849491,Répondez à des enquêtes de chez vous pendant votre temps libre ! - Studentjob.ch,,scraped,2026-07-24T21:44:09.448918,
a0bfca7baacec99a,https://uy.linkedin.com/jobs/view/corporate-travel-and-mobility-agent-remote-work-at-bairesdev-4442902063,Corporate Travel and Mobility Agent - Remote Work,BairesDev,posted,2026-07-24T21:44:18.711404,579
184f0f96ff6809ca,https://uy.linkedin.com/jobs/view/estudiante-de-contador-p%C3%BAblico-at-pwc-uruguay-4407445497,Estudiante de Contador Público,PwC Uruguay,posted,2026-07-24T21:44:28.985272,1550
1004e338f844089c,https://uy.linkedin.com/jobs/view/gerente-de-administraci%C3%B3n-y-finanzas-at-edintor-sa-4440467961,Gerente de Administración y Finanzas,,scraped,2026-07-24T21:44:33.604674,
7a8cb69cd2d9f246,https://uy.linkedin.com/jobs/view/vendor-security-questionnaire-specialist-at-scale-up-recruiting-partners-4444338031,Vendor Security Questionnaire Specialist,Scale Up Recruiting Partners,posted,2026-07-24T21:44:58.999026,1552
33620e9bda82abf6,https://uy.linkedin.com/jobs/view/principal-security-engineer-%E2%80%93-identity-access-at-dlocal-4443968005,Principal Security Engineer – Identity & Access,,scraped,2026-07-24T21:45:03.720881,
33ac0fe6ed98eaa9,https://uy.linkedin.com/jobs/view/analista-funcional-ssr-at-experis-uruguay-4441060218,Analista Funcional SSR,,scraped,2026-07-24T21:45:15.132789,
e5238e2e325a882d,https://uy.linkedin.com/jobs/view/full-stack-engineer-at-%2B%2Bhellohello-4444762403,Full Stack Engineer,,scraped,2026-07-24T21:45:21.824492,
b0715c17a449b201,https://uy.linkedin.com/jobs/view/auxiliar-de-ventas-at-accesorios-barber%C3%ADa-4441038786,Auxiliar de ventas,,scraped,2026-07-24T21:45:32.827298,
84072106e96942b9,https://uy.linkedin.com/jobs/view/encargado-a-de-tienda-para-treinta-y-tres-at-randstad-4440168435,Encargado/a de Tienda para Treinta y Tres,,scraped,2026-07-24T21:45:39.385563,
316275e849083416,https://uy.linkedin.com/jobs/view/top-verdienen-in-der-schweiz-200-%E2%82%AC-pro-tag-als-dialoger-in-m-w-d-studentjob-ch-at-jobster-4443861424,Top verdienen in der Schweiz: 200 € pro Tag als Dialoger*in (m/w/d) - Studentjob.ch,,scraped,2026-07-24T21:45:45.974485,
ecf5e070d842b96b,https://uy.linkedin.com/jobs/view/marketing-screening-team-lead-at-toptal-4444965616,Marketing Screening Team Lead,Toptal,posted,2026-07-24T21:46:05.148038,1554
59fc17120d20c282,https://uy.linkedin.com/jobs/view/security-compliance-analyst-temporary-at-applaudo-4445208772,Security & Compliance Analyst (Temporary),,scraped,2026-07-24T21:46:07.856557,
255de7b775447b36,https://uy.linkedin.com/jobs/view/security-master-specialist-at-worldquant-4443995930,Security Master Specialist,WorldQuant,posted,2026-07-24T21:46:21.307558,1556
3cbdfe44c2716fa3,https://uy.linkedin.com/jobs/view/senior-technical-program-manager-remote-work-at-bairesdev-4442647685,Senior Technical Program Manager - Remote Work,BairesDev,posted,2026-07-24T21:46:26.137376,425
11277e1332018302,https://uy.linkedin.com/jobs/view/lider-de-ventas-at-m-a-g-a-asoc-4440475732,Lider de ventas,M.A.G.A &amp; Asoc.,posted,2026-07-24T21:46:35.665832,1558
532a582a8c728270,https://uy.linkedin.com/jobs/view/ib-mathematics-teacher-at-international-college-punta-del-este-4434315592,IB Mathematics Teacher,,scraped,2026-07-24T21:46:40.199617,
1063f3da7b6eb5e7,https://uy.linkedin.com/jobs/view/software-engineer-openstack-at-canonical-4434719498,Software Engineer - OpenStack,,scraped,2026-07-24T21:46:55.300426,
a6bac47b7b301aae,https://uy.linkedin.com/jobs/view/senior-electrical-engineer-at-integer-holdings-corporation-4414633776,Senior Electrical Engineer,Integer Holdings Corporation,posted,2026-07-24T21:47:04.943541,271
2f47c3dddb4dd769,https://uy.linkedin.com/jobs/view/presupuestador-para-constructora-at-grupo-transamerican-4442927924,Presupuestador para constructora,,scraped,2026-07-25T20:31:53.631299,
12aea989ea404561,https://uy.linkedin.com/jobs/view/uruguay-circular-award-2022-at-centro-de-agrobioemprendimientos-e-inversiones-iica-4444677996,Uruguay Circular Award 2022,Centro de Agrobioemprendimientos e Inversiones - IICA,posted,2026-07-25T20:32:11.585015,1560
f875e5505b9a2495,https://uy.linkedin.com/jobs/view/living-lab-uruguay-%E2%80%93-agtech-solutions-at-centro-de-agrobioemprendimientos-e-inversiones-iica-4444692537,Living Lab Uruguay – Agtech solutions,Centro de Agrobioemprendimientos e Inversiones - IICA,posted,2026-07-25T20:32:19.387283,1562
17ef4e566d57dbaa,https://uy.linkedin.com/jobs/view/talent-pool-senior-fullstack-developer-python-react-at-gogrow-4441734981,Talent Pool | Senior Fullstack Developer (Python/React),GoGrow,posted,2026-07-25T20:32:28.793327,1564
536ce4137f82c490,https://uy.linkedin.com/jobs/view/senior-project-manager-uruguay-at-qubika-4444955203,Senior Project Manager - Uruguay,Qubika,posted,2026-07-25T20:32:44.148983,1566
8aad55e9a490ae7d,https://uy.linkedin.com/jobs/view/senior-bookkeeper-quickbooks-online-at-lago-4444685205,Senior Bookkeeper (QuickBooks Online),Lago,posted,2026-07-25T20:32:52.596048,1568
bbaac06f7ccb4639,https://uy.linkedin.com/jobs/view/ai-process-analyst-at-bbva-en-uruguay-4444762918,AI PROCESS ANALYST,BBVA en Uruguay,posted,2026-07-25T20:33:05.550248,1570
c104a62a74ccfcfb,https://uy.linkedin.com/jobs/view/director-a-nacional-de-diario-business-news-at-bac-private-investors-4444972822,Director/a Nacional de Diario Business News,,scraped,2026-07-25T20:33:08.291496,
f4fa8810e06b9598,https://uy.linkedin.com/jobs/view/analista-de-hiring-journey-trabajo-remoto-at-bairesdev-4442665702,Analista de Hiring Journey - Trabajo Remoto,BairesDev,posted,2026-07-25T20:33:20.763215,309
384c068f7ab28920,https://uy.linkedin.com/jobs/view/assistente-de-enlace-comunitario-at-first-quantum-minerals-4441552112,Assistente de Enlace Comunitario,,scraped,2026-07-25T20:33:27.097800,
d2dd140ebac52b23,https://uy.linkedin.com/jobs/view/development-manager-net-full-stack-at-internova-travel-group-4440402140,Development Manager (.NET / Full Stack),Internova Travel Group,posted,2026-07-25T20:33:44.025887,1572
93de5c8e05fe2d48,https://uy.linkedin.com/jobs/view/estudiante-ciencias-econ%C3%B3micas-at-pkf-uruguay-4441845247,Estudiante ciencias económicas,,scraped,2026-07-25T20:33:46.595687,
814ffa2afcca996d,https://uy.linkedin.com/jobs/view/gmp-technician-at-sbm-management-services-lp-4443422572,GMP Technician,"SBM Management Services, LP",posted,2026-07-25T20:33:55.717074,103
5aed1ec4ecbc5708,https://uy.linkedin.com/jobs/view/python-developer-uy-montevideo-sr-level-at-globant-4444027197,Python Developer - UY - Montevideo - SR - Level,Globant,posted,2026-07-25T20:34:05.426587,1574
850cfd4b8c5b5f2a,https://uy.linkedin.com/jobs/view/gerente-comercial-at-nexum-consulting-4441827592,Gerente Comercial,,scraped,2026-07-25T20:34:10.019226,
eebbb33a45972c6c,https://uy.linkedin.com/jobs/view/contable-senior-at-andersen-in-uruguay-4441540903,Contable Senior,Andersen in Uruguay,posted,2026-07-25T20:34:26.200642,1576
612f944b140afff3,https://uy.linkedin.com/jobs/view/t%C3%A9cnico-para-contrato-de-infraestructura-vial-at-kpmg-uruguay-4445240056,Técnico para Contrato de Infraestructura Vial,KPMG Uruguay,posted,2026-07-25T20:34:37.480544,1578
e305bd62f5d5664b,https://uy.linkedin.com/jobs/view/marketing-data-analyst-at-internova-global-services-4424787224,Marketing Data Analyst,Internova Global Services,posted,2026-07-25T20:35:25.814279,1580
988918ea544c6d7a,https://uy.linkedin.com/jobs/view/it-field-services-engineer-at-xforia-global-talent-technology-solutions-4443439594,IT Field Services Engineer,Xforia Global Talent  &amp; Technology Solutions,posted,2026-07-25T20:35:35.473010,1582
2b669f3dcc05b868,https://uy.linkedin.com/jobs/view/jefe-de-operaci%C3%B3n-at-stiler-project-management-4443514340,Jefe de Operación,,scraped,2026-07-25T20:35:38.047413,
898f3dc3ae37ce91,https://uy.linkedin.com/jobs/view/accounting-onboarding-specialist-at-scale-up-recruiting-partners-4443102573,Accounting Onboarding Specialist,Scale Up Recruiting Partners,posted,2026-07-25T20:35:54.732834,1584
dd578e149634218a,https://uy.linkedin.com/jobs/view/ai-engineer-at-promtior-4443157467,AI Engineer,,scraped,2026-07-25T20:35:57.376284,
5afd735678b3860b,https://uy.linkedin.com/jobs/view/especialista-en-compliance-at-guyer-regules-4441078010,Especialista en Compliance,,scraped,2026-07-25T20:36:05.927430,
e62732100ed5349c,https://uy.linkedin.com/jobs/view/senior-site-reliability-engineer-at-intuition-machines-4443797986,Senior Site Reliability Engineer,Intuition Machines,posted,2026-07-25T20:36:20.680193,1586
8e8e0633cccd3de0,https://uy.linkedin.com/jobs/view/qa-automation-engineer-at-octa-4441811694,QA Automation Engineer,,scraped,2026-07-25T20:36:23.314597,
ba513b817aa427ff,https://uy.linkedin.com/jobs/view/development-team-lead-at-evertec-4442687170,Development Team Lead,Evertec,posted,2026-07-25T20:36:38.060427,1588
db102c5f8e92b884,https://uy.linkedin.com/jobs/view/t%C3%A9cnico-mantenimiento-de-sistemas-cctv-control-de-accesos-detecci%C3%B3n-de-incendios-prosegur-security-at-prosegur-4441516896,"Técnico Mantenimiento de Sistemas: CCTV, Control de Accesos, Detección de Incendios Prosegur Security",,scraped,2026-07-25T20:36:40.725974,
4c4319821dac2234,https://uy.linkedin.com/jobs/view/auxiliar-de-ventas-contrato-a-t%C3%A9rmino-por-6-meses-rivera-at-jack-jones-4444715299,Auxiliar de Ventas (Contrato a término por 6 meses) - Rivera,,scraped,2026-07-25T20:36:51.260827,
581407ce016ee872,https://uy.linkedin.com/jobs/view/ingeniero-de-software-full-stack-at-qi-tech-4441089086,Ingeniero de Software Full Stack,,scraped,2026-07-25T20:36:58.616964,
44c7bd4bb4f89c28,https://uy.linkedin.com/jobs/view/senior-power-bi-developer-at-round-table-devops-series-%23rtdos-4443722537,senior power bi developer,,scraped,2026-07-25T20:37:05.532863,
20ab5941e5da22ee,https://uy.linkedin.com/jobs/view/asistente-de-auditor%C3%ADa-externa-us-client-con-experiencia-at-pwc-4440468156,Asistente de Auditoría Externa - US Client (con experiencia),PwC,posted,2026-07-25T20:37:26.978931,1590
1cda27330ab6b5ab,https://uy.linkedin.com/jobs/view/t%C3%A9cnico-electromec%C3%A1nico-at-first-solutions-4440488601,Técnico electromecánico,,scraped,2026-07-25T20:37:33.647236,
a9b72ea62671e9a4,https://uy.linkedin.com/jobs/view/contador-senior-zona-franca-at-andersen-in-uruguay-4441054936,Contador Senior (Zona Franca),Andersen in Uruguay,posted,2026-07-25T20:37:51.975596,729
d37a4bd2a9fd3a96,https://uy.linkedin.com/jobs/view/online-aufgaben-umfragen-flexible-m%C3%B6glichkeit-geld-online-zu-verdienen-studentjob-ch-at-jobster-4443824835,"Online Aufgaben & Umfragen - Flexible Möglichkeit, Geld online zu verdienen - Studentjob.ch",,scraped,2026-07-25T20:37:58.556921,
3be9b63adbc0df42,https://uy.linkedin.com/jobs/view/verdiene-geld-mit-deinen-meinungen-%E2%80%93-flexibler-nebenjob-f%C3%BCr-studenten%21-studentjob-ch-at-jobster-4443851059,Verdiene Geld mit deinen Meinungen – Flexibler Nebenjob für Studenten! - Studentjob.ch,Jobster,posted,2026-07-25T20:38:38.717657,1592
8b36e2609e049396,https://uy.linkedin.com/jobs/view/analista-de-calidad-sqa-at-tigo-uruguay-4443903515,Analista de Calidad (SQA),Tigo Uruguay,posted,2026-07-25T20:38:48.334365,1594
fdd696d38703431a,https://uy.linkedin.com/jobs/view/jefe-a-seguridad-ferroviaria-at-sixhunters-4442689565,Jefe/a Seguridad Ferroviaria,,scraped,2026-07-25T20:38:52.958107,
5ba3e6449f637b54,https://uy.linkedin.com/jobs/view/biztalk-developer-at-twoconnect-microsoft-azure-integration-biztalk-logic-apps-consulting-migration-support-4443723168,BizTalk Developer,"TwoConnect: Microsoft Azure Integration, BizTalk, Logic Apps Consulting, Migration &amp; Support.",posted,2026-07-25T20:39:07.055178,1596
3f079875ff1fb5d5,https://uy.linkedin.com/jobs/view/full-stack-engineer-at-tata-consultancy-services-4445222820,Full Stack Engineer,Tata Consultancy Services,posted,2026-07-25T20:39:19.530684,1598
bcf6353c6be079ba,https://uy.linkedin.com/jobs/view/data-engineering-consultant-at-oracle-4431965286,Data Engineering Consultant,Oracle,posted,2026-07-25T20:39:24.378854,203
b7857ea9dd3dbdaf,https://uy.linkedin.com/jobs/view/data-engineer-at-tata-consultancy-services-4445230451,Data Engineer,Tata Consultancy Services,posted,2026-07-25T20:39:32.497447,41
fb08479082403bf0,https://uy.linkedin.com/jobs/view/senior-client-partner-pinterest-at-aleph-4443888401,Senior Client Partner - Pinterest,Aleph,posted,2026-07-25T20:39:41.739890,1600
4c8fb96135e4a665,https://uy.linkedin.com/jobs/view/probador-de-software-qa-investigaci%C3%B3n-y-desarrollo-trabajo-remoto-at-bairesdev-4442078841,Probador de Software (QA) / Investigación y Desarrollo - Trabajo Remoto,BairesDev,posted,2026-07-25T20:39:51.063399,1602
3312dbca2694b81c,https://uy.linkedin.com/jobs/view/health-safety-and-environment-hse-manager-%E2%80%93-data-center-construction-projects-at-turner-townsend-4372568771,"Health, Safety, and Environment (HSE) Manager – Data Center Construction Projects",,scraped,2026-07-25T20:39:53.692466,
ed36fdfd61343edd,https://uy.linkedin.com/jobs/view/global-treasury-analyst-at-canonical-4434718518,Global Treasury Analyst,,scraped,2026-07-25T20:40:02.454662,
e9f1fc9e0155e753,https://uy.linkedin.com/jobs/view/senior-sales-operations-analyst-at-canonical-4434715638,Senior Sales Operations Analyst,,scraped,2026-07-25T20:40:09.881170,
bec75ce620c3e5f0,https://uy.linkedin.com/jobs/view/sales-executive-for-campus-live-remote-work-at-bairesdev-4442663905,Sales Executive for Campus Live - Remote Work,BairesDev,posted,2026-07-25T20:40:23.096317,567
11f40af4a426a56c,https://uy.linkedin.com/jobs/view/delivery-specialist-at-o-reilly-auto-parts-4409047096,Delivery Specialist,O'Reilly Auto Parts,posted,2026-07-25T20:40:28.143292,349
f98901a81dbeb0dc,https://uy.linkedin.com/jobs/view/desarrollador-a-oracle-at-zonamerica-4441074609,Desarrollador/a Oracle,,scraped,2026-07-25T20:40:30.787755,
41b31416392e3a98,https://uy.linkedin.com/jobs/view/engineering-manager-for-iam-identity-and-access-management-at-canonical-4434724297,Engineering Manager for IAM (Identity and Access Management),,scraped,2026-07-25T20:40:48.552605,
f3353b684028e506,https://uy.linkedin.com/jobs/view/pipeline-requisition-presales-preventas-erp-at-oracle-4435843247,Pipeline Requisition Presales / Preventas ERP,Oracle,posted,2026-07-25T20:41:01.910892,1604
58bb3a5f6a416b9a,https://uy.linkedin.com/jobs/view/fullstack-java-%2B-react-technical-leader-trabajo-remoto-at-bairesdev-4442646440,FullStack Java + React Technical Leader - Trabajo Remoto,BairesDev,posted,2026-07-25T20:41:06.708518,439
6508bb5df582babb,https://uy.linkedin.com/jobs/view/jefe-de-obra-4444345474,Jefe de obra,RAMON C ALVAREZ SA,posted,2026-07-25T20:41:13.787164,1606
0f6eb1a90d57cbc6,https://uy.linkedin.com/jobs/view/staff-engineer-development-lifecycle-at-canonical-4434712689,"Staff Engineer, Development Lifecycle",,scraped,2026-07-25T20:41:16.418909,
54e73bfe47ed6cdd,https://uy.linkedin.com/jobs/view/engineering-manager-ubuntu-core-at-canonical-4434722353,Engineering Manager - Ubuntu Core,,scraped,2026-07-25T20:41:25.838587,
e756d196605210b4,https://uy.linkedin.com/jobs/view/isv-technical-alliance-manager-at-canonical-4434730088,ISV Technical Alliance Manager,,scraped,2026-07-25T20:41:32.916728,
8bc2cc4edaf59feb,https://uy.linkedin.com/jobs/view/ingeniero-de-aplicaciones-bancarias-at-unisys-4440476413,Ingeniero de aplicaciones Bancarias,Unisys,posted,2026-07-25T20:41:46.171235,1608
6e484584fca2ccc6,https://uy.linkedin.com/jobs/view/ruby-on-rails-developer-remote-work-at-indi-staffing-services-4443947391,Ruby on Rails Developer - Remote Work,INDI Staffing Services,posted,2026-07-25T20:41:54.729056,1610
0021defed1c266e0,https://uy.linkedin.com/jobs/view/geofencing-at-adconversion-4444833947,Geofencing,AdConversion,posted,2026-07-26T20:37:57.426487,1612
c86ca3a8870c03fc,https://uy.linkedin.com/jobs/view/google-keyword-planner-at-adconversion-4444840963,Google Keyword Planner,AdConversion,posted,2026-07-26T20:38:06.228329,1614
f84eda5837a00312,https://uy.linkedin.com/jobs/view/vendedor-a-para-punta-del-este-part-time-zafral-at-divino-sa-4444235906,Vendedor/a para Punta del Este Part Time - Zafral,,scraped,2026-07-26T20:38:24.832308,
687169d2c6b8ae1e,https://uy.linkedin.com/jobs/view/analista-de-distribuci%C3%B3n-at-montevideo-refrescos-srl-coca-cola-uruguay-4441547385,Analista de Distribución,Montevideo Refrescos SRL (Coca-Cola Uruguay),posted,2026-07-26T20:38:41.322595,1616
bc5ceeee74adec97,https://uy.linkedin.com/jobs/view/vendedor-junior-rubro-automotriz-at-work-office-4442927923,Vendedor Junior - Rubro Automotriz,,scraped,2026-07-26T20:38:49.908268,
d703fab9948ca04a,https://uy.linkedin.com/jobs/view/vendedor-full-time-at-southbay-4442251107,Vendedor Full - Time,,scraped,2026-07-26T20:38:58.245269,
1e81f05c77b4fed6,https://uy.linkedin.com/jobs/view/semi-senior-de-contabilidad-reporting-at-forvis-mazars-in-uruguay-4444284251,Semi Senior de Contabilidad & Reporting,,scraped,2026-07-26T20:39:06.826188,
51235c8e4f8963c2,https://uy.linkedin.com/jobs/view/jefe-de-mantenimiento-at-coca-cola-femsa-4443877551,Jefe de mantenimiento,,scraped,2026-07-26T20:39:14.599937,
35642a718c2175c0,https://uy.linkedin.com/jobs/view/project-manager-remote-work-at-bairesdev-4442667422,Project Manager - Remote Work,BairesDev,posted,2026-07-26T20:39:23.297914,471
75c035611353b3d0,https://uy.linkedin.com/jobs/view/coordinador-de-ventas-at-talenter-4442690356,Coordinador de ventas,,scraped,2026-07-26T20:39:35.938594,
64f521d837e34b68,https://uy.linkedin.com/jobs/view/senior-human-resources-generalist-at-satellogic-4444389328,Senior Human Resources Generalist,,scraped,2026-07-26T20:39:43.288828,
343cfd65457c5232,https://uy.linkedin.com/jobs/view/arquitecto-a-multicontainer-contrato-a-t%C3%A9rmino-8-meses-at-montse-perera-consultor%C3%ADa-y-transformaci%C3%B3n-organizacional-4441088528,Arquitecto(a) - Multicontainer (Contrato a término 8 meses),,scraped,2026-07-26T20:39:50.341814,
e58efc9e694eb3b7,https://uy.linkedin.com/jobs/view/responsable-de-categor%C3%ADa-producto-at-entrust-servicios-profesionales-de-recursos-humanos-4441818885,Responsable de Categoría / Producto,,scraped,2026-07-26T20:39:57.202106,
361d1987d6e6b0c4,https://uy.linkedin.com/jobs/view/talent-sourcer-at-makai-labs-4444775617,Talent Sourcer,Makai Labs,posted,2026-07-26T20:40:14.723393,1618
30318a8f7d8c10ae,https://uy.linkedin.com/jobs/view/ejecutivo-a-t%C3%A9cnico-comercial-at-talenter-4443758533,Ejecutivo/a Técnico-Comercial,,scraped,2026-07-26T20:40:17.317161,
9b295e29ae09032d,https://uy.linkedin.com/jobs/view/telemarketer-at-casa-tres-contact-center-4441890964,Telemarketer,,scraped,2026-07-26T20:40:24.273014,
2593796bbb328eb3,https://uy.linkedin.com/jobs/view/python-engineer-freelance-ai-trainer-at-mindrift-4443788331,Python Engineer - Freelance AI Trainer,Mindrift,posted,2026-07-26T20:40:39.723986,1620
9e972c879a39286b,https://uy.linkedin.com/jobs/view/senior-accounting-analyst-at-csi-4442777887,Senior Accounting Analyst,,scraped,2026-07-26T20:40:48.600315,
a47f553995bc1737,https://uy.linkedin.com/jobs/view/technical-support-engineer-ai-rpa-js-ts-at-electroneek-4443189475,"Technical Support Engineer (AI, RPA, JS/TS)",ElectroNeek,posted,2026-07-26T20:41:04.160453,1622
b46300c66f0e4752,https://uy.linkedin.com/jobs/view/data-analyst-maldonado-at-el-dorado-4442925035,Data Analyst - Maldonado,,scraped,2026-07-26T20:41:06.712540,
fabef291174bd25f,https://uy.linkedin.com/jobs/view/analista-de-calidad-y-farmacovigilancia-at-sophia-4445230921,Analista de Calidad y Farmacovigilancia,,scraped,2026-07-26T20:41:13.570105,
aea61fd8c0c76c3f,https://uy.linkedin.com/jobs/view/logistics-coordinator-at-ottomatik-io-4443818037,Logistics Coordinator,Ottomatik.io,posted,2026-07-26T20:41:29.576814,1624
d00dc42d88fe9c08,https://uy.linkedin.com/jobs/view/google-display-network-gdn-at-adconversion-4444845904,Google Display Network (GDN),AdConversion,posted,2026-07-26T20:41:37.724301,1626
85de843997cd4608,https://uy.linkedin.com/jobs/view/estudiantes-de-ciencias-econ%C3%B3micas-para-impuestos-at-kpmg-uruguay-4444432710,Estudiantes de Ciencias Económicas para Impuestos,KPMG Uruguay,posted,2026-07-26T20:41:47.434697,1628
3a2bc3e7a2635d93,https://uy.linkedin.com/jobs/view/analista-senior-de-prevenci%C3%B3n-de-fraude-account-device-takeover-at-mercado-libre-4441570169,Analista Senior de Prevención de Fraude - Account & Device Takeover,,scraped,2026-07-26T20:41:50.079793,
f7bebf0c2dccb726,https://uy.linkedin.com/jobs/view/ejecutivo-de-ventas-at-atfx-latam-4445250650,Ejecutivo de ventas,,scraped,2026-07-26T20:41:58.238273,
188ca151ad199adf,https://uy.linkedin.com/jobs/view/technical-support-analyst-at-internova-global-services-4384734977,Technical Support Analyst,Internova Global Services,posted,2026-07-26T20:42:57.259256,1630
3c00cba8ba0b2a8c,https://uy.linkedin.com/jobs/view/commercial-analyst-at-jack-jones-4445226398,Commercial Analyst,,scraped,2026-07-26T20:43:01.885492,
7db17b6c8b16d1b1,https://uy.linkedin.com/jobs/view/auxiliar-contable-at-estudio-fischer-4442364526,Auxiliar contable,Estudio Fischer,posted,2026-07-26T20:43:11.316580,59
f885511f115d4573,https://uy.linkedin.com/jobs/view/sales-representative-at-ottomatik-io-4444657954,Sales Representative,Ottomatik.io,posted,2026-07-26T20:43:21.387349,1418
2193bb160e3e26c6,https://uy.linkedin.com/jobs/view/brand-manager-junior-at-dr-selby-4441808609,Brand Manager Junior,,scraped,2026-07-26T20:43:23.977658,
91c4ca163ae8cd27,https://uy.linkedin.com/jobs/view/controlador-de-avance-at-csi-4440461401,Controlador de Avance,,scraped,2026-07-26T20:43:31.124219,
ee9f3f379f175321,https://uy.linkedin.com/jobs/view/freelance-data-scraping-engineer-python-at-mindrift-4444284619,Freelance Data Scraping Engineer (Python),Mindrift,posted,2026-07-26T20:43:43.010510,473
57a1daf5ad44b682,https://uy.linkedin.com/jobs/view/encargado-a-de-compras-y-cuentas-corrientes-at-sabores-del-plata-holding-4441812694,Encargado/a de Compras y Cuentas Corrientes,Sabores del Plata Holding,posted,2026-07-26T20:43:53.932068,1632
568a2bb6125d3eef,https://uy.linkedin.com/jobs/view/sr-software-engineer-backend-at-pedidosya-4444342509,Sr Software Engineer Backend,,scraped,2026-07-26T20:43:58.506663,
fdf9180e6f6e85ad,https://uy.linkedin.com/jobs/view/asistente-de-documentaci%C3%B3n-at-kma-uruguay-4444063674,Asistente de Documentación,,scraped,2026-07-27T21:44:48.645263,
2b8e88d6ce97be8e,https://uy.linkedin.com/jobs/view/accounting-assistant-at-kma-uruguay-4444052782,Accounting Assistant,,scraped,2026-07-27T21:44:59.204086,
c0478bba5d35373b,https://uy.linkedin.com/jobs/view/cajero-a-para-punta-del-este-part-time-zafral-at-divino-sa-4444251154,Cajero/a para Punta del Este  Part time- Zafral,,scraped,2026-07-27T21:45:20.531978,
22173a9e0f2b811d,https://uy.linkedin.com/jobs/view/auxiliar-de-servicio-temporal-at-chic-parisien-4445279837,Auxiliar de Servicio TEMPORAL,Grupo Parisien,posted,2026-07-27T21:45:44.881417,1634
e39f026d8fda6b2c,https://uy.linkedin.com/jobs/view/gated-content-at-adconversion-4444823903,Gated Content,AdConversion,posted,2026-07-27T21:45:57.568869,1636
a25390f9ab98b548,https://uy.linkedin.com/jobs/view/analista-de-compensaciones-y-beneficios-trabajo-remoto-at-bairesdev-4445154426,Analista de Compensaciones y Beneficios - Trabajo Remoto,BairesDev,posted,2026-07-27T21:46:16.093449,1638
33a0ba437677ef24,https://uy.linkedin.com/jobs/view/devops-trabajo-remoto-at-bairesdev-4445156661,DevOps - Trabajo Remoto,BairesDev,posted,2026-07-27T21:46:25.603002,1640
8f0c4e9d762dea22,https://uy.linkedin.com/jobs/view/asistente-contable-at-deloitte-4444728946,Asistente Contable,Deloitte,posted,2026-07-27T21:46:40.075633,1642
a91b4594b2cba8b5,https://uy.linkedin.com/jobs/view/t%C3%A9cnico-electromec%C3%A1nico-ciudad-de-la-costa-at-work-office-4445292249,Técnico Electromecánico - Ciudad de la Costa,,scraped,2026-07-27T21:46:42.705326,
33356c562ee67baf,https://uy.linkedin.com/jobs/view/supervisora-volante-at-creditos-directos-4442949027,supervisora volante,,scraped,2026-07-27T21:46:50.140312,
2a57c7d4923af10a,https://uy.linkedin.com/jobs/view/jefe-de-obra-at-cir-4444216863,Jefe de Obra,,scraped,2026-07-27T21:46:59.068516,
59dacc5d919897c9,https://uy.linkedin.com/jobs/view/assistente-de-enlace-comunitario-at-fqm-zambia-4444078156,Assistente de Enlace Comunitario,,scraped,2026-07-27T21:47:05.470570,
10e9acebc8727f60,https://uy.linkedin.com/jobs/view/analista-prevenci%C3%B3n-de-fraude-robo-de-identidad-at-mercado-libre-4441541226,Analista Prevención de Fraude - Robo de Identidad,,scraped,2026-07-27T21:47:12.942519,
04723648869d4776,https://uy.linkedin.com/jobs/view/auxiliar-de-ventas-montevideo-at-el-dorado-4442257168,Auxiliar de Ventas -  Montevideo,,scraped,2026-07-27T21:47:20.421126,
c3e6e55d0af5f827,https://uy.linkedin.com/jobs/view/vacantes-en-supermercado-maldonado-y-san-carlos-at-el-dorado-4445280773,Vacantes en Supermercado | Maldonado y San Carlos,,scraped,2026-07-27T21:47:27.494467,
ae12c5d6ff986e8d,https://uy.linkedin.com/jobs/view/tesla-advisor-sales-at-tesla-4445294840,"Tesla Advisor, Sales",Tesla,posted,2026-07-27T21:47:41.998498,1644
d3f999f0632f3010,https://uy.linkedin.com/jobs/view/jefe-regional-de-locales-comerciales-at-claro-uruguay-4444020961,Jefe Regional de Locales Comerciales,,scraped,2026-07-27T21:47:46.609143,
20bb56ae6fd34264,https://uy.linkedin.com/jobs/view/facilities-maintenance-technician-%E2%80%93-electrical-mechanical-at-satellogic-4444379926,Facilities Maintenance Technician – Electrical & Mechanical,,scraped,2026-07-27T21:47:57.648504,
7b5732714db769df,https://uy.linkedin.com/jobs/view/sr-strategy-analyst-montevideo-at-despegar-4445659728,Sr Strategy Analyst - Montevideo,Despegar,posted,2026-07-27T21:48:20.341006,1646
50c81441caab3cb1,https://uy.linkedin.com/jobs/view/analista-senior-compras-especializado-en-comercio-exterior-at-matriz-technology-4445376254,ANALISTA SENIOR COMPRAS (especializado en Comercio Exterior),Matriz Technology,posted,2026-07-27T21:48:33.182059,1648
62472d4a081da4c9,https://uy.linkedin.com/jobs/view/analista-de-formaci%C3%B3n-trabajo-remoto-at-bairesdev-4445189740,Analista de Formación - Trabajo Remoto,BairesDev,posted,2026-07-27T21:48:44.828161,1650
8b7e8c4eef48770b,https://uy.linkedin.com/jobs/view/copy-editor-at-wpp-production-4443554396,Copy Editor,WPP Production,posted,2026-07-27T21:48:54.375832,1652
d82f0cf5ed864ba9,https://uy.linkedin.com/jobs/view/vendedores-telemarketers-at-forvis-mazars-in-uruguay-4441536575,Vendedores Telemarketers,,scraped,2026-07-27T21:48:56.991604,
b90b5a43ec9fe4e9,https://uy.linkedin.com/jobs/view/administrativo-para-mesa-de-operaciones-at-segurpas-sa-4435693483,Administrativo para mesa de operaciones,,scraped,2026-07-27T21:49:07.035871,
f5bf4d2835956adb,https://uy.linkedin.com/jobs/view/junior-project-manager-at-canonical-4434712682,Junior Project Manager,,scraped,2026-07-27T21:49:17.443432,
373af74df90e2e93,https://uy.linkedin.com/jobs/view/head-de-gesti%C3%B3n-patrimonial-at-advice-uruguay-4441058192,Head de Gestión Patrimonial,,scraped,2026-07-27T21:49:25.204403,
046b660ac7bb9c57,https://uy.linkedin.com/jobs/view/senior-product-designer-at-treeview-4442835600,Senior Product Designer,Treeview,posted,2026-07-27T21:49:50.207657,1654
73ff8ada3dcafd52,https://uy.linkedin.com/jobs/view/analista-de-marketing-jr-ssr-at-experis-uruguay-4442872008,Analista de marketing JR SSR,,scraped,2026-07-27T21:49:53.025744,
8f3e32faf1b0ce93,https://uy.linkedin.com/jobs/view/senior-project-manager-at-lato-jobs-4445938725,Senior Project Manager,,scraped,2026-07-27T21:50:02.073766,
0b8dd65258491417,https://uy.linkedin.com/jobs/view/especialista-en-telecomunicaciones-at-indra-group-4440409164,Especialista en telecomunicaciones,,scraped,2026-07-27T21:50:08.720898,
4ee1860d22572386,https://uy.linkedin.com/jobs/view/certified-nursing-assistant-cna-human-services-technician-hst-evening-shift-at-minnesota-direct-care-and-treatment-4441595729,Certified Nursing Assistant (CNA) - Human Services Technician (HST) / Evening Shift,Minnesota Direct Care and Treatment,posted,2026-07-27T21:50:24.134248,1656
4131ca83129fe18a,https://uy.linkedin.com/jobs/view/promotor-de-punto-de-venta-pando-at-ucm-4445369513,Promotor de punto de venta - PANDO,,scraped,2026-07-27T21:50:28.812368,
daf260a05b6183a8,https://uy.linkedin.com/jobs/view/ejecutivo-comercial-digital-at-el-observador-uruguay-4442891121,Ejecutivo Comercial Digital,,scraped,2026-07-27T21:50:37.166820,
6897f024f50debef,https://uy.linkedin.com/jobs/view/ai-engineer-%F0%9F%92%BB-us-saas-startup-%F0%9F%9A%80%F0%9F%87%BA%F0%9F%87%B8-remote-at-atomic-remote-jobs-4443763390,AI Engineer  💻 - US SaaS startup 🚀🇺🇸 | Remote,,scraped,2026-07-27T21:50:49.804252,
babb43d3720da676,https://uy.linkedin.com/jobs/view/analista-de-procesos-de-negocio-trabajo-remoto-at-bairesdev-4445148687,Analista de Procesos de Negocio - Trabajo Remoto,BairesDev,posted,2026-07-27T21:51:04.363184,1658
f8bbc366abccca78,https://uy.linkedin.com/jobs/view/soc-operator-at-griffin-risk-4442870886,SOC Operator,Griffin Risk,posted,2026-07-27T21:51:17.008848,1660
92c7b7c5c07c462d,https://uy.linkedin.com/jobs/view/front-end-developer-at-tata-consultancy-services-4445235501,Front-End Developer,Tata Consultancy Services,posted,2026-07-27T21:51:31.449436,1662
fe277e9de504e7ee,https://uy.linkedin.com/jobs/view/manual-qa-i-%2B-d-trabajo-remoto-at-bairesdev-4445150206,Manual QA / I + D - Trabajo Remoto,BairesDev,posted,2026-07-27T21:51:36.393197,1470
8a294b6b852aadab,https://uy.linkedin.com/jobs/view/coordinador-de-administraci%C3%B3n-y-contabilidad-at-nexum-consulting-4442848296,Coordinador de Administración y Contabilidad,,scraped,2026-07-27T21:51:41.069217,
454488ddc87ec1b5,https://uy.linkedin.com/jobs/view/ingeniero-civil-arquitecto-at-csi-4445993727,Ingeniero Civil - Arquitecto,,scraped,2026-07-27T21:52:06.095753,
3cac83a8fcf331ea,https://uy.linkedin.com/jobs/view/enqu%C3%AAteur-pour-des-sondages-en-ligne-t%C3%A9l%C3%A9travail-h-f-studentjob-ch-at-jobster-4445101953,Enquêteur pour des sondages en ligne - télétravail H/F - Studentjob.ch,,scraped,2026-07-27T21:52:16.398290,
3b41892bc3c10757,https://uy.linkedin.com/jobs/view/marketing-team-lead-at-canonical-4434709874,Marketing Team Lead,,scraped,2026-07-27T21:52:37.326698,
1fbba5693e2b25f5,https://uy.linkedin.com/jobs/view/support-analyst-at-plan-a-technologies-4443434331,Support Analyst,Plan A Technologies,posted,2026-07-27T21:52:53.194077,1664
723d745fc838e5b8,https://uy.linkedin.com/jobs/view/post-sales-ops-specialist-at-cloudbeds-4445934671,Post Sales Ops Specialist,Cloudbeds,posted,2026-07-27T21:53:03.711606,1666
de1c53812b178997,https://uy.linkedin.com/jobs/view/group-security-compliance-manager-%2460-000-year-usd-sparkrock-at-sparkrock-4445314870,"Group Security & Compliance Manager ($60,000/year USD), Sparkrock",,scraped,2026-07-27T21:53:08.425452,
5b36a0fed8915e0f,https://uy.linkedin.com/jobs/view/von-zuhause-geld-verdienen%3F-es-war-nie-einfacher%21-homeoffice-studentjob-ch-at-jobster-4445121779,Von Zuhause Geld verdienen? Es war nie einfacher! Homeoffice - Studentjob.ch,,scraped,2026-07-27T21:53:15.750510,
b02d0671861ba35e,https://uy.linkedin.com/jobs/view/supervisor-de-instalaciones-de-plantas-at-entrust-servicios-profesionales-de-recursos-humanos-4441000180,Supervisor de Instalaciones de Plantas,,scraped,2026-07-27T21:53:23.903369,
6c16fd0f89b2070e,https://uy.linkedin.com/jobs/view/python-developer-investigaci%C3%B3n-y-desarrollo-trabajo-remoto-at-bairesdev-4445148443,Python Developer / Investigación y Desarrollo - Trabajo Remoto,BairesDev,posted,2026-07-27T21:53:47.144877,1668
6424513eafac31ad,https://uy.linkedin.com/jobs/view/analista-contabilidad-financiera-semi-senior-at-finning-4443008417,Analista Contabilidad Financiera Semi Senior,,scraped,2026-07-27T21:53:53.780049,
3ef2acde66cd4dbf,https://uy.linkedin.com/jobs/view/especialista-en-optomec%C3%A1nica-at-satellogic-4446112463,Especialista en Optomecánica,,scraped,2026-07-27T21:54:13.082637,
1240e8d5ebc931fb,https://uy.linkedin.com/jobs/view/service-delivery-manager-americas-at-aven-hospitality-4435305063,Service Delivery Manager - Americas,Aven Hospitality,posted,2026-07-27T21:54:30.870863,1670
ad72cd1fddd7f6a4,https://uy.linkedin.com/jobs/view/minijob-nebenjob-ferienjob-remote-teilnehmer-f%C3%BCr-bezahlte-studien-gesucht%21-studentjob-ch-at-jobster-4445122512,Minijob / Nebenjob / Ferienjob / Remote: Teilnehmer für bezahlte Studien gesucht! - Studentjob.ch,,scraped,2026-07-27T21:54:35.545801,
86d0ae0f03828468,https://uy.linkedin.com/jobs/view/learning-and-talent-development-analyst-at-impala-terminals-4435829723,Learning and Talent Development Analyst,,scraped,2026-07-27T21:54:45.105714,
cecc5b0c1b81d175,https://uy.linkedin.com/jobs/view/backend-developer-uruguay-at-anyone-ai-4446113835,Backend Developer (Uruguay),Anyone AI,posted,2026-07-27T21:54:55.942446,343
689bf28bfc15f337,https://uy.linkedin.com/jobs/view/functional-tester-at-tata-consultancy-services-4446122079,Functional Tester,Tata Consultancy Services,posted,2026-07-27T21:55:09.275666,1672
5c544c83d1900fd4,https://uy.linkedin.com/jobs/view/verdiene-geld-mit-deinen-meinungen-%E2%80%93-flexibler-nebenjob-f%C3%BCr-studenten%21-studentjob-ch-at-jobster-4445119449,Verdiene Geld mit deinen Meinungen – Flexibler Nebenjob für Studenten! - Studentjob.ch,Jobster,posted,2026-07-27T21:56:04.569746,1674
737cf98f47ca6fe6,https://uy.linkedin.com/jobs/view/pasante-operaciones-mejora-continua-uruguay-at-cargill-4398614716,Pasante - Operaciones (Mejora Continua Uruguay),Cargill,posted,2026-07-27T21:56:19.110136,1676
4b9283f0a231ea85,https://uy.linkedin.com/jobs/view/jefe-de-m%C3%A1quinas-at-lhg-mining-4445965025,Jefe de Máquinas,,scraped,2026-07-27T21:56:21.765223,
2098750e5832198a,https://uy.linkedin.com/jobs/view/postgresql-database-engineer-at-altenar-4444947371,PostgreSQL Database Engineer,,scraped,2026-07-27T21:56:28.907018,
30284a3d364e04f7,https://uy.linkedin.com/jobs/view/integration-engineer-customer-data-platform-cdp-at-lato-jobs-4445933684,Integration Engineer - Customer Data Platform (CDP),,scraped,2026-07-27T21:56:38.616302,
3e1b1553d2d7c3c7,https://uy.linkedin.com/jobs/view/sr-software-engineer-backend-at-lato-jobs-4445944633,Sr Software Engineer Backend,,scraped,2026-07-27T21:56:47.347902,
86ccbf489e469011,https://uy.linkedin.com/jobs/view/shopify-engineer-remote-work-at-bairesdev-4445141972,Shopify Engineer - Remote Work,BairesDev,posted,2026-07-27T21:57:02.015522,1678
2514d6934fb5cded,https://uy.linkedin.com/jobs/view/peluquero-canino-4441503195,Peluquero Canino,Peluquería canina Guauu,posted,2026-07-27T21:57:09.608669,1680
471e95236e67dd0a,https://uy.linkedin.com/jobs/view/l%C3%ADder-t%C3%A9cnico-senior-devops-trabajo-remoto-at-bairesdev-4445180524,Líder Técnico Senior DevOps - Trabajo Remoto,BairesDev,posted,2026-07-27T21:57:24.031154,1682
cca25df0843b4678,https://uy.linkedin.com/jobs/view/full-stack-elixir-%2B-react-engineer-remote-work-at-bairesdev-4445169896,Full-Stack Elixir + React Engineer - Remote Work,BairesDev,posted,2026-07-27T21:57:41.778006,1684
ce1e424d4c0b26d3,https://uy.linkedin.com/jobs/view/security-system-technician-iii-at-amentum-4444984062,Security System Technician III,Amentum,posted,2026-07-27T21:57:55.200867,1686
2135ae04ec929782,https://uy.linkedin.com/jobs/view/servicenow-technical-lead-developer-at-aven-hospitality-4435529203,ServiceNow Technical Lead - Developer,Aven Hospitality,posted,2026-07-27T21:58:06.492505,1688
8d575e84a55aa8fc,https://uy.linkedin.com/jobs/view/engineering-manager-public-cloud-python-golang-at-canonical-4434716624,"Engineering Manager - Public Cloud, Python, Golang",,scraped,2026-07-27T21:58:17.286007,
ba8d07e528b03a44,https://uy.linkedin.com/jobs/view/client-delivery-advisory-at-kaiden-team-4443631081,Client Delivery & Advisory,,scraped,2026-07-28T21:45:45.396661,
9ea6f909446b9541,https://uy.linkedin.com/jobs/view/sales-compensation-administrator-at-internova-global-services-4446367383,Sales Compensation Administrator,Internova Global Services,posted,2026-07-28T21:46:38.137354,1690
d1f9401c3e913745,https://uy.linkedin.com/jobs/view/talent-quality-auditor-remote-work-at-bairesdev-4445771343,Talent Quality Auditor - Remote Work,BairesDev,posted,2026-07-28T21:46:47.116849,1488
02be34d09b1cd6ca,https://uy.linkedin.com/jobs/view/crm-manager-remote-work-at-bairesdev-4445732716,CRM Manager - Remote Work,BairesDev,posted,2026-07-28T21:46:52.053840,1258
b4b2fb1a7fd849f8,https://uy.linkedin.com/jobs/view/gerente-de-control-de-gesti%C3%B3n-y-finanzas-at-forvis-mazars-in-uruguay-4442866396,Gerente de Control de Gestión y Finanzas,,scraped,2026-07-28T21:47:10.741149,
959db22fe40e3159,https://uy.linkedin.com/jobs/view/supervisor-de-producci%C3%B3n-san-jos%C3%A9-at-conaprole-4445286437,Supervisor de Producción - San José,,scraped,2026-07-28T21:47:20.449444,
f8843d0ab2f5ec68,https://uy.linkedin.com/jobs/view/vendedora-portones-costa-urbana-at-grupo-lolita-4445372471,Vendedora - Portones /Costa Urbana,,scraped,2026-07-28T21:47:29.998917,
bec1574a728a23f9,https://uy.linkedin.com/jobs/view/account-manager-remote-latam-based-at-arionkoder-4446133010,Account Manager (Remote - LATAM Based),Arionkoder,posted,2026-07-28T21:47:45.556817,1692
3a4ff37f3b00e662,https://uy.linkedin.com/jobs/view/uruguay-at-albaugh-europe-deutschland-4443277283,Uruguay,Albaugh Europe - Deutschland,posted,2026-07-28T21:47:56.287065,1694
ac2656543fe1b353,https://uy.linkedin.com/jobs/view/english-speaking-inspector-customer-support-representative-at-mindy-support-4443262247,English speaking Inspector/Customer Support Representative,,scraped,2026-07-28T21:48:02.826762,
93bf09593de379b6,https://uy.linkedin.com/jobs/view/junior-servicios-tributarios-at-pwc-4442883135,Junior - Servicios Tributarios,PwC,posted,2026-07-28T21:48:24.201768,1696
77d6f45bb78f67f3,https://uy.linkedin.com/jobs/view/creador-a-de-contenido-pov-para-ia-remoto-at-mindrift-data-annotation-projects-4446351558,Creador(a) de Contenido POV para IA - Remoto,Mindrift Data Annotation Projects,posted,2026-07-28T21:48:32.250951,1698
26bc3142d9c72aba,https://uy.linkedin.com/jobs/view/certified-nursing-assistant-cna-human-services-technician-hst-intermittent-prn-at-minnesota-direct-care-and-treatment-4441515499,Certified Nursing Assistant (CNA) - Human Services Technician (HST) / Intermittent - PRN,Minnesota Direct Care and Treatment,posted,2026-07-28T21:48:41.562598,1700
b1b0de3022228366,https://uy.linkedin.com/jobs/view/analista-de-comercio-exterior-jr-at-ceibos-group-4446113289,Analista de Comercio Exterior Jr,,scraped,2026-07-28T21:48:44.258490,
0ee9ccc6a81315c5,https://uy.linkedin.com/jobs/view/desarrollador-react-frontend-trabajo-remoto-at-bairesdev-4445194154,Desarrollador React Frontend - Trabajo Remoto,BairesDev,posted,2026-07-28T21:49:01.961678,1702
5b8f6da119bd092a,https://uy.linkedin.com/jobs/view/vendedor-at-aqualogic-uruguay-4443630279,Vendedor,Aqualogic Uruguay,posted,2026-07-28T21:49:06.894043,1454
4c1293d030dfac2a,https://uy.linkedin.com/jobs/view/e-commerce-channel-sales-uruguay-at-imou-4444941432,E-commerce Channel Sales -Uruguay,Imou,posted,2026-07-28T21:49:18.646909,1704
83574e69493f1a53,https://uy.linkedin.com/jobs/view/t%C3%A9cnico-electromec%C3%A1nico-industrial-%E2%80%93-ciudad-de-la-costa-at-work-office-4441540981,Técnico Electromecánico Industrial – Ciudad de la Costa,,scraped,2026-07-28T21:49:27.354253,
8b8c924826457278,https://uy.linkedin.com/jobs/view/analista-funcional-%E2%80%93-erp-procesos-de-negocio-at-missionhires-4445183889,Analista Funcional – ERP & Procesos de Negocio,MissionHires,posted,2026-07-28T21:49:43.568065,1706
ed97ee7a6fd0fb20,https://uy.linkedin.com/jobs/view/analista-de-hiring-journey-trabajo-remoto-at-bairesdev-4446344610,Analista de Hiring Journey - Trabajo Remoto,BairesDev,posted,2026-07-28T21:49:48.831625,309
34dc5ccd7bc32095,https://uy.linkedin.com/jobs/view/ux-ui-analyst-at-topaz-4443872316,UX/UI Analyst,Topaz,posted,2026-07-28T21:49:59.667564,1708
0f97c3c44caf19fb,https://uy.linkedin.com/jobs/view/software-test-engineer-junior-mid-at-radical-4442854752,Software Test Engineer (Junior-Mid),,scraped,2026-07-28T21:50:06.324292,
7ad91c55d379dc94,https://uy.linkedin.com/jobs/view/psic%C3%B3logo-a-cl%C3%ADnico-ciudad-de-la-costa-at-grupo-pulso-4443458471,Psicólogo/a clínico CIUDAD DE LA COSTA,,scraped,2026-07-28T21:50:22.388723,
16516421977ecf72,https://uy.linkedin.com/jobs/view/t%C3%A9cnico-supervisor-at-dm-consultores-vibrar-alto-rrhh-4443297732,Técnico Supervisor,,scraped,2026-07-28T21:50:31.257042,
0d7497bb50353029,https://uy.linkedin.com/jobs/view/ingeniero-de-seguridad-inform%C3%A1tica-trabajo-remoto-at-bairesdev-4445178081,Ingeniero de Seguridad Informática - Trabajo Remoto,BairesDev,posted,2026-07-28T21:50:46.003546,1710
71b03bed733efe95,https://uy.linkedin.com/jobs/view/ingeniero-a-civil-%E2%80%93-land-development-at-csi-4446375441,Ingeniero/a Civil – Land Development,,scraped,2026-07-28T21:50:48.643729,
dbbd3cd46f677a63,https://uy.linkedin.com/jobs/view/auxiliar-de-fiambrer%C3%ADa-playa-pascual-at-el-dorado-4444628086,Auxiliar de Fiambrería - Playa Pascual,,scraped,2026-07-28T21:50:59.988289,
3cc8a1820a164383,https://uy.linkedin.com/jobs/view/financial-advisor-assistant-wealth-management-assitant-at-latin-securities-uruguay-4443624601,Financial Advisor Assistant / Wealth Management Assitant,Latin Securities | Uruguay,posted,2026-07-28T21:51:19.026667,1712
86cdfa8f544c4c70,https://uy.linkedin.com/jobs/view/modelador-a-%E2%80%93-dibujante-cad-infraestructura-hidr%C3%A1ulica-at-csi-4446381227,Modelador/a – Dibujante CAD | Infraestructura Hidráulica,,scraped,2026-07-28T21:51:21.681414,
0221f86a54a02d6f,https://uy.linkedin.com/jobs/view/administrador-de-infraestructura-y-seguridad-at-talenter-4443291318,Administrador de infraestructura y seguridad,,scraped,2026-07-28T21:51:29.978518,
e189e3085dd336e8,https://uy.linkedin.com/jobs/view/ingeniero-sql-trabajo-remoto-at-bairesdev-4445195654,Ingeniero SQL - Trabajo Remoto,BairesDev,posted,2026-07-28T21:51:48.826538,1714
ec16da7e85ba12c6,https://uy.linkedin.com/jobs/view/administrativo-a-de-mantenimiento-de-flota-%E2%80%93-ref-9981-at-pwc-uruguay-4407404860,Administrativo/a de Mantenimiento de Flota – Ref.: 9981,PwC Uruguay,posted,2026-07-28T21:52:01.485821,1716
d8e58b841fb3b324,https://uy.linkedin.com/jobs/view/ingeniero-de-soluciones-ai-trabajo-remoto-at-bairesdev-4445163336,Ingeniero de Soluciones AI - Trabajo Remoto,BairesDev,posted,2026-07-28T21:52:15.244006,1718
16f8803c36db6be2,https://uy.linkedin.com/jobs/view/power-bi-developer-at-tata-consultancy-services-4445244229,Power BI Developer,Tata Consultancy Services,posted,2026-07-28T21:52:32.952832,1720
bd43281bab277b19,https://uy.linkedin.com/jobs/view/sales-coordinator-at-nexum-consulting-4443290290,Sales Coordinator,,scraped,2026-07-28T21:52:35.512214,
29cfc7d9e4bdd8df,https://uy.linkedin.com/jobs/view/ejecutivo-comercial-at-oxygeno-4443286714,Ejecutivo comercial,,scraped,2026-07-28T21:52:48.301177,
c5146e5428bd839a,https://uy.linkedin.com/jobs/view/desarrollador-de-sw-2-at-sonda-4445953014,Desarrollador de SW 2,,scraped,2026-07-28T21:53:02.846990,
2b388ede53b74cbe,https://uy.linkedin.com/jobs/view/contable-superior-zona-franca-at-andersen-in-uruguay-4443631223,Contable Superior - Zona Franca,Andersen in Uruguay,posted,2026-07-28T21:53:21.518557,1722
0e51c1d8ad67d9c6,https://uy.linkedin.com/jobs/view/ejecutivo-a-de-ventas-%E2%80%93-agencia-de-viajes-at-mac-travel-sports-4441807398,Ejecutivo/a de Ventas – Agencia de Viajes,Mac Travel Sports,posted,2026-07-28T21:53:30.713457,1724
2e13ffe29f67a365,https://uy.linkedin.com/jobs/view/principal-consultant-at-oracle-4443214604,Principal Consultant,Oracle,posted,2026-07-28T21:53:39.348088,1726
c29798632147c9b9,https://uy.linkedin.com/jobs/view/ejecutiva-comercial-at-impulsarte-talento-humano-4442854778,Ejecutiva Comercial,Impulsarte Talento Humano,posted,2026-07-28T21:53:49.435968,1728
f5ad2e8fec8a7913,https://uy.linkedin.com/jobs/view/job-mit-sinn-dialoger-m-w-d-80-%E2%80%93-100%25-chf-210-tag-fix-%2B-bonus-studentjob-ch-at-jobster-4445132291,Job mit Sinn: Dialoger (m/w/d) (80 – 100%) CHF 210.-/Tag fix + Bonus - Studentjob.ch,,scraped,2026-07-28T21:53:51.991607,
639c5016100d472f,https://uy.linkedin.com/jobs/view/ingeniero-agrimensor-at-csi-4444495548,Ingeniero Agrimensor,,scraped,2026-07-28T21:54:01.897775,
7ec60705990351b8,https://uy.linkedin.com/jobs/view/consultor-a-funcional-odoo-at-kreilabs-4443632025,Consultor/a funcional Odoo,,scraped,2026-07-28T21:54:12.784089,
8cb742cd6db4df11,https://uy.linkedin.com/jobs/view/corporate-travel-and-mobility-agent-remote-work-at-bairesdev-4445733579,Corporate Travel and Mobility Agent - Remote Work,BairesDev,posted,2026-07-28T21:54:23.905459,579
493515080fbc1dc8,https://uy.linkedin.com/jobs/view/senior-automation-tester-in-js-at-epam-systems-4443270173,Senior Automation Tester in JS,EPAM Systems,posted,2026-07-28T21:54:32.190596,1730
1ab0c411ac8ebccd,https://uy.linkedin.com/jobs/view/heimarbeit-verdiene-geld-mit-umfragen-in-der-marktforschung-studentjob-ch-at-jobster-4445121842,Heimarbeit -Verdiene Geld mit Umfragen in der MARKTFORSCHUNG - Studentjob.ch,Jobster,posted,2026-07-28T21:55:21.699910,1732
c17e8c5793c5cd99,https://uy.linkedin.com/jobs/view/sr-java-software-engineer-at-monnet-payments-4446314620,Sr Java Software Engineer,,scraped,2026-07-28T21:55:26.285631,
0b3bcb66a004f43b,https://uy.linkedin.com/jobs/view/servicenow-developer-remote-work-at-bairesdev-4445140911,ServiceNow Developer - Remote Work,BairesDev,posted,2026-07-28T21:55:41.445873,1734
d8a0276602012441,https://uy.linkedin.com/jobs/view/ejecutivo-de-ventas-colonia-at-m%C3%A1s-ventas-4444717288,Ejecutivo de Ventas - COLONIA,Más Ventas,posted,2026-07-28T21:55:51.190650,1736
ba162fa247240ac1,https://uy.linkedin.com/jobs/view/servicenow-developer-cmdb-at-rivka-development-4442859981,ServiceNow Developer CMDB,Rivka,posted,2026-07-28T21:56:05.218100,1738
9134887b6dbb48c5,https://uy.linkedin.com/jobs/view/fullstack-java-%2B-react-technical-leader-trabajo-remoto-at-bairesdev-4445752007,FullStack Java + React Technical Leader - Trabajo Remoto,BairesDev,posted,2026-07-28T21:56:10.023401,439
56184f791232745b,https://uy.linkedin.com/jobs/view/senior-software-engineer-sports-media-at-sportradar-4445963283,Senior Software Engineer (Sports Media),,scraped,2026-07-28T21:56:14.563363,
fed8b9b31b85a1a2,https://uy.linkedin.com/jobs/view/senior-qa-automation-mobile-testing-engineer-remote-work-at-bairesdev-4445769174,Senior QA Automation & Mobile Testing Engineer - Remote Work,BairesDev,posted,2026-07-28T21:56:27.692859,1740
ed6f538862d68743,https://uy.linkedin.com/jobs/view/qa-automation-sdet-%2B-java-technical-leader-remote-work-at-bairesdev-4445764631,QA Automation/SDET + Java Technical Leader - Remote Work,BairesDev,posted,2026-07-28T21:56:35.766395,1742
c4974b45b11bbc39,https://uy.linkedin.com/jobs/view/senior-c%2B%2B-impala-engineer-remote-work-at-bairesdev-4445766890,Senior C++ & Impala Engineer - Remote Work,BairesDev,posted,2026-07-28T21:56:45.642306,1744
22b458fe787f3176,https://uy.linkedin.com/jobs/view/structural-bim-technical-expert-civil-structural-engineer-structural-bim-qa-qc-constructability-vendor-model-remote-latam-at-eng-4445336855,"Structural BIM Technical Expert (Civil/Structural Engineer) | Structural BIM, QA/QC & Constructability | Vendor Model | Remote LATAM",ENG,posted,2026-07-28T21:56:55.703536,1746
b1da9576495169a1,https://uy.linkedin.com/jobs/view/senior-software-engineer-control-plane-%2B-orchestration-remote-latin-america-at-fullstack-4444997297,Senior Software Engineer (Control Plane + Orchestration) - Remote - Latin America,FullStack,posted,2026-07-28T21:57:06.992419,1748
0f74bff785b5224e,https://uy.linkedin.com/jobs/view/agentic-aws-devops-engineer-remote-latin-america-at-fullstack-4407576831,Agentic AWS DevOps Engineer - Remote - Latin America,FullStack,posted,2026-07-28T21:57:11.853967,51
87a3171dcc966188,https://uy.linkedin.com/jobs/view/senior-software-engineer-control-plane-%2B-orchestration-remote-latin-america-at-fullstack-4444995318,Senior Software Engineer (Control Plane + Orchestration) - Remote - Latin America,FullStack,posted,2026-07-28T21:57:21.703947,1750
7b69f4d166ee0ccb,https://uy.linkedin.com/jobs/view/senior-software-engineer-control-plane-%2B-orchestration-remote-latin-america-at-fullstack-4444987635,Senior Software Engineer (Control Plane + Orchestration) - Remote - Latin America,FullStack,posted,2026-07-28T21:57:31.795661,1752
9d55a060f556e7d8,https://uy.linkedin.com/jobs/view/platform-software-engineer-kubernetes-remote-latin-america-at-fullstack-4445257280,Platform Software Engineer (Kubernetes) - Remote - Latin America,FullStack,posted,2026-07-28T21:57:41.391342,1754
c6f4c6a0859797cc,https://uy.linkedin.com/jobs/view/senior-software-engineer-control-plane-%2B-orchestration-remote-latin-america-at-fullstack-4444994331,Senior Software Engineer (Control Plane + Orchestration) - Remote - Latin America,FullStack,posted,2026-07-28T21:57:50.862697,1756
4467b21707a8040b,https://uy.linkedin.com/jobs/view/platform-software-engineer-kubernetes-remote-latin-america-at-fullstack-4445250602,Platform Software Engineer (Kubernetes) - Remote - Latin America,FullStack,posted,2026-07-28T21:57:56.090731,1754
06fe69431726da4f,https://uy.linkedin.com/jobs/view/senior-software-engineer-control-plane-%2B-orchestration-remote-latin-america-at-fullstack-4445205004,Senior Software Engineer (Control Plane + Orchestration) - Remote - Latin America,FullStack,posted,2026-07-28T21:58:05.876428,1758
9ca224f7ff32b51c,https://uy.linkedin.com/jobs/view/senior-software-engineer-control-plane-%2B-orchestration-remote-latin-america-at-fullstack-4444995315,Senior Software Engineer (Control Plane + Orchestration) - Remote - Latin America,FullStack,posted,2026-07-28T21:58:15.444240,1760
da99ba3ef3d42432,https://uy.linkedin.com/jobs/view/senior-engineering-manager-frontend-pro-at-kraken-4418801662,Senior Engineering Manager - Frontend - Pro,Kraken,posted,2026-07-28T21:58:23.894367,1762
9ce93d4cd09b0652,https://uy.linkedin.com/jobs/view/cajero-reponedor-para-trabajar-el-25-8-at-auren-uruguay-4443283229,Cajero Reponedor para trabajar el 25/8,,scraped,2026-07-29T20:37:50.502462,
53d60334b53b24b1,https://uy.linkedin.com/jobs/view/vendedor-de-tienda-montevideo-at-sunfer-4446532673,Vendedor de Tienda - Montevideo,,scraped,2026-07-29T20:37:58.740085,
d005dad738987f87,https://uy.linkedin.com/jobs/view/asesor-a-de-ventas-montevideo-uruguay-at-pr%C3%BCne-4443631828,"Asesor/a de Ventas - Montevideo, Uruguay",,scraped,2026-07-29T20:38:09.596107,
d3c249690a56e7d3,https://uy.linkedin.com/jobs/view/asistente-t%C3%A9cnico-de-arquitectura-at-auren-uruguay-4446519069,Asistente Técnico de Arquitectura,,scraped,2026-07-29T20:38:17.893987,
82713b75ba443e64,https://uy.linkedin.com/jobs/view/jefe-de-producci%C3%B3n-at-montevideo-refrescos-srl-coca-cola-uruguay-4443616414,Jefe de Producción,Montevideo Refrescos SRL (Coca-Cola Uruguay),posted,2026-07-29T20:38:34.965243,1764
497f514c4942fd4f,https://uy.linkedin.com/jobs/view/freelance-grabaci%C3%B3n-de-tareas-cotidianas-para-proyecto-de-ia-at-mindrift-data-annotation-projects-4446315889,Freelance: grabación de tareas cotidianas para proyecto de IA,Mindrift Data Annotation Projects,posted,2026-07-29T20:38:46.681808,1766
e5d406c6d8e2bf92,https://uy.linkedin.com/jobs/view/telemarketers-para-call-center-at-teleservicios-4446526758,Telemarketers para Call Center,,scraped,2026-07-29T20:38:51.322983,
39d263406f8f4081,https://uy.linkedin.com/jobs/view/agentes-de-viajes-at-work-office-4446542141,Agentes de Viajes,,scraped,2026-07-29T20:38:58.401709,
105ff6c80feef1ee,https://uy.linkedin.com/jobs/view/encargado-a-de-log%C3%ADstica-y-abastecimiento-at-randstad-uruguay-4444160090,Encargado/a de Logística y Abastecimiento,,scraped,2026-07-29T20:39:08.819232,
a8f9c310d8d2e78f,https://uy.linkedin.com/jobs/view/t%C3%A9cnico-soporte-1a-at-sonda-4446377350,Técnico Soporte 1A,,scraped,2026-07-29T20:39:17.663120,
77b9a9c14a067bde,https://uy.linkedin.com/jobs/view/tecn%C3%B3logo-industrial-mec%C3%A1nico-at-estilo-srl-4445287434,Tecnólogo industrial mecánico,Estilo SRL,posted,2026-07-29T20:39:31.950225,1768
08393ea0b6b67aa0,https://uy.linkedin.com/jobs/view/jefe-de-producci%C3%B3n-at-coca-cola-femsa-4445736529,Jefe de producción,,scraped,2026-07-29T20:39:36.508666,
78d8968c78d90715,https://uy.linkedin.com/jobs/view/analista-jr-de-procesos-control-y-gesti%C3%B3n-at-abitab-s-a-4446098472,"Analista Jr de procesos, control y gestión",Abitab S.A.,posted,2026-07-29T20:39:55.084437,1770
ff9b418aed49a090,https://uy.linkedin.com/jobs/view/staffing-fronters-consultant-remote-work-at-bairesdev-4446437047,Staffing Fronters Consultant - Remote Work,BairesDev,posted,2026-07-29T20:39:59.776489,445
4980a1e00475add8,https://uy.linkedin.com/jobs/view/executive-recruiter-remote-work-at-bairesdev-4446419345,Executive Recruiter - Remote Work,BairesDev,posted,2026-07-29T20:40:08.160384,1772
35a708f59008e2d7,https://uy.linkedin.com/jobs/view/accounting-analyst-at-evertec-4446520069,Accounting Analyst,Evertec,posted,2026-07-29T20:40:21.530312,1774
d0b7ef110a042b28,https://uy.linkedin.com/jobs/view/paid-media-specialist-at-pancham-4446418328,Paid Media Specialist,Pancham,posted,2026-07-29T20:40:29.182356,1776
ece3b8497dc3ffa9,https://uy.linkedin.com/jobs/view/bilingual-recruiter-english-spanish-at-gs-international-recruitment-4444146015,Bilingual Recruiter (English & Spanish),GS International Recruitment,posted,2026-07-29T20:40:45.096617,1778
dadd6c7c37fe79e5,https://uy.linkedin.com/jobs/view/data-center-technician-english-at-google-4443252787,Data Center Technician (English),Google,posted,2026-07-29T20:40:53.734743,1780
e4f58798fbde2f35,https://uy.linkedin.com/jobs/view/%D0%BC%D0%B5%D0%BD%D0%B5%D0%B4%D0%B6%D0%B5%D1%80-%D0%BF%D0%BE-%D0%BF%D1%80%D0%BE%D0%B4%D0%B0%D0%B6%D0%B0%D0%BC-%D0%B22%D0%B2-at-rim-mediagroup-4444102329,Менеджер по продажам В2В,,scraped,2026-07-29T20:40:56.508741,
d52e4579fab76953,https://uy.linkedin.com/jobs/view/jefe-de-personal-ti-trabajo-remoto-at-bairesdev-4445145845,Jefe de Personal TI - Trabajo Remoto,BairesDev,posted,2026-07-29T20:41:11.436071,1782
ffd44f642cf4c788,https://uy.linkedin.com/jobs/view/analytics-bi-engineer-at-sunnydata-4446105919,Analytics (BI) Engineer,SunnyData,posted,2026-07-29T20:41:21.325739,1784
3ca4b69974356481,https://uy.linkedin.com/jobs/view/t%C3%A9l%C3%A9travail-r%C3%A9pondez-%C3%A0-des-sondages-studentjob-ch-at-jobster-4445122518,Télétravail: Répondez à des sondages - Studentjob.ch,,scraped,2026-07-29T20:41:23.809564,
08b6f3239beca1f9,https://uy.linkedin.com/jobs/view/accountant-real-estate-qbo-experience-at-howard-4446555975,Accountant (Real Estate - QBO experience),Howard,posted,2026-07-29T20:41:40.580044,1786
50b63c81040d7474,https://uy.linkedin.com/jobs/view/jefe-de-producci%C3%B3n-at-danone-4446834445,Jefe de Producción,,scraped,2026-07-29T20:41:42.957821,
a1fd102ea4d058d9,https://uy.linkedin.com/jobs/view/data-analyst-at-wild-fi-4444171105,Data Analyst,,scraped,2026-07-29T20:41:49.837559,
4f655b162b130e45,https://uy.linkedin.com/jobs/view/%C2%A1s%C3%BAmate-a-nuestro-equipo%21-mozo-para-local-en-punta-carretas-shopping-at-iber-4445378079,¡Súmate a nuestro equipo! Mozo para local en Punta Carretas Shopping,,scraped,2026-07-29T20:41:56.622980,
070d37f49c70ed2d,https://uy.linkedin.com/jobs/view/she-specialist-at-nestl%C3%A9-4446832365,SHE Specialist,Nestlé,posted,2026-07-29T20:42:29.282472,1788
8ed95e40efdd14ed,https://uy.linkedin.com/jobs/view/analista-senior-comercial-para-segmento-inmobiliario-marketplace-vis-at-mercado-libre-4441097064,Analista Senior Comercial para Segmento Inmobiliario - Marketplace VIS,,scraped,2026-07-29T20:42:35.920010,
7d9e77b87819e274,https://uy.linkedin.com/jobs/view/auxiliar-administrativo-dep%C3%B3sito-maldonado-at-bosch-y-cia-4446401383,Auxiliar Administrativo Depósito (Maldonado),,scraped,2026-07-29T20:42:42.352229,
d38f732f81ca2350,https://uy.linkedin.com/jobs/view/analista-de-finanzas-at-adm-4443454169,Analista de Finanzas,ADM,posted,2026-07-29T20:42:57.989526,1790
57c775dc6156bc60,https://uy.linkedin.com/jobs/view/software-specialist-at-alabama-solutions-4443612378,Software Specialist,Alabama Solutions,posted,2026-07-29T20:43:10.675551,1792
7aa4c508b8f6c374,https://www.linkedin.com/jobs/view/2027/,837Senior Business Intelligence Consultant Jobs in United States,,failed|wp_post_failed,2026-07-29T20:43:15.186859,
4ac781be08068230,https://uy.linkedin.com/jobs/view/compliance-ops-lead-uruguay-at-prex-4438243748,Compliance Ops Lead Uruguay,,scraped,2026-07-29T20:43:19.814004,
9cfee16930a16fcc,https://uy.linkedin.com/jobs/view/head-of-platform-engineering-at-dlocal-4446397815,Head of Platform Engineering,,scraped,2026-07-29T20:43:30.547388,
624f07b80fc171f4,https://uy.linkedin.com/jobs/view/python-engineer-freelance-ai-trainer-at-mindrift-4446809709,Python Engineer - Freelance AI Trainer,Mindrift,posted,2026-07-29T20:43:40.047609,1620
82ac3996d2543c76,https://uy.linkedin.com/jobs/view/mid-level-data-engineer-at-sunnydata-4446183298,Mid-level Data Engineer,SunnyData,posted,2026-07-29T20:43:55.144411,1794
f6adbe7ab531653e,https://uy.linkedin.com/jobs/view/solutions-architect-at-sunnydata-4446850721,Solutions Architect,SunnyData,posted,2026-07-29T20:44:05.633617,1796
239ffb28a3c73caa,https://uy.linkedin.com/jobs/view/lead-data-scientist-at-epam-systems-4438496031,Lead Data Scientist,EPAM Systems,posted,2026-07-29T20:44:13.866688,1798
8b07df7b5be17e71,https://uy.linkedin.com/jobs/view/analista-de-operaciones-at-swb-agente-de-valores-4443278944,Analista de Operaciones,,scraped,2026-07-29T20:44:16.709008,
babad25b359d6d0f,https://uy.linkedin.com/jobs/view/security-compliance-analyst-at-scale-up-recruiting-partners-4444338031,Security Compliance Analyst,Scale Up Recruiting Partners,posted,2026-07-29T20:44:31.869492,1800
d4e7211eea268379,https://uy.linkedin.com/jobs/view/analista-de-operaciones-turno-noche-mercado-env%C3%ADos-at-lato-jobs-4445703382,Analista de Operaciones Turno Noche - Mercado Envíos,,scraped,2026-07-29T20:44:34.458678,
1f77531371128924,https://uy.linkedin.com/jobs/view/administrador-de-infraestructura-y-seguridad-at-talenter-4446817280,Administrador de infraestructura y seguridad,,scraped,2026-07-29T20:44:41.406610,
91a75441eda5b5fd,https://uy.linkedin.com/jobs/view/contador-a-control-financiero-regional-at-zonamerica-4442882389,Contador/a - Control Financiero Regional,,scraped,2026-07-29T20:44:48.609340,
937d4192a4d8917e,https://uy.linkedin.com/jobs/view/ex-analyst-at-cintrifuse-capital-4446162606,EX Analyst,Cintrifuse Capital,posted,2026-07-29T20:45:07.197366,1802
dc77d3b1ba2d7988,https://uy.linkedin.com/jobs/view/gesucht-teilnehmer-f%C3%BCr-bezahlte-studien-studentjob-ch-at-jobster-4445114971,Gesucht: Teilnehmer für bezahlte Studien - Studentjob.ch,,scraped,2026-07-29T20:45:11.663997,
7716e2416acea1df,https://uy.linkedin.com/jobs/view/technical-business-analyst-at-round-table-devops-series-%23rtdos-4445421914,technical business analyst,,scraped,2026-07-29T20:45:19.375318,
e48c51acf17234b9,https://uy.linkedin.com/jobs/view/analista-senior-comercial-para-segmento-inmobiliario-marketplace-vis-at-lato-jobs-4445936687,Analista Senior Comercial para Segmento Inmobiliario - Marketplace VIS,,scraped,2026-07-29T20:45:26.007107,
a35ddde100f76494,https://uy.linkedin.com/jobs/view/heimarbeit-homeoffice-mit-online-umfragen-geld-verdienen-von-%C3%BCberall%21-studentjob-ch-at-jobster-4445135085,Heimarbeit / Homeoffice: Mit online-Umfragen Geld verdienen von überall! - Studentjob.ch,,scraped,2026-07-29T20:45:32.360461,
cbe2768c81e55ec1,https://uy.linkedin.com/jobs/view/analista-de-ingenier%C3%ADa-de-datos-trabajo-remoto-at-bairesdev-4445167568,Analista de Ingeniería de Datos - Trabajo Remoto,BairesDev,posted,2026-07-29T20:45:54.143270,1804
7b12b168f9f0ff4f,https://uy.linkedin.com/jobs/view/scrum-master-remote-work-at-bairesdev-4446409061,Scrum Master - Remote Work,BairesDev,posted,2026-07-29T20:45:59.289353,341
82bde71312bae604,https://uy.linkedin.com/jobs/view/cost-analyst-jr-plazo-fijo-at-nestl%C3%A9-4446825598,Cost Analyst Jr. (Plazo Fijo),Nestlé,posted,2026-07-29T20:46:10.325048,1806
183f79050f04b228,https://uy.linkedin.com/jobs/view/business-analyst-financial-services-domain-at-tata-consultancy-services-4445239256,Business Analyst - Financial Services domain,Tata Consultancy Services,posted,2026-07-29T20:46:23.158277,1808
57f4be835d329412,https://uy.linkedin.com/jobs/view/asistente-de-desarrollo-y-comunicaci%C3%B3n-at-universidad-ort-uruguay-4443616288,Asistente de Desarrollo y Comunicación,Universidad ORT Uruguay,posted,2026-07-29T20:46:35.355637,1810
c94147b4833c67d5,https://uy.linkedin.com/jobs/view/pov-video-recording-job-cooking-cleaning-daily-tasks-at-mindrift-data-annotation-projects-4443272592,"POV Video Recording Job - Cooking, Cleaning, Daily Tasks",Mindrift Data Annotation Projects,posted,2026-07-29T20:46:40.282006,1508
283e1c2469e2940b,https://uy.linkedin.com/jobs/view/ejecutivo-a-comercial-atracci%C3%B3n-de-inversiones-aftercare-at-uruguay-xxi-4444184101,EJECUTIVO/A COMERCIAL  - Atracción de Inversiones & Aftercare.,,scraped,2026-07-29T20:46:44.844206,
744dbf89d61d0e87,https://uy.linkedin.com/jobs/view/convocatoria-acceso-libre-y-promoci%C3%B3n-interna-boe-9-7-2026-personal-laboral-fijo-grupos-profesionales-m2-m1-y-e2-sujetos-al-iv-convenio-colectivo-%C3%BAnico-at-secretar%C3%ADa-de-estado-de-turismo-4445782750,"Convocatoria acceso libre y promoción interna BOE 9-7-2026, personal laboral fijo, grupos profesionales M2, M1 y E2, sujetos al IV Convenio colectivo único",,scraped,2026-07-29T20:46:53.369473,
457fcc6d4c6e22f9,https://uy.linkedin.com/jobs/view/el-poder-emocional-del-docente-at-universidad-y-colegio-alzate-4444162183,EL PODER EMOCIONAL DEL DOCENTE,,scraped,2026-07-29T20:47:02.226420,
fe36c000f8cd68a2,https://uy.linkedin.com/jobs/view/desarrollador-node-js-trabajo-remoto-at-bairesdev-4445159979,Desarrollador Node.js - Trabajo Remoto,BairesDev,posted,2026-07-29T20:47:25.704827,1812
513f22d06b006934,https://uy.linkedin.com/jobs/view/desarrollador-c-c%2B%2B-trabajo-remoto-at-bairesdev-4445169263,Desarrollador C/C++ - Trabajo Remoto,BairesDev,posted,2026-07-29T20:47:34.079350,1814
5bb4f909fec38115,https://uy.linkedin.com/jobs/view/fletero-a-con-veh%C3%ADculo-propio-at-flety-4443648077,Fletero/a con vehículo propio,Flety,posted,2026-07-29T20:47:43.578245,1816
a155537041c407f1,https://uy.linkedin.com/jobs/view/tecn%C3%B3logo-a-qu%C3%ADmico-turnos-rotativos-villa-aeroparque-at-manpowergroup-uruguay-4442881234,Tecnólogo/a Químico (turnos rotativos) / Villa Aeroparque,,scraped,2026-07-29T20:47:47.902299,
e81aca52b7dcab4a,https://uy.linkedin.com/jobs/view/einfach-mit-umfragen-geld-verdienen-mit-toluna-studentjob-ch-at-jobster-4444897759,"Einfach mit Umfragen Geld verdienen, mit Toluna - Studentjob.ch",,scraped,2026-07-29T20:47:54.598285,
a8d319c2a60fdbad,https://uy.linkedin.com/jobs/view/coordinador-a-de-exhibiciones-retail-con-ingl%C3%A9s-avanzado-at-manpowergroup-uruguay-4441841295,Coordinador/a de exhibiciones retail con inglés avanzado,,scraped,2026-07-29T20:48:02.577842,
64b87e939eb8543b,https://uy.linkedin.com/jobs/view/ejecutiva-comercial-at-impulsarte-talento-humano-4356632347,Ejecutiva Comercial,Impulsarte Talento Humano,posted,2026-07-29T20:48:12.930704,1728
2d2f472e3557a60a,https://uy.linkedin.com/jobs/view/verdiene-geld-von-zuhause-aus-nebenjob-im-home-office-mit-umfragen-studentjob-ch-at-jobster-4445102322,Verdiene Geld von Zuhause aus: Nebenjob im Home Office mit Umfragen - Studentjob.ch,,scraped,2026-07-29T20:48:15.471992,
e5f211d55c84124f,https://uy.linkedin.com/jobs/view/robot-reliability-engineer-remote-work-at-bairesdev-4446401416,Robot Reliability Engineer - Remote Work,BairesDev,posted,2026-07-29T20:48:30.827852,1818
1a62d8dd511f3faf,https://uy.linkedin.com/jobs/view/home-office-ihre-meinung-ist-wertvoll-%E2%80%93-lassen-sie-sich-daf%C3%BCr-belohnen%21-studentjob-ch-at-jobster-4445112877,Home Office: Ihre Meinung ist wertvoll – lassen Sie sich dafür belohnen! - Studentjob.ch,,scraped,2026-07-29T20:48:35.394497,
3b6bf7e007dabd87,https://uy.linkedin.com/jobs/view/home-office-ihre-meinung-ist-wertvoll-%E2%80%93-lassen-sie-sich-daf%C3%BCr-belohnen%21-studentjob-ch-at-jobster-4445111364,Home Office: Ihre Meinung ist wertvoll – lassen Sie sich dafür belohnen! - Studentjob.ch,,scraped,2026-07-29T20:48:43.526248,
3658fd325e120b3e,https://uy.linkedin.com/jobs/view/postgresql-database-engineer-at-altenar-4444938327,PostgreSQL Database Engineer,,scraped,2026-07-29T20:48:55.239978,
c77fd6270f0d2784,https://uy.linkedin.com/jobs/view/salesforce-qa-engineer-at-hikko-4445950410,Salesforce QA Engineer,Hikko,posted,2026-07-29T20:49:10.602259,1820
674ce41ecbdd7096,https://uy.linkedin.com/jobs/view/agente-de-vendas-portugues-at-travel-%2B-leisure-co-4446159725,Agente de Vendas Portugues,Travel + Leisure Co.,posted,2026-07-29T20:49:19.464069,1822
9d4b8c406a46e999,https://uy.linkedin.com/jobs/view/database-engineer-remote-work-at-bairesdev-4445153579,Database Engineer - Remote Work,BairesDev,posted,2026-07-29T20:49:29.911944,1824
6de474b2b4ad784d,https://uy.linkedin.com/jobs/view/screening-operations-specialist-at-toptal-4445635436,Screening Operations Specialist,Toptal,posted,2026-07-29T20:49:38.104248,1826
c1d705f9626002c5,https://uy.linkedin.com/jobs/view/manager-of-systems-automation-at-blend-4445978408,Manager of Systems & Automation,Blend,posted,2026-07-29T20:49:46.664863,1828
f0eddcab933c1c58,https://uy.linkedin.com/jobs/view/senior-react-native-developer-remote-work-ref%23296557-at-bairesdev-4435342302,Senior React Native Developer - Remote Work | REF#296557,BairesDev,posted,2026-07-29T20:49:54.323369,1830
d7b70aa1dda1f45f,https://uy.linkedin.com/jobs/view/bim-team-leader-mep-at-eng-4446829118,BIM Team Leader MEP,ENG,posted,2026-07-29T20:50:06.542737,1832
fe459d08813075e9,https://uy.linkedin.com/jobs/view/splunk-engineer-trabajo-remoto-at-bairesdev-4446849288,Splunk Engineer - Trabajo Remoto,BairesDev,posted,2026-07-29T20:50:21.465383,1834
ebd6f8a4f9786352,https://uy.linkedin.com/jobs/view/aux-de-tienda-y-cajeros-mvd-shop-nuevocentro-portones-tres-cruces-at-unilam-4446452845,Aux. de Tienda y Cajeros (MVD shop/Nuevocentro/Portones/Tres Cruces),,scraped,2026-07-30T21:47:49.668723,
a41d23c5e9864973,https://uy.linkedin.com/jobs/view/auxiliares-de-tienda-y-cajeros-perfil-masculino-at-unilam-4446468743,Auxiliares de Tienda y Cajeros (PERFIL MASCULINO),,scraped,2026-07-30T21:47:59.380223,
1062296f078dbb34,https://uy.linkedin.com/jobs/view/recepcionista-vendedora-malvin-at-viaaqua-4445292246,Recepcionista-Vendedora- MALVIN,,scraped,2026-07-30T21:48:08.735191,
6ba9010d9842c09f,https://uy.linkedin.com/jobs/view/data-center-technician-i-english-at-google-4443254759,Data Center Technician I (English),Google,posted,2026-07-30T21:48:20.153840,1294
3d032ddad6b56f8d,https://uy.linkedin.com/jobs/view/brand-content-creator-video-editor-creative-agency-at-entrepreneur-cooperative-4445224837,Brand Content Creator & Video Editor - Creative Agency,Entrepreneur Cooperative,posted,2026-07-30T21:48:37.332933,1836
285ca3c307daaa15,https://uy.linkedin.com/jobs/view/asistente-banca-preferencial-banca-privada-at-btg-pactual-uruguay-4445036056,Asistente Banca Preferencial / Banca Privada,,scraped,2026-07-30T21:48:47.941440,
5027ed7269c02042,https://uy.linkedin.com/jobs/view/customer-accounts-advisor-at-aaron-sales-and-leasing-4446356763,Customer Accounts Advisor,Aaron Sales And Leasing,posted,2026-07-30T21:49:04.831763,1838
21a8bafdbb08e058,https://uy.linkedin.com/jobs/view/bereichsleitung-f-b-at-der-k%C3%A4rntnerhof-am-wei%C3%9Fensee-seehotel-seeapartments-direkt-am-see-4445139777,Bereichsleitung F&B,,scraped,2026-07-30T21:49:09.205042,
20ac4781e8fc84a2,https://uy.linkedin.com/jobs/view/management-accountant-at-impala-terminals-4446391815,Management Accountant,,scraped,2026-07-30T21:49:24.830090,
e115e122b1df26ca,https://uy.linkedin.com/jobs/view/vendedor-de-tienda-punta-del-este-maldonado-at-sunfer-4446466754,"Vendedor de Tienda - Punta del Este, Maldonado",,scraped,2026-07-30T21:49:31.835801,
8c370d297f3f0d3e,https://uy.linkedin.com/jobs/view/analista-contable-y-financiero-at-domus-global-4446079407,Analista Contable y Financiero,,scraped,2026-07-30T21:49:39.404927,
0e3ded1a48071e25,https://uy.linkedin.com/jobs/view/human-resources-specialist-at-internova-travel-group-4445023062,Human Resources Specialist,Internova Travel Group,posted,2026-07-30T21:49:49.353868,1122
a02e9f2b253aa8bd,https://uy.linkedin.com/jobs/view/analista-financiero-trabajo-remoto-at-bairesdev-4445170658,Analista Financiero - Trabajo Remoto,BairesDev,posted,2026-07-30T21:50:03.457955,1840
d15f02dfb96f5c08,https://uy.linkedin.com/jobs/view/asistente-de-gesti%C3%B3n-corporativa-at-craft-4446460021,ASISTENTE DE GESTIÓN CORPORATIVA,,scraped,2026-07-30T21:50:08.019182,
e39cdfecaaba3650,https://uy.linkedin.com/jobs/view/ux-ui-analyst-at-topaz-4441574331,UX/UI Analyst,Topaz,posted,2026-07-30T21:50:23.006955,1708
a4ab93b53ae28016,https://uy.linkedin.com/jobs/view/asistente-contable-at-entrust-servicios-profesionales-de-recursos-humanos-4442868455,Asistente Contable,,scraped,2026-07-30T21:50:25.556191,
adfdbcbfac29a8de,https://uy.linkedin.com/jobs/view/sales-development-representative-at-remofirst-4447040762,Sales Development Representative,RemoFirst,posted,2026-07-30T21:50:37.428579,1120
d9be5166bd86ae6b,https://uy.linkedin.com/jobs/view/technical-account-manager-uruguay-at-eron-international-4444060456,Technical Account Manager - Uruguay,ERON International,posted,2026-07-30T21:50:46.558044,1842
48caaf93501542e3,https://uy.linkedin.com/jobs/view/it-assistant-at-bestseller-4446517763,IT Assistant,,scraped,2026-07-30T21:50:49.264281,
a197989dfe37d3bc,https://uy.linkedin.com/jobs/view/office-manager-people-generalist-at-%2B%2Bhellohello-4446375526,Office Manager & People Generalist,,scraped,2026-07-30T21:50:56.136062,
b72e4c1650ed03f8,https://uy.linkedin.com/jobs/view/accountant-vacation-rental-industry-at-howard-4446557880,Accountant (Vacation Rental Industry),Howard,posted,2026-07-30T21:51:07.518415,123
4df1e1c953495115,https://uy.linkedin.com/jobs/view/especialista-l%C3%ADder-en-tecnolog%C3%ADa-de-la-informaci%C3%B3n-at-experis-uruguay-4444132145,Especialista Líder en Tecnología de la Información,,scraped,2026-07-30T21:51:10.269554,
6748476f36444ae9,https://uy.linkedin.com/jobs/view/agente-retail-at-dhl-express-4447096048,Agente Retail,DHL Express,posted,2026-07-30T21:51:25.999594,1844
634001c05ccd0330,https://uy.linkedin.com/jobs/view/project-manager-remote-work-at-bairesdev-4446421849,Project Manager - Remote Work,BairesDev,posted,2026-07-30T21:51:30.873163,471
bb7fd7dc2b728daa,https://uy.linkedin.com/jobs/view/chatbot-developer-whatsapp-telegram-discord-freelance-at-mindrift-4445612383,"Chatbot Developer (WhatsApp, Telegram, Discord) - Freelance",Mindrift,posted,2026-07-30T21:51:35.872392,1172
c42774806fd699e1,https://uy.linkedin.com/jobs/view/accountant-real-estate-qbo-experience-at-howard-4446728108,Accountant (Real Estate - QBO experience),Howard,posted,2026-07-30T21:51:40.749074,1786
423666b77b8fe0d0,https://uy.linkedin.com/jobs/view/homeoffice-mit-online-umfragen-geld-verdienen-von-%C3%BCberall%21-studentjob-ch-at-jobster-4444897709,Homeoffice: Mit online-Umfragen Geld verdienen von überall! - Studentjob.ch,,scraped,2026-07-30T21:51:43.410630,
b93a30d093e12cf3,https://uy.linkedin.com/jobs/view/auxiliar-tercero-at-forvis-mazars-in-uruguay-4443622564,Auxiliar Tercero,,scraped,2026-07-30T21:51:56.864928,
c453f787f8a6ef35,https://uy.linkedin.com/jobs/view/%D0%BC%D0%B5%D0%BD%D0%B5%D0%B4%D0%B6%D0%B5%D1%80-%D0%BF%D0%BE-%D0%BF%D1%80%D0%BE%D0%B4%D0%B0%D0%B6%D0%B0%D0%BC-b2b-%D1%81%D1%84%D0%B5%D1%80%D0%B0-%D1%80%D0%B5%D0%BA%D0%BB%D0%B0%D0%BC%D1%8B-at-rim-mediagroup-4444100363,Менеджер по продажам B2B (сфера рекламы),,scraped,2026-07-30T21:52:04.732005,
7b43cda3836020bf,https://uy.linkedin.com/jobs/view/responsable-de-compras-internacionales-y-desarrollo-de-proveedores-at-san-francisco-c-i-s-a-4444146125,Responsable de Compras Internacionales y Desarrollo de Proveedores,,scraped,2026-07-30T21:52:14.473449,
87e07758ac3f9cc6,https://uy.linkedin.com/jobs/view/encargado-de-tienda-at-emporio-de-los-s%C3%A1ndwiches-4443617817,Encargado de tienda,,scraped,2026-07-30T21:52:22.724445,
07f8d9d483256b79,https://uy.linkedin.com/jobs/view/analista-de-soporte-al-cliente-at-luk-hr-4446427127,Analista de Soporte al Cliente,,scraped,2026-07-30T21:52:31.230481,
833768e29279a33f,https://uy.linkedin.com/jobs/view/vendedor-a-de-sal%C3%B3n-at-manpowergroup-4445039814,Vendedor/a de salón,ManpowerGroup,posted,2026-07-30T21:52:48.700390,1846
1ee0aaa142940b1e,https://uy.linkedin.com/jobs/view/jefe-a-de-importaciones-at-confidencial-4445041135,Jefe/a de Importaciones,Confidencial,posted,2026-07-30T21:52:58.041061,1848
8fd1dcff73bb23ac,https://uy.linkedin.com/jobs/view/senior-communications-business-partner-latam-at-roche-4446484927,Senior Communications Business Partner - LATAM,,scraped,2026-07-30T21:53:00.636074,
5d48b4c3dd5dc6b2,https://uy.linkedin.com/jobs/view/facility-assistant-at-jll-4444521428,Facility Assistant,JLL,posted,2026-07-30T21:53:14.699964,1850
efd573e0ef11fa67,https://uy.linkedin.com/jobs/view/drafter-asistente-t%C3%A9cnico-%E2%80%93-land-development-at-csi-4446371685,Drafter / Asistente Técnico – Land Development,,scraped,2026-07-30T21:53:25.397448,
2220dd91cb3a55b0,https://uy.linkedin.com/jobs/view/scrum-master-trabajo-remoto-at-bairesdev-4445140886,Scrum Master - Trabajo Remoto,BairesDev,posted,2026-07-30T21:53:50.119704,1852
7e354a4911c5c004,https://uy.linkedin.com/jobs/view/office-of-the-ceo-analyst-remote-work-at-bairesdev-4445759478,Office of the CEO Analyst - Remote Work,BairesDev,posted,2026-07-30T21:54:01.046379,419
5f0accf77e4c2b0e,https://uy.linkedin.com/jobs/view/ml-engineer-remote-work-at-bairesdev-4445177076,ML Engineer - Remote Work,BairesDev,posted,2026-07-30T21:54:08.083007,1480
171ac6ccaf51b574,https://uy.linkedin.com/jobs/view/java-developer-at-tata-consultancy-services-4445253025,Java Developer,Tata Consultancy Services,posted,2026-07-30T21:54:20.999030,1854
54f1b2f511b3c1c6,https://uy.linkedin.com/jobs/view/desarrollador-android-kotlin-trabajo-remoto-at-bairesdev-4445170276,Desarrollador Android (Kotlin) - Trabajo Remoto,BairesDev,posted,2026-07-30T21:54:33.813904,1856
25f62190c6890572,https://uy.linkedin.com/jobs/view/golang-developer-trabajo-remoto-at-bairesdev-4445159795,Golang Developer - Trabajo Remoto,BairesDev,posted,2026-07-30T21:54:42.522110,1858
38fc932a15ddab7c,https://uy.linkedin.com/jobs/view/desarrollador-salesforce-trabajo-remoto-at-bairesdev-4446407482,Desarrollador Salesforce - Trabajo Remoto,BairesDev,posted,2026-07-30T21:54:51.708220,1860
934fccfa0e26f153,https://uy.linkedin.com/jobs/view/staff-data-scientist-marketing-at-launch-potato-4446747186,"Staff Data Scientist, Marketing",Launch Potato,posted,2026-07-30T21:55:06.075177,1862
8d9c1c623d52ec52,https://uy.linkedin.com/jobs/view/administrative-assistant-at-integer-holdings-corporation-4446875632,Administrative assistant,Integer Holdings Corporation,posted,2026-07-30T21:55:17.062505,1416
168c10a250d97a3f,https://uy.linkedin.com/jobs/view/desarrollador-m%C3%B3vil-kotlin-trabajo-remoto-at-bairesdev-4445164848,Desarrollador Móvil  Kotlin - Trabajo Remoto,BairesDev,posted,2026-07-30T21:55:26.399058,1864
31d9a8fcaf450a7b,https://uy.linkedin.com/jobs/view/lead-data-scientist-adtech-at-launch-potato-4446734282,"Lead Data Scientist, AdTech",Launch Potato,posted,2026-07-30T21:55:37.481810,1866
d7082f8ba4405b8a,https://uy.linkedin.com/jobs/view/business-executive-at-ai-world-congress-4445935834,Business Executive,America Digital,posted,2026-07-30T21:55:56.707599,1868
1c3e3c52e3dea79e,https://uy.linkedin.com/jobs/view/software-engineer-at-lightspeed-dms-4444131568,Software Engineer,Lightspeed DMS,posted,2026-07-30T21:56:17.693775,1870
57dceb17f23310e7,https://uy.linkedin.com/jobs/view/t%C3%A9cnico-para-contratos-de-infraestructura-vial-at-kpmg-uruguay-4445240056,Técnico para Contratos de Infraestructura Vial,KPMG Uruguay,posted,2026-07-30T21:56:27.814343,1872
e447e6cee0c75213,https://uy.linkedin.com/jobs/view/analyst-quality-assurance-at-pormel-s-a-4443612736,Analyst Quality Assurance,Pormel S.A.,posted,2026-07-30T21:56:37.105351,1874
31e9814d93c1af64,https://uy.linkedin.com/jobs/view/asistente-administrativo-contable-at-foxsys-4441835557,Asistente administrativo contable,,scraped,2026-07-30T21:56:41.625663,
7d1a947500f24629,https://uy.linkedin.com/jobs/view/ex-analyst-at-perceptyx-4445301481,EX Analyst,Perceptyx,posted,2026-07-30T21:56:52.128197,1802
337289c2520967d7,https://uy.linkedin.com/jobs/view/asistente-atracci%C3%B3n-de-inversiones-aftercare-at-uruguay-xxi-4444139951,ASISTENTE - Atracción de Inversiones & Aftercare.,,scraped,2026-07-30T21:56:54.867258,
356e5d73a7f889b8,https://uy.linkedin.com/jobs/view/m%C3%A9dico-general-para-telemedicina-con-portugu%C3%A9s-at-eumedical-4444114574,Médico general para telemedicina con portugués,,scraped,2026-07-30T21:57:02.926593,
34931447fef7ea46,https://uy.linkedin.com/jobs/view/lead-data-engineer-microsoft-fabric-at-blend-4445211237,Lead Data Engineer (Microsoft Fabric),Blend,posted,2026-07-30T21:57:15.824494,1876
f9f6d4557c8282b9,https://uy.linkedin.com/jobs/view/director-a-de-entidad-de-certificaci%C3%B3n-iso-at-staregister-international-management-system-certification-4445498212,Director/a de Entidad de Certificación ISO,"STAREGISTER International, Management System Certification",posted,2026-07-30T21:57:26.381463,1878
13d08f85e2b4d3dc,https://uy.linkedin.com/jobs/view/ingeniero-de-qa-de-software-trabajo-remoto-at-bairesdev-4445195440,Ingeniero de QA de Software - Trabajo Remoto,BairesDev,posted,2026-07-30T21:57:34.943371,1880
692464e2c29b64d2,https://uy.linkedin.com/jobs/view/product-technology-consultant-at-sabre-4446444509,Product Technology Consultant,Sabre,posted,2026-07-30T21:57:43.757346,1882
589d336108befa4b,https://uy.linkedin.com/jobs/view/profesionales-y-t%C3%A9cnicos-para-centro-interdisciplinario-en-san-jose-de-mayo-at-consultora-citrino-4444166015,Profesionales y Técnicos para Centro Interdisciplinario en San Jose de Mayo,,scraped,2026-07-30T21:57:56.202292,
ff6de1da6df11c93,https://uy.linkedin.com/jobs/view/it-support-analyst-sumate-al-equipo-de-soporte-e-infraestructura-at-practia-uruguay-4446513019,IT Support Analyst: Sumate al equipo de soporte e infraestructura,,scraped,2026-07-30T21:58:06.532195,
fc3e2e371485b5a5,https://uy.linkedin.com/jobs/view/asistente-contable-at-oxygeno-4445031621,Asistente contable,,scraped,2026-07-30T21:58:21.358339,
b0bf6c7bba18f809,https://uy.linkedin.com/jobs/view/auxiliar-de-ventas-de-fines-de-semana-atl%C3%A1ntico-shopping-at-only-brand-house-4445219665,Auxiliar de Ventas de fines de semana - Atlántico Shopping,,scraped,2026-07-30T21:58:29.973106,
f36b17bf13a61ec9,https://uy.linkedin.com/jobs/view/ingeniero-el%C3%A9ctrico-at-friedman-4443297506,Ingeniero eléctrico,,scraped,2026-07-30T21:58:37.541665,
cd0006d24c9946dd,https://uy.linkedin.com/jobs/view/semi-senior-net-full-stack-developer-at-kaizen-softworks-4447017727,Semi Senior .NET Full-Stack Developer,,scraped,2026-07-30T21:58:44.855167,
cd5fdc8f78959347,https://uy.linkedin.com/jobs/view/contador-para-departamento-de-auditor%C3%ADa-at-estudio-bonomi-4445960038,Contador para Departamento de Auditoría,,scraped,2026-07-30T21:58:51.567847,
0c9b4c60d7029670,https://uy.linkedin.com/jobs/view/pasante-de-finanzas-contabilidad-at-joyson-safety-systems-4445705708,Pasante de Finanzas - Contabilidad,Joyson Safety Systems,posted,2026-07-30T21:59:06.153905,1884
cce09974efe11448,https://uy.linkedin.com/jobs/view/contador-p%C3%BAblico-at-develop-recruiting-4442858882,Contador Público,Develop Recruiting,posted,2026-07-30T21:59:17.264368,1886
d2b4f17ba83e3af1,https://uy.linkedin.com/jobs/view/encargado-a-de-proyectos-de-inversi%C3%B3n-at-ss-proyectos-de-inversi%C3%B3n-4442881154,Encargado/a de Proyectos de Inversión.,,scraped,2026-07-30T21:59:19.928744,
f5e273ad7286ada8,https://uy.linkedin.com/jobs/view/fonoaudi%C3%B3loga-at-centro-interdisciplinario-de-rehabilitaci%C3%B3n-emocional-y-de-salud-mental-cisem-4442837610,Fonoaudióloga,Centro Interdisciplinario de Rehabilitación Emocional y de Salud Mental CISEM,posted,2026-07-30T21:59:37.476370,1888
f2e9cfd3d48dcb15,https://uy.linkedin.com/jobs/view/senior-business-intelligence-analyst-marketing-at-toptal-4437464225,"Senior Business Intelligence Analyst, Marketing",Toptal,posted,2026-07-30T21:59:45.266401,1890
66fcea2a21885d2f,https://uy.linkedin.com/jobs/view/staff-backend-for-frontend-node-nest-js-engineer-at-kake-4444593901,Staff Backend For Frontend (Node/Nest.js) Engineer,Kake,posted,2026-07-30T21:59:54.855803,1892
5c7381ea2bb4c901,https://uy.linkedin.com/jobs/view/agente-inmobiliario-independiente-con-experiencia-comercial-at-kw-one-talento-4446755993,Agente inmobiliario independiente con experiencia comercial,,scraped,2026-07-30T21:59:59.484410,
b1d4ea2fb492010d,https://uy.linkedin.com/jobs/view/ejecutivo-comercial-b2b-empresa-telecomunicaciones-y-servicios-ti-at-consultora-psicolab-4444175535,Ejecutivo Comercial B2B - Empresa Telecomunicaciones y Servicios TI,Consultora PsicoLab,posted,2026-07-30T22:00:09.323692,705
d3d1c9948da3a055,https://uy.linkedin.com/jobs/view/analista-contable-senior-at-advice-uruguay-4445037199,Analista Contable Senior,,scraped,2026-07-30T22:00:15.855713,
81de8bb7ffa216da,https://uy.linkedin.com/jobs/view/freelance-structural-technical-expert-civil-structural-engineer-global-projects-hourly-rate-at-eng-4445336855,Freelance Structural Technical Expert (Civil/Structural Engineer) / Global Projects- Hourly rate,ENG,posted,2026-07-30T22:00:34.077049,1894
9a2f223fce8714a4,https://uy.linkedin.com/jobs/view/asistente-t%C3%A9cnico-de-arquitectura-montevideo-at-aym-santa-lucia-4446918214,Asistente Técnico de Arquitectura Montevideo,AyM Santa Lucia,posted,2026-07-30T22:00:46.662301,1896
4c3ab77fab3f98ce,https://uy.linkedin.com/jobs/view/lead-ai-engineer-machine-learning-remote-work-at-bairesdev-4445757867,Lead AI Engineer (Machine Learning) - Remote Work,BairesDev,posted,2026-07-30T22:00:56.893559,1898
e5bb8a6e5bbbdb66,https://uy.linkedin.com/jobs/view/principal-data-engineer-remote-latin-america-at-fullstack-4436418968,Principal Data Engineer - Remote - Latin America,FullStack,posted,2026-07-30T22:01:02.205733,99
c19fdfa86538efd0,https://uy.linkedin.com/jobs/view/principal-data-engineer-remote-latin-america-at-fullstack-4436440038,Principal Data Engineer - Remote - Latin America,FullStack,posted,2026-07-30T22:01:07.089080,99
c217b8a67a997a72,https://uy.linkedin.com/jobs/view/ingeniero-php-trabajo-remoto-at-bairesdev-4446063475,Ingeniero PHP - Trabajo Remoto,BairesDev,posted,2026-07-30T22:01:16.759146,1900
d5a239b951652947,https://uy.linkedin.com/jobs/view/platform-software-engineer-kubernetes-remote-latin-america-at-fullstack-4445256305,Platform Software Engineer (Kubernetes) - Remote - Latin America,FullStack,posted,2026-07-30T22:01:27.662978,1754
bc86e864f4f0ba38,https://uy.linkedin.com/jobs/view/platform-software-engineer-kubernetes-remote-latin-america-at-fullstack-4445253446,Platform Software Engineer (Kubernetes) - Remote - Latin America,FullStack,posted,2026-07-30T22:01:34.818639,1754
025f60ff281bb74f,https://uy.linkedin.com/jobs/view/ingeniero-de-software-net-core-trabajo-remoto-at-bairesdev-4445143574,Ingeniero de Software .NET Core - Trabajo Remoto,BairesDev,posted,2026-07-30T22:01:44.285857,1902
3fafeabe826eeddb,https://uy.linkedin.com/jobs/view/senior-kubernetes-golang-engineer-remote-work-at-bairesdev-4445792002,Senior Kubernetes & Golang Engineer - Remote Work,BairesDev,posted,2026-07-30T22:01:54.313533,1904
eacd5a079e61c2af,https://uy.linkedin.com/jobs/view/r%C3%A9pondez-%C3%A0-des-enqu%C3%AAtes-de-chez-vous-pendant-votre-temps-libre-%21-studentjob-ch-at-jobster-4445111358,Répondez à des enquêtes de chez vous pendant votre temps libre ! - Studentjob.ch,Jobster,posted,2026-07-30T22:02:36.471747,1906
b33661a79be446e3,https://uy.linkedin.com/jobs/view/contador-a-control-financiero-at-zonamerica-4442882389,Contador/a - Control Financiero,,scraped,2026-07-30T22:02:53.058726,
128494a4f9e430ab,https://uy.linkedin.com/jobs/view/headshots-retoucher-at-headshots-com-4447254531,Headshots Retoucher,Headshots.com,posted,2026-07-31T20:53:58.322587,1908
251e703ed0934d39,https://uy.linkedin.com/jobs/view/chofer-con-experiencia-maldonado-at-tienda-inglesa-4446467812,Chofer con experiencia - Maldonado,Tienda Inglesa,posted,2026-07-31T20:54:11.065370,1910
2aba170e5ac47e1b,https://uy.linkedin.com/jobs/view/dispatch-coordinator-at-cs-outsource-4447159502,Dispatch Coordinator,CS Outsource,posted,2026-07-31T20:54:19.308987,1912
3808aa9524c3e015,https://uy.linkedin.com/jobs/view/responsable-de-alianzas-y-beneficios-at-rua-asistencia-4447255412,Responsable de Alianzas y Beneficios,,scraped,2026-07-31T20:54:33.908971,
43b3939aee57524f,https://uy.linkedin.com/jobs/view/supervisor-comercial-de-distribuidores-%E2%80%93-interior-at-forvis-mazars-in-uruguay-4445504981,Supervisor Comercial de Distribuidores – Interior,,scraped,2026-07-31T20:54:40.409466,
78bf77ccb170b65a,https://uy.linkedin.com/jobs/view/lider-de-mantenimiento-y-servicios-generales-at-ecotecno-4447247490,Lider de Mantenimiento y Servicios Generales,,scraped,2026-07-31T20:54:56.368187,
b93994602a58b653,https://uy.linkedin.com/jobs/view/ejecutivo-comercial-montevideo-at-capitaria-latam-4447538373,Ejecutivo comercial - Montevideo,,scraped,2026-07-31T20:55:10.678153,
fb50afed995c2819,https://uy.linkedin.com/jobs/view/presupuestador-senior-at-schmidt-4443631454,Presupuestador Senior,,scraped,2026-07-31T20:55:17.383238,
1505c59ceb9064e4,https://uy.linkedin.com/jobs/view/virtual-assistant-at-cs-outsource-4445433117,Virtual Assistant,CS Outsource,posted,2026-07-31T20:55:34.191745,383
fc0cd209faf8eacd,https://uy.linkedin.com/jobs/view/%D0%B7%D0%B0%D0%BC%D0%B5%D1%81%D1%82%D0%B8%D1%82%D0%B5%D0%BB%D1%8C-%D0%B3%D0%BB%D0%B0%D0%B2%D0%BD%D0%BE%D0%B3%D0%BE-%D0%B1%D1%83%D1%85%D0%B3%D0%B0%D0%BB%D1%82%D0%B5%D1%80%D0%B0-at-rim-mediagroup-4443693974,Заместитель главного бухгалтера,,scraped,2026-07-31T20:55:38.790277,
c9e103e7e4ec86ea,https://uy.linkedin.com/jobs/view/marketing-account-manager-u-at-entrepreneur-cooperative-4447258054,Marketing Account Manager (U),Entrepreneur Cooperative,posted,2026-07-31T20:55:58.883839,1914
ed2d746b7823d41a,https://uy.linkedin.com/jobs/view/fraud-sr-analyst-at-pedidosya-4446071547,Fraud Sr Analyst,,scraped,2026-07-31T20:56:03.525683,
7246ce41e9746daa,https://uy.linkedin.com/jobs/view/ex-mbb-strategy-consultant-ai-training-remote-at-mindrift-4445323490,Ex-MBB Strategy Consultant - AI Training (Remote),Mindrift,posted,2026-07-31T20:56:20.501909,1450
50b45671fbfc2d2a,https://uy.linkedin.com/jobs/view/consultor-posventa-automotriz-freelancer-at-gp-strategies-corporation-4447574477,Consultor Posventa - Automotriz (Freelancer),GP Strategies Corporation,posted,2026-07-31T20:56:29.301657,1916
221c7a0b834951e4,https://uy.linkedin.com/jobs/view/jefe-de-calidad-at-gcg-uruguay-4445537714,Jefe de Calidad,,scraped,2026-07-31T20:56:31.858937,
7eab9c0f9053016c,https://uy.linkedin.com/jobs/view/influencer-manager-at-wild-fi-4447174592,Influencer Manager,,scraped,2026-07-31T20:56:40.102998,
5c214c24ee47b3f4,https://uy.linkedin.com/jobs/view/accountant-real-estate-experience-at-howard-4444648835,Accountant (Real Estate experience),Howard,posted,2026-07-31T20:56:52.993805,1918
a83b1380a4b5be7d,https://uy.linkedin.com/jobs/view/auxiliar-de-limpieza-at-integer-holdings-corporation-4446823375,Auxiliar de Limpieza,Integer Holdings Corporation,posted,2026-07-31T20:57:02.741205,1920
643237c6cc58134b,https://uy.linkedin.com/jobs/view/consultor-analista-funcional-mrp-%E2%80%93-ing-contador-lic-en-adm-at-nexit-4445359845,Consultor / Analista Funcional MRP – Ing. / Contador / Lic. en Adm.,Nexit,posted,2026-07-31T20:57:18.017121,1922
ad933c8b720e8721,https://uy.linkedin.com/jobs/view/director-de-proyecto-at-smartclinic-4445538321,Director de proyecto,SmartClinic,posted,2026-07-31T20:57:26.746444,1924
62f3dd5072a546a3,https://uy.linkedin.com/jobs/view/referente-de-mostrador-at-randstad-uruguay-4444154212,Referente de mostrador,,scraped,2026-07-31T20:57:35.356374,
09e4190333be77eb,https://uy.linkedin.com/jobs/view/sr-accountant-vacation-rental-portfolio-us-experience-at-howard-4446555986,Sr. Accountant (Vacation Rental Portfolio - US Experience),Howard,posted,2026-07-31T20:57:47.904535,1926
bc9be12bf36d8e50,https://uy.linkedin.com/jobs/view/especialista-de-comunicaci%C3%B3n-marca-y-contenidos-at-vafirma-4445034863,"Especialista de Comunicación, Marca y Contenidos",,scraped,2026-07-31T20:57:50.543643,
c283635e0c66c7a2,https://uy.linkedin.com/jobs/view/cuti-asistente-de-operaciones-at-advice-uruguay-4445505596,CUTI: Asistente de Operaciones,,scraped,2026-07-31T20:57:57.438181,
0acce3f894ae2918,https://uy.linkedin.com/jobs/view/auxiliar-de-stocks-y-administrativo-part-time-at-selecta-srl-4445531684,Auxiliar de Stocks y Administrativo Part Time,Selecta SRL,posted,2026-07-31T20:58:15.624625,1928
25b31f8e20eec2ab,https://uy.linkedin.com/jobs/view/especialista-en-adquisici%C3%B3n-de-talento-trabajo-remoto-at-bairesdev-4445192720,Especialista en Adquisición de Talento - Trabajo Remoto,BairesDev,posted,2026-07-31T20:58:34.982696,1930
b60ab598b1138d02,https://uy.linkedin.com/jobs/view/talent-acquisition-associate-remote-work-at-bairesdev-4447173318,Talent Acquisition Associate - Remote Work,BairesDev,posted,2026-07-31T20:58:43.724641,1182
e118b25891f66143,https://uy.linkedin.com/jobs/view/desarrollador-ms-dynamics-trabajo-remoto-at-bairesdev-4445181076,Desarrollador MS Dynamics - Trabajo Remoto,BairesDev,posted,2026-07-31T20:58:52.561745,1932
f96556b2fa14bc40,https://uy.linkedin.com/jobs/view/asistente-de-calidad-at-somil-s-a-4445521049,Asistente de Calidad,SOMIL S.A.,posted,2026-07-31T20:59:21.162762,1934
a0f528725046b0ff,https://uy.linkedin.com/jobs/view/pharma-latam-communications-lead-at-roche-4446484927,Pharma LATAM Communications Lead,,scraped,2026-07-31T20:59:39.790936,
fe89fa4d678a661b,https://uy.linkedin.com/jobs/view/senior-data-engineer-at-specialized-bicycle-components-4445414697,Senior Data Engineer,Specialized Bicycle Components,posted,2026-07-31T20:59:55.154191,1028
121b22efe56b0d6c,https://uy.linkedin.com/jobs/view/elixir-backend-engineer-remote-latin-america-at-fullstack-4447548510,Elixir Backend Engineer - Remote - Latin America,FullStack,posted,2026-07-31T21:00:08.560225,1936
d1f8325f6f8fe7e7,https://uy.linkedin.com/jobs/view/elixir-backend-engineer-remote-latin-america-at-fullstack-4447549517,Elixir Backend Engineer - Remote - Latin America,FullStack,posted,2026-07-31T21:00:13.612934,1936
b95de8bb87fde19e,https://uy.linkedin.com/jobs/view/elixir-backend-engineer-remote-latin-america-at-fullstack-4447547518,Elixir Backend Engineer - Remote - Latin America,FullStack,posted,2026-07-31T21:00:18.551839,1936
cd376a7fd1b3e802,https://uy.linkedin.com/jobs/view/senior-technical-program-manager-remote-work-at-bairesdev-4446099620,Senior Technical Program Manager - Remote Work,BairesDev,posted,2026-07-31T21:00:29.489147,425
a1582c1991eb3d53,https://uy.linkedin.com/jobs/view/facilties-electrical-mechanical-maintenance-technician-at-satellogic-4446125394,Facilties Electrical & Mechanical Maintenance Technician,,scraped,2026-07-31T21:00:32.137571,
875bd52da8206a9a,https://uy.linkedin.com/jobs/view/remote-junior-accounting-specialist-at-chess-wizards-inc-4447565281,Remote Junior Accounting Specialist,"Chess Wizards, Inc",posted,2026-07-31T21:01:02.767650,1938
05ed244e8cc2aeeb,https://uy.linkedin.com/jobs/view/finance-and-reporting-team-leader-at-kuehne%2Bnagel-4446831147,Finance and Reporting Team Leader,,scraped,2026-07-31T21:01:07.481986,
d1befd80f7a8e0db,https://uy.linkedin.com/jobs/view/maquinista-de-refrigeraci%C3%B3n-at-aglh-4447241506,Maquinista de refrigeración,AGLH,posted,2026-07-31T21:01:30.873634,1940
31e39889dc8d43f4,https://uy.linkedin.com/jobs/view/veterinario-at-laika-4446793435,Veterinario,,scraped,2026-07-31T21:01:33.595307,
58d3c0059e0cf2aa,https://uy.linkedin.com/jobs/view/contable-superior-at-andersen-in-uruguay-4446306446,Contable superior,Andersen in Uruguay,posted,2026-07-31T21:01:50.149144,1942
05ee9f23bb64661a,https://uy.linkedin.com/jobs/view/salesforce-administrator-cx-systems-specialist-at-veta-virtual-4444669065,Salesforce Administrator & CX Systems Specialist,,scraped,2026-07-31T21:01:54.804210,
cf458a9b28c14b99,https://uy.linkedin.com/jobs/view/asistente-de-programa-gesti%C3%B3n-de-programa-proyectos-at-undp-careers-4446377270,Asistente de Programa - Gestión de Programa/Proyectos,UNDP Careers,posted,2026-07-31T21:02:08.577383,1944
bdd0f4efd15bb7ee,https://uy.linkedin.com/jobs/view/ai-enabled-net-chief-architect-ote-%24100-000-year-usd-sparkrock-at-sparkrock-4446738232,"AI-Enabled .NET Chief Architect (OTE $100,000/year USD), Sparkrock",,scraped,2026-07-31T21:02:11.194642,
c01815f56340ff0b,https://uy.linkedin.com/jobs/view/enqu%C3%AAteur-pour-des-sondages-en-ligne-t%C3%A9l%C3%A9travail-h-f-studentjob-ch-at-jobster-4447111331,Enquêteur pour des sondages en ligne - télétravail H/F - Studentjob.ch,,scraped,2026-07-31T21:02:26.390118,
861ef5ee8f646357,https://uy.linkedin.com/jobs/view/solutions-architect-platform-cloud-infrastructure-and-security-at-sunnydata-4447529658,"Solutions Architect - Platform, Cloud Infrastructure and Security",SunnyData,posted,2026-07-31T21:02:50.760502,1946
3216f800ef66985e,https://uy.linkedin.com/jobs/view/estudiante-de-ingenier%C3%ADa-at-insyso-4445538559,Estudiante de Ingeniería,,scraped,2026-07-31T21:03:03.401223,
280718d00e438b46,https://uy.linkedin.com/jobs/view/heimarbeit-homeoffice-mit-online-umfragen-geld-verdienen-von-%C3%BCberall%21-studentjob-ch-at-jobster-4447124039,Heimarbeit / Homeoffice: Mit online-Umfragen Geld verdienen von überall! - Studentjob.ch,,scraped,2026-07-31T21:03:18.430603,
c7d8408cccaed5ff,https://uy.linkedin.com/jobs/view/asistente-contable-at-abm-integra-4444581897,Asistente contable,,scraped,2026-07-31T21:03:44.924748,
507492a29bbf6a9a,https://uy.linkedin.com/jobs/view/senior-python-engineer-ai-coding-agent-evaluation-freelance-at-mindrift-4444148587,Senior Python Engineer - AI Coding Agent Evaluation (Freelance),Mindrift,posted,2026-07-31T21:03:55.003708,1474
8d94f9d1b74ee266,https://uy.linkedin.com/jobs/view/customer-success-specialist-at-cs-outsource-4446921132,Customer Success Specialist,CS Outsource,posted,2026-07-31T21:04:09.732700,1948
fc860341f15f6064,https://uy.linkedin.com/jobs/view/platform-software-engineer-kubernetes-remote-latin-america-at-fullstack-4445237989,Platform Software Engineer (Kubernetes) - Remote - Latin America,FullStack,posted,2026-07-31T21:04:20.705200,1754
4333e033f61bf172,https://uy.linkedin.com/jobs/view/platform-software-engineer-kubernetes-remote-latin-america-at-fullstack-4445241835,Platform Software Engineer (Kubernetes) - Remote - Latin America,FullStack,posted,2026-07-31T21:04:25.462954,1754
d807c5926970d222,https://uy.linkedin.com/jobs/view/senior-data-engineer-at-sunnydata-4446589748,Senior Data Engineer,SunnyData,posted,2026-07-31T21:04:30.534155,1028
608463d81d3151ee,https://uy.linkedin.com/jobs/view/ingeniero-de-software-java-trabajo-remoto-at-bairesdev-4445162859,Ingeniero de Software Java - Trabajo Remoto,BairesDev,posted,2026-07-31T21:04:39.818177,1950
e1a4ec1d3b79beac,https://uy.linkedin.com/jobs/view/ingeniero-de-software-net-trabajo-remoto-at-bairesdev-4445129893,Ingeniero de Software .NET - Trabajo Remoto,BairesDev,posted,2026-07-31T21:04:48.654469,1952
f6d59d20b325a9bb,https://uy.linkedin.com/jobs/view/senior-full-stack-engineer-node-%2B-vue-remote-latin-america-at-fullstack-4447535631,Senior Full Stack Engineer (Node + Vue) - Remote - Latin America,FullStack,posted,2026-07-31T21:04:59.536142,1954
46d4c1af396f8ff1,https://uy.linkedin.com/jobs/view/senior-ai-engineer-at-blend-4447536624,Senior AI Engineer,Blend,posted,2026-07-31T21:05:04.880695,1436
caacab42bd7365c6,https://uy.linkedin.com/jobs/view/especialista-en-redes-certificaci%C3%B3n-en-ccna-at-sonda-4418772901,Especialista en Redes | Certificación en CCNA,,scraped,2026-07-31T21:05:11.505339,
47ecbe29507163b9,https://uy.linkedin.com/jobs/view/r%C3%A9pondez-%C3%A0-des-enqu%C3%AAtes-de-chez-vous-pendant-votre-temps-libre-%21-studentjob-ch-at-jobster-4447118869,Répondez à des enquêtes de chez vous pendant votre temps libre ! - Studentjob.ch,,scraped,2026-07-31T21:05:20.492199,
e001b548392b1935,https://uy.linkedin.com/jobs/view/integration-engineer-customer-data-platform-cdp-at-blend-4444468024,Integration Engineer - Customer Data Platform (CDP),Blend,posted,2026-07-31T21:05:49.669977,1956
f26b2d096c983abb,https://uy.linkedin.com/jobs/view/vendedor-a-de-productos-financieros-y-servicios-para-punta-shopping-at-cash-4447508704,Vendedor/a de Productos Financieros y Servicios para Punta Shopping,CASH,posted,2026-07-31T21:06:03.258386,1958
c3d8cf16e05f88a0,https://uy.linkedin.com/jobs/view/capit%C3%A1n-de-ultramar-at-lhg-mining-4445943837,Capitán de Ultramar,,scraped,2026-07-31T21:06:05.908539,
595ac1337cb483f6,https://uy.linkedin.com/jobs/view/product-engineer-at-strider-4446104510,Product Engineer,Strider,posted,2026-07-31T21:06:18.805718,1960
3320eec71f5f0239,https://uy.linkedin.com/jobs/view/inside-sales-perfil-comercial-venta-fletes-mar%C3%ADtimo-a%C3%A9reos-comex-emrpresa-nvocc-mdeo-uy-at-confidencial-4444131966,"INSIDE SALES Perfil Comercial venta fletes marítimo, aéreos ,COMEX emrpresa NVOCC  Mdeo. UY",CONFIDENCIAL,posted,2026-07-31T21:06:29.754741,1962
6a34f11b9821d036,https://uy.linkedin.com/jobs/view/jefe-de-operaciones-mayoristas-4442856853,Jefe de Operaciones Mayoristas,Agromercado Aleman,posted,2026-07-31T21:06:41.012110,1964
86d8a735887562a3,https://uy.linkedin.com/jobs/view/jefe-de-operaciones-mayoristas-4443291659,Jefe de Operaciones Mayoristas,Agromercado Aleman,scraped,2026-07-31T21:06:44.475054,
7dd2a93cedcfda2a,https://uy.linkedin.com/jobs/view/auxiliar-administrativo-contable-contrato-a-t%C3%A9rmino-m%C3%ADnimo-de-6-meses-at-tornometal-4445652515,Auxiliar Administrativo Contable- Contrato a término mínimo de 6 meses,,scraped,2026-07-31T21:06:49.076288,
bd36f2237147c99b,https://uy.linkedin.com/jobs/view/ux-ui-designer-at-tata-consultancy-services-4446353211,UX UI Designer,Tata Consultancy Services,posted,2026-07-31T21:07:07.762835,1966
b698056f8d289147,https://uy.linkedin.com/jobs/view/sales-executive-for-campus-live-remote-work-at-bairesdev-4446852259,Sales Executive for Campus Live - Remote Work,BairesDev,posted,2026-07-31T21:07:14.731870,567
0b049a114ef33228,https://uy.linkedin.com/jobs/view/senior-network-engineer-cisco-enterprise-data-center-at-sonda-4447566063,Senior Network Engineer | Cisco Enterprise & Data Center,,scraped,2026-07-31T21:07:17.290463,
834d73787b0a82e5,https://uy.linkedin.com/jobs/view/t%C3%A9l%C3%A9travail-r%C3%A9pondez-%C3%A0-des-sondages-studentjob-ch-at-jobster-4447116021,Télétravail: Répondez à des sondages - Studentjob.ch,Jobster,posted,2026-07-31T21:08:15.128564,1968
5d01f9db78e96f2f,https://uy.linkedin.com/jobs/view/ejecutivo-de-servicio-t%C3%A9cnico-jr-apple-authorized-resellers-y-apple-authorized-service-provider-at-maximstore-apple-premium-reseller-4444124836,Ejecutivo de Servicio Técnico Jr - Apple Authorized Resellers y Apple Authorized Service Provider,,scraped,2026-07-31T21:08:27.758435,
69c4a3dc0f6c1098,https://uy.linkedin.com/jobs/view/senior-organisational-development-practitioner-at-canonical-4443281507,Senior Organisational Development Practitioner,,scraped,2026-07-31T21:08:40.059835,
971b1dac5e5b9d2e,https://uy.linkedin.com/jobs/view/vendedor-detallista-at-darnel-group-4444420780,Vendedor Detallista,,scraped,2026-07-31T21:08:54.054978,
f6154a58048ee46c,https://uy.linkedin.com/jobs/view/analista-de-simula%C3%A7%C3%A3o-de-solda-at-segula-technologies-4446863147,Analista de Simulação de Solda,SEGULA Technologies,posted,2026-07-31T21:09:14.441484,1970
d0b033eb69144103,https://uy.linkedin.com/jobs/view/senior-site-reliability-engineer-sre-remote-work-at-bairesdev-4445779337,Senior Site Reliability Engineer (SRE) - Remote Work,BairesDev,posted,2026-07-31T21:09:35.373212,943
199045c693bc57d4,https://uy.linkedin.com/jobs/view/full-stack-developer-elixir-phoenix-%2B-javascript-remote-latin-america-at-fullstack-4446941230,Full Stack Developer (Elixir/Phoenix + JavaScript) - Remote - Latin America,FullStack,posted,2026-07-31T21:09:47.596830,1972
fa0bcb86b1ed414f,https://uy.linkedin.com/jobs/view/microsoft-dynamics-365-developer-remote-latin-america-at-fullstack-4446945183,Microsoft Dynamics 365 Developer - Remote - Latin America,FullStack,posted,2026-07-31T21:09:56.658513,1974
f6a787011c90a9bb,https://uy.linkedin.com/jobs/view/l%C3%ADder-de-equipo-offshore-at-estudio-lja-4443630175,Líder de Equipo Offshore,Estudio LJA,posted,2026-07-31T21:10:09.110581,1976
ad1f865802c195e2,https://uy.linkedin.com/jobs/view/microsoft-dynamics-365-developer-remote-latin-america-at-fullstack-4446943207,Microsoft Dynamics 365 Developer - Remote - Latin America,FullStack,posted,2026-07-31T21:10:14.053032,1974
a5ae9df75c6c4fbc,https://uy.linkedin.com/jobs/view/full-stack-developer-elixir-phoenix-%2B-javascript-remote-latin-america-at-fullstack-4446923549,Full Stack Developer (Elixir/Phoenix + JavaScript) - Remote - Latin America,FullStack,posted,2026-07-31T21:10:18.925426,1972
c0132fd1d6224790,https://uy.linkedin.com/jobs/view/full-stack-developer-elixir-phoenix-%2B-javascript-remote-latin-america-at-fullstack-4446926472,Full Stack Developer (Elixir/Phoenix + JavaScript) - Remote - Latin America,FullStack,posted,2026-07-31T21:10:23.920824,1972
68ec09d9863216a6,https://uy.linkedin.com/jobs/view/platform-software-engineer-kubernetes-remote-latin-america-at-fullstack-4445248619,Platform Software Engineer (Kubernetes) - Remote - Latin America,FullStack,posted,2026-07-31T21:10:28.782820,1754
b2503c22236a87b5,https://uy.linkedin.com/jobs/view/senior-security-scrum-master-remote-work-at-bairesdev-4446342640,Senior Security Scrum Master - Remote Work,BairesDev,posted,2026-07-31T21:10:35.564597,431
1fe7b0a1c96b1ff2,https://uy.linkedin.com/jobs/view/elixir-backend-engineer-remote-latin-america-at-fullstack-4447549515,Elixir Backend Engineer - Remote - Latin America,FullStack,posted,2026-07-31T21:10:46.304675,1936
7d71766da7f138d1,https://uy.linkedin.com/jobs/view/full-stack-developer-elixir-phoenix-%2B-javascript-remote-latin-america-at-fullstack-4446924518,Full Stack Developer (Elixir/Phoenix + JavaScript) - Remote - Latin America,FullStack,posted,2026-07-31T21:10:51.011789,1972
cee94de09494c42c,https://uy.linkedin.com/jobs/view/elixir-backend-engineer-remote-latin-america-at-fullstack-4447535628,Elixir Backend Engineer - Remote - Latin America,FullStack,posted,2026-07-31T21:10:55.904805,1936
d6b463a9d8be0a12,https://uy.linkedin.com/jobs/view/elixir-backend-engineer-remote-latin-america-at-fullstack-4447536632,Elixir Backend Engineer - Remote - Latin America,FullStack,posted,2026-07-31T21:11:02.924655,1936
2035cf315e676b49,https://uy.linkedin.com/jobs/view/senior-full-stack-engineer-node-%2B-vue-remote-latin-america-at-fullstack-4447534658,Senior Full Stack Engineer (Node + Vue) - Remote - Latin America,FullStack,posted,2026-07-31T21:11:09.916394,1954
0356dea3a5bfe689,https://uy.linkedin.com/jobs/view/senior-full-stack-engineer-node-%2B-vue-remote-latin-america-at-fullstack-4447549514,Senior Full Stack Engineer (Node + Vue) - Remote - Latin America,FullStack,posted,2026-07-31T21:11:14.829433,1954
a40a969e1ddb080e,https://uy.linkedin.com/jobs/view/primer-empleo-at-softline-consultores-gerenciales-4446175474,PRIMER EMPLEO,,scraped,2026-08-01T20:33:02.409217,
7fa0314c33c17a90,https://uy.linkedin.com/jobs/view/monitor-a-de-calidad-frigor%C3%ADfico-at-granja-tres-arroyos-s-a-c-a-f-e-i-4447730336,Monitor/a de Calidad (Frigorífico),,scraped,2026-08-01T20:33:08.637209,
1d00ea83051d8255,https://uy.linkedin.com/jobs/view/auxiliar-de-supermercado-montevideo-at-aglh-4447247491,Auxiliar de Supermercado - Montevideo,AGLH,posted,2026-08-01T20:33:23.464153,1978
999cdd9db3a11f3b,https://uy.linkedin.com/jobs/view/infrastructure-engineer-infra-engineering-at-deel-4444142784,Infrastructure Engineer - Infra Engineering,Deel,posted,2026-08-01T20:33:34.278804,477
9879c497a0b05f25,https://uy.linkedin.com/jobs/view/supervisor-de-montaje-at-antel-arena-4446523854,Supervisor de Montaje,,scraped,2026-08-01T20:33:36.849241,
3281c12401100f1b,https://uy.linkedin.com/jobs/view/bookkeeper-hospitality-industry-at-howard-4447441031,Bookkeeper (Hospitality Industry),Howard,posted,2026-08-01T20:33:48.552098,435
c71a09257444b3d9,https://uy.linkedin.com/jobs/view/operario-de-producci%C3%B3n-i-at-integer-holdings-corporation-4447707005,Operario de Producción I,Integer Holdings Corporation,posted,2026-08-01T20:33:57.235298,1980
4e2bdb1db994895d,https://uy.linkedin.com/jobs/view/guardia-de-seguridad-para-shopping-en-minas-at-sildan-seguridad-4446538466,GUARDIA DE SEGURIDAD PARA SHOPPING EN MINAS,,scraped,2026-08-01T20:33:59.580523,
a51cea9e80652154,https://uy.linkedin.com/jobs/view/operario-de-instalaciones-at-oxygeno-4445072310,Operario de Instalaciones,,scraped,2026-08-01T20:34:08.597378,
46bdf96853fc69b2,https://uy.linkedin.com/jobs/view/docente-de-educaci%C3%B3n-financiera-at-centros-educativos-impulso-4445540500,Docente de Educación Financiera,,scraped,2026-08-01T20:34:15.155077,
f842ab0a41899b81,https://uy.linkedin.com/jobs/view/auxiliar-contable-at-cmc-sfai-uruguay-4445535500,Auxiliar contable,,scraped,2026-08-01T20:34:23.894959,
bb57664b037b79db,https://uy.linkedin.com/jobs/view/face-deduplication-collection-at-telus-4447047006,Face Deduplication Collection,TELUS,posted,2026-08-01T20:34:44.140774,1982
537bb1a71bf2e193,https://uy.linkedin.com/jobs/view/mep-quality-inspector-at-linesight-4436846884,MEP Quality Inspector,,scraped,2026-08-01T20:34:46.758188,
e82ab3eca351af66,https://uy.linkedin.com/jobs/view/analista-de-tecnolog%C3%ADa-de-operaciones-at-cementos-avellaneda-s-a-4445550362,Analista de Tecnología de Operaciones,,scraped,2026-08-01T20:34:55.132236,
955f84e3be150dae,https://uy.linkedin.com/jobs/view/oferta-de-trabajo-en-c%C3%B3rdoba-18-mayo-2026-at-colegio-oficial-de-enfermer%C3%ADa-de-c%C3%B3rdoba-4445593792,Oferta de Trabajo en Córdoba (18-Mayo-2026),,scraped,2026-08-01T20:35:07.029811,
e0ff229a8266a3b9,https://uy.linkedin.com/jobs/view/business-analyst-sr-at-witi-4447432242,Business Analyst Sr,,scraped,2026-08-01T20:35:17.690324,
3211cc31631af620,https://uy.linkedin.com/jobs/view/lead-automation-tester-in-js-at-epam-systems-4443257291,Lead Automation Tester in JS,EPAM Systems,posted,2026-08-01T20:35:44.445912,1984
cb863d3841afe990,https://uy.linkedin.com/jobs/view/tec-prevencionista-at-estilo-srl-4446456807,Tec. Prevencionista,Estilo SRL,posted,2026-08-01T20:35:54.527466,1986
ec50d9ee911b3b0b,https://uy.linkedin.com/jobs/view/digital-operations-at-black-locust-lumber-4442880481,Digital Operations,Black Locust Lumber,posted,2026-08-01T20:36:02.640234,1988
a8954da22089a563,https://uy.linkedin.com/jobs/view/asistente-de-comercio-exterior-para-importante-industria-ubicada-en-ruta-101-at-manpowergroup-uruguay-4445035987,Asistente de Comercio Exterior | Para importante industria ubicada en Ruta 101,ManpowerGroup Uruguay,posted,2026-08-01T20:36:17.039443,1990
1e53b635b55a7c89,https://uy.linkedin.com/jobs/view/%D0%B0%D1%81%D1%81%D0%B8%D1%81%D1%82%D0%B5%D0%BD%D1%82-%D0%BE%D1%82%D0%B4%D0%B5%D0%BB%D0%B0-%D0%BF%D1%80%D0%BE%D0%B4%D0%B0%D0%B6-at-rim-mediagroup-4444100360,Ассистент отдела продаж,,scraped,2026-08-01T20:36:21.409955,
a762f18fc97ab48a,https://uy.linkedin.com/jobs/view/consultor-en-ciberseguridad-at-talenter-4444538611,Consultor en Ciberseguridad,,scraped,2026-08-01T20:36:33.041667,
b65223f08c5838e7,https://uy.linkedin.com/jobs/view/asistente-administrativo-a-de-ventas-at-inmobiliaria-bien-seguro-4445961056,Asistente Administrativo/a de Ventas,,scraped,2026-08-01T20:36:40.666969,
7486fb1007dfa328,https://uy.linkedin.com/jobs/view/%D0%BC%D0%B5%D0%BD%D0%B5%D0%B4%D0%B6%D0%B5%D1%80-%D0%BF%D0%BE-%D0%BF%D1%80%D0%BE%D0%B4%D0%B0%D0%B6%D0%B0%D0%BC-%D1%80%D0%B5%D0%BA%D0%BB%D0%B0%D0%BC%D1%8B-at-rim-mediagroup-4443694881,Менеджер по продажам рекламы,,scraped,2026-08-01T20:36:59.427357,
cd2db5c0dd71fc87,https://uy.linkedin.com/jobs/view/auxiliar-de-comercio-exterior-con-ingl%C3%A9s-intermedio-zonamerica-at-manpowergroup-uruguay-4445508629,Auxiliar de comercio exterior (Con inglés intermedio) Zonamerica,ManpowerGroup Uruguay,posted,2026-08-01T20:37:24.058298,1992
068930b6b4a647fc,https://uy.linkedin.com/jobs/view/ai-trainer-freelance-data-annotator-at-mindrift-data-annotation-projects-4446898869,AI Trainer - Freelance Data Annotator,Mindrift Data Annotation Projects,posted,2026-08-01T20:37:30.972389,323
88701486f9019c99,https://uy.linkedin.com/jobs/view/freelance-agent-evaluation-engineer-at-mindrift-4445699116,Freelance Agent Evaluation Engineer,Mindrift,posted,2026-08-01T20:37:35.788499,329
d7d5bb2a7cbf2758,https://uy.linkedin.com/jobs/view/chief-housekeeper-at-silversea-4446742668,Chief Housekeeper,Silversea,posted,2026-08-01T20:37:52.686345,1994
0ab8940d12cfbceb,https://uy.linkedin.com/jobs/view/elixir-backend-engineer-remote-latin-america-at-fullstack-4447540654,Elixir Backend Engineer - Remote - Latin America,FullStack,posted,2026-08-01T20:38:05.848483,1936
18d1740b200f6813,https://uy.linkedin.com/jobs/view/analista-de-datos-trabajo-remoto-at-bairesdev-4445170320,Analista de Datos - Trabajo Remoto,BairesDev,posted,2026-08-01T20:38:14.814265,1996
5426f61960dfcd23,https://uy.linkedin.com/jobs/view/machine-learning-engineer-remote-work-at-bairesdev-4446096018,Machine Learning Engineer - Remote Work,BairesDev,posted,2026-08-01T20:38:19.782385,1009
3bb792d8d204725d,https://uy.linkedin.com/jobs/view/dise%C3%B1ador-ui-ux-trabajo-remoto-at-bairesdev-4446841697,Diseñador UI/UX - Trabajo Remoto,BairesDev,posted,2026-08-01T20:38:54.124990,1998
6a13505c6f2221e1,https://uy.linkedin.com/jobs/view/analista-de-desarrollo-de-negocios-at-ams-agenciamiento-y-soluciones-integrales-4445539334,Analista de Desarrollo de Negocios,,scraped,2026-08-01T20:39:08.722634,
5442dd7501cd0231,https://uy.linkedin.com/jobs/view/idb-invest-administrative-and-analytical-support-consultant-at-idb-invest-4443664058,IDB Invest- Administrative and Analytical Support Consultant,BID Invest,posted,2026-08-01T20:39:22.566217,2000
5af1f2c6bc2ed0b3,https://uy.linkedin.com/jobs/view/jefe-de-taller-at-manpowergroup-4443609984,Jefe de taller,ManpowerGroup,posted,2026-08-01T20:39:31.132966,2002
9fda1174100f0dd7,https://uy.linkedin.com/jobs/view/ingeniero-ruby-on-rails-trabajo-remoto-at-bairesdev-4446401439,Ingeniero Ruby on Rails - Trabajo Remoto,BairesDev,posted,2026-08-01T20:39:39.683162,2004
146c0c88f76d57c5,https://uy.linkedin.com/jobs/view/cs-l-analyst-at-randstad-uruguay-4445535440,CS&L Analyst,,scraped,2026-08-01T20:39:54.313324,
419d508194485e5b,https://uy.linkedin.com/jobs/view/online-aufgaben-umfragen-flexible-m%C3%B6glichkeit-geld-online-zu-verdienen-studentjob-ch-at-jobster-4447133117,"Online Aufgaben & Umfragen - Flexible Möglichkeit, Geld online zu verdienen - Studentjob.ch",,scraped,2026-08-01T20:40:21.360596,
4af1bc67257d9dd2,https://uy.linkedin.com/jobs/view/project-manager-head-client-services-at-ufilms-4444161659,Project Manager - Head Client Services,,scraped,2026-08-01T20:40:31.501218,
47c7c5a302b28987,https://uy.linkedin.com/jobs/view/senior-sales-account-manager-at-sabre-4446783373,Senior Sales Account Manager,Sabre,posted,2026-08-01T20:40:45.036238,2006
a03876c807abf45b,https://uy.linkedin.com/jobs/view/developer-at-topaz-4445812164,Developer,Topaz,posted,2026-08-01T20:40:55.194202,2008
3532ff00b9c5691c,https://uy.linkedin.com/jobs/view/asistente-de-ingenier%C3%ADa-at-somil-s-a-4445523082,Asistente de Ingeniería,SOMIL S.A.,posted,2026-08-01T20:41:10.676277,2010
e05c2071573a24f3,https://uy.linkedin.com/jobs/view/asistente-comercial-para-empresa-de-consumo-masivo-at-manpowergroup-uruguay-4445030344,Asistente comercial para empresa de consumo masivo,ManpowerGroup Uruguay,posted,2026-08-01T20:41:23.099967,2012
a7d17ba4f568e186,https://uy.linkedin.com/jobs/view/lead-product-designer-at-koin-limited-4447509563,Lead Product Designer,,scraped,2026-08-01T20:41:25.689188,
48ec5a0535a1183e,https://uy.linkedin.com/jobs/view/t%C3%A9cnico-de-redes-de-campo-at-sonda-4434472644,Técnico de Redes de campo,,scraped,2026-08-01T20:41:52.080917,
6c578889bb728165,https://uy.linkedin.com/jobs/view/agentic-software-engineer-github-copilot-remote-latin-america-at-fullstack-4447700764,Agentic Software Engineer (GitHub Copilot) - Remote - Latin America,FullStack,posted,2026-08-01T20:42:06.938438,2014
a28e9e2f65f72340,https://uy.linkedin.com/jobs/view/desarrollador-front-end-angular-trabajo-remoto-at-bairesdev-4445170696,Desarrollador Front-End (Angular) - Trabajo Remoto,BairesDev,posted,2026-08-01T20:42:16.049405,2016
97be4c309f93c893,https://uy.linkedin.com/jobs/view/agentic-software-engineer-github-copilot-remote-latin-america-at-fullstack-4447594766,Agentic Software Engineer (GitHub Copilot) - Remote - Latin America,FullStack,posted,2026-08-01T20:42:21.179359,2014
7adbba85df19e4dd,https://uy.linkedin.com/jobs/view/agent-commission-specialist-at-internova-global-services-4446187027,Agent Commission Specialist,Internova Global Services,posted,2026-08-01T20:43:17.366586,2018
84899f59ac327f02,https://uy.linkedin.com/jobs/view/panelteilnehmer-in-%E2%80%93-askgfk-schweiz-studentjob-ch-at-jobster-4447112126,Panelteilnehmer:in – askGfK Schweiz - Studentjob.ch,Jobster,posted,2026-08-01T20:44:16.452452,2020
72420efb290a9fb6,https://uy.linkedin.com/jobs/view/einfach-mit-umfragen-geld-verdienen-mit-toluna-studentjob-ch-at-jobster-4447113231,"Einfach mit Umfragen Geld verdienen, mit Toluna - Studentjob.ch",,scraped,2026-08-01T20:44:34.973261,
dcd34c068460cc4c,https://uy.linkedin.com/jobs/view/senior-backend-engineer-platform-distributed-systems-at-plan-a-technologies-4446434684,Senior Backend Engineer (Platform & Distributed Systems),Plan A Technologies,posted,2026-08-01T20:44:54.949299,2022
5603e166586f4b14,https://uy.linkedin.com/jobs/view/nebenjob-%E2%80%93-home-office-mit-umfragen-geld-verdienen%21-einfach-von-zuhause-oder-unterwegs-studentjob-ch-at-jobster-4447112458,Nebenjob – Home Office: Mit Umfragen Geld verdienen! Einfach von zuhause oder unterwegs - Studentjob.ch,Jobster,posted,2026-08-01T20:45:52.700076,2024
c45ce37582efa7fd,https://uy.linkedin.com/jobs/view/online-umfragen-im-home-office-bearbeiten-f%C3%BCr-geld-studentjob-ch-at-jobster-4446998869,Online-Umfragen im Home-Office bearbeiten für Geld - Studentjob.ch,Jobster,posted,2026-08-01T20:46:40.317824,2026
f06775c5bdb95519,https://uy.linkedin.com/jobs/view/desarrollador-senior-react-%2B-typescript-trabajo-remoto-at-bairesdev-4446405613,Desarrollador Senior React + TypeScript  - Trabajo Remoto,BairesDev,posted,2026-08-01T20:46:47.362451,273
b49dd4b12c14f89b,https://uy.linkedin.com/jobs/view/senior-ai-engineer-llms-agentic-ai-at-applaudo-4446859979,Senior AI Engineer (LLMs & Agentic AI),,scraped,2026-08-01T20:46:50.011565,
8a2b994b048ba6c2,https://uy.linkedin.com/jobs/view/ingeniero-a-de-telecomunicaciones-y-redes-senior-at-indra-group-4443634443,Ingeniero/a de Telecomunicaciones y Redes Senior,,scraped,2026-08-01T20:46:56.508513,
80cb29b69b58efa7,https://uy.linkedin.com/jobs/view/nodejs-application-architect-at-applaudo-4445969654,NodeJS Application Architect,,scraped,2026-08-01T20:47:03.232221,
72859477ca4333ed,https://uy.linkedin.com/jobs/view/sagen-sie-es%21-teilen-sie-ihre-erkenntnisse-mit%21-umfragen-durchf%C3%BChren-und-geld-verdienen%21-m-w-d-studentjob-ch-at-jobster-4447106497,Sagen Sie es! Teilen Sie Ihre Erkenntnisse mit! Umfragen durchführen und Geld verdienen! (m/w/d) - Studentjob.ch,,scraped,2026-08-01T20:47:17.707594,
b3bacff7413c4045,https://www.linkedin.com/jobs/view/4876/,"1,000+Software Integrator Jobs in United States",,failed|wp_post_failed,2026-08-01T20:47:51.671347,
24e7e0fdcdc69b42,https://uy.linkedin.com/jobs/view/analista-de-processos-de-solda-at-segula-technologies-4446850818,Analista de Processos de Solda,SEGULA Technologies,posted,2026-08-01T20:48:06.571338,2028
4c89fd2206b7287d,https://uy.linkedin.com/jobs/view/verdienen-sie-geld-mit-umfragen-die-nur-f%C3%BCr-sie-gemacht-sind-mit-toluna-studentjob-ch-at-jobster-4447120107,"Verdienen Sie Geld mit Umfragen, die nur für Sie gemacht sind, mit Toluna - Studentjob.ch",,scraped,2026-08-01T20:48:09.082872,
3c1c51ce85a6beb7,https://uy.linkedin.com/jobs/view/ingeniero-de-seguridad-de-aplicaciones-checkmarx-sast-trabajo-remoto-at-bairesdev-4445194789,Ingeniero de Seguridad de Aplicaciones (Checkmarx / SAST) - Trabajo Remoto,BairesDev,posted,2026-08-01T20:48:27.387414,277
e7ac4243a4180208,https://uy.linkedin.com/jobs/view/agente-inmobiliario-at-remax-%C3%BAnico-4445601680,Agente inmobiliario,,scraped,2026-08-01T20:48:29.969420,
23a76e59483db4b6,https://uy.linkedin.com/jobs/view/agentic-software-engineer-github-copilot-remote-latin-america-at-fullstack-4447701727,Agentic Software Engineer (GitHub Copilot) - Remote - Latin America,FullStack,posted,2026-08-01T20:48:43.404555,2014
37def4e31dfd585e,https://uy.linkedin.com/jobs/view/agentic-software-engineer-github-copilot-remote-latin-america-at-fullstack-4447586811,Agentic Software Engineer (GitHub Copilot) - Remote - Latin America,FullStack,posted,2026-08-01T20:48:52.178268,2014
dce9e7f8168fb43e,https://uy.linkedin.com/jobs/view/microsoft-dynamics-365-developer-remote-latin-america-at-fullstack-4446924516,Microsoft Dynamics 365 Developer - Remote - Latin America,FullStack,posted,2026-08-01T20:48:58.995017,1974
4f62b08a473c42e6,https://uy.linkedin.com/jobs/view/senior-full-stack-engineer-node-%2B-vue-remote-latin-america-at-fullstack-4447534655,Senior Full Stack Engineer (Node + Vue) - Remote - Latin America,FullStack,posted,2026-08-01T20:49:07.835364,1954
7a1d13747dd236c3,https://uy.linkedin.com/jobs/view/senior-full-stack-engineer-node-%2B-vue-remote-latin-america-at-fullstack-4447548512,Senior Full Stack Engineer (Node + Vue) - Remote - Latin America,FullStack,posted,2026-08-01T20:49:20.732571,1954
e21a9287f32fd459,https://uy.linkedin.com/jobs/view/full-stack-developer-elixir-phoenix-%2B-javascript-remote-latin-america-at-fullstack-4446941226,Full Stack Developer (Elixir/Phoenix + JavaScript) - Remote - Latin America,FullStack,posted,2026-08-01T20:49:25.513150,1972
8b4b0fc53f77ab39,https://uy.linkedin.com/jobs/view/senior-full-stack-engineer-node-%2B-vue-remote-latin-america-at-fullstack-4447544571,Senior Full Stack Engineer (Node + Vue) - Remote - Latin America,FullStack,posted,2026-08-01T20:49:30.496456,1954
771f3d0bdbb6a45a,https://uy.linkedin.com/jobs/view/toma-consumo-para-salto-at-estilo-srl-4447864644,Toma consumo para Salto,Estilo SRL,posted,2026-08-02T20:36:06.106716,2030
f059887edb19c7de,https://uy.linkedin.com/jobs/view/sales-development-representative-at-unlimit-4447722148,Sales Development Representative,,scraped,2026-08-02T20:36:16.743553,
16ba256c4fab2341,https://uy.linkedin.com/jobs/view/microsoft-dynamics-365-developer-remote-latin-america-at-fullstack-4446924513,Microsoft Dynamics 365 Developer - Remote - Latin America,FullStack,posted,2026-08-02T20:36:43.505626,1974
6696616a3bfe35f1,https://uy.linkedin.com/jobs/view/manager-data-management-at-internova-travel-group-4445022084,Manager Data Management,Internova Travel Group,posted,2026-08-02T20:36:48.302811,71
0ab3b0608c9481a5,https://uy.linkedin.com/jobs/view/auxiliar-contable-part-time-para-estudio-contable-at-sgp-asociados-4447729406,Auxiliar Contable part-time para Estudio Contable,,scraped,2026-08-02T20:36:50.906822,
873c2f827bccc082,https://uy.linkedin.com/jobs/view/analista-sr-de-comercio-exterior-at-unilam-4446472754,Analista Sr de Comercio Exterior,,scraped,2026-08-02T20:37:01.615981,
870a2fa8fce33f4b,https://uy.linkedin.com/jobs/view/analista-contable-uruguay-paraguay-at-td-synnex-multi-country-area-espa%C3%B1ol-4443611326,Analista Contable - Uruguay & Paraguay,TD SYNNEX Multi-Country Area (Español),posted,2026-08-02T20:37:14.925899,2032
92705897c51f838a,https://uy.linkedin.com/jobs/view/analista-jr-de-log%C3%ADstica-at-sucan-4447859743,Analista Jr. de Logística,SUCAN,posted,2026-08-02T20:37:23.469047,2034
86769fccc4e17fb6,https://uy.linkedin.com/jobs/view/referente-de-expedici%C3%B3n-at-divino-sa-4447126729,Referente de expedición,,scraped,2026-08-02T20:37:26.060032,
70162a1120cdc29f,https://uy.linkedin.com/jobs/view/databricks-solutions-architect-at-qubika-4445943701,Databricks Solutions Architect,Qubika,posted,2026-08-02T20:37:40.938848,2036
e560befddcfe9035,https://uy.linkedin.com/jobs/view/senior-transaction-services-uruguay-at-pwc-4446784102,Senior Transaction Services - Uruguay,PwC,posted,2026-08-02T20:37:53.347709,2038
553848853bc12a96,https://uy.linkedin.com/jobs/view/azure-biztalk-integration-developer-at-twoconnect-microsoft-azure-integration-biztalk-logic-apps-consulting-migration-support-4447073550,Azure & BizTalk Integration Developer,"TwoConnect: Microsoft Azure Integration, BizTalk, Logic Apps Consulting, Migration &amp; Support.",posted,2026-08-02T20:38:04.430098,2040
782eb647a20bb367,https://uy.linkedin.com/jobs/view/agente-inmobiliario-at-smeding-bienes-ra%C3%ADces-4445030471,Agente inmobiliario,,scraped,2026-08-02T20:38:09.024974,
bb8cf8f6e9cb684e,https://uy.linkedin.com/jobs/view/analista-de-recursos-h%C3%ADdricos-at-danone-4446836235,Analista de Recursos Hídricos,,scraped,2026-08-02T20:38:18.740414,
fb9e1a7c101b9d66,https://uy.linkedin.com/jobs/view/%D0%BC%D0%B5%D0%BD%D0%B5%D0%B4%D0%B6%D0%B5%D1%80-%D0%BF%D0%BE-%D0%BF%D1%80%D0%BE%D0%B4%D0%B0%D0%B6%D0%B0%D0%BC-b2b-at-rim-mediagroup-4443698440,Менеджер по продажам B2B,,scraped,2026-08-02T20:38:27.056892,
ff684587a5f77c58,https://uy.linkedin.com/jobs/view/coordinador-de-ventas-at-general-motors-south-america-4443203510,Coordinador de Ventas,,scraped,2026-08-02T20:38:38.148451,
ac879490b34268b3,https://uy.linkedin.com/jobs/view/l%C3%ADder-de-e-commerce-at-experis-uruguay-4445097538,Líder de E-commerce,,scraped,2026-08-02T20:38:44.613586,
e65fb0bd393b5071,https://uy.linkedin.com/jobs/view/analista-de-n%C3%B3mina-at-manpowergroup-4445036828,Analista de nómina,ManpowerGroup,posted,2026-08-02T20:38:57.475120,2042
398e29c394506e44,https://uy.linkedin.com/jobs/view/oferta-de-trabajo-en-torrecampo-18-mayo-2026-at-colegio-oficial-de-enfermer%C3%ADa-de-c%C3%B3rdoba-4445594862,Oferta de Trabajo en Torrecampo (18-Mayo-2026),,scraped,2026-08-02T20:38:59.756044,
4076ba31895dbe3c,https://uy.linkedin.com/jobs/view/facility-coordinator-at-jll-4444521428,Facility Coordinator,JLL,posted,2026-08-02T20:39:20.064521,2044
71b57ce1c8d1a59d,https://uy.linkedin.com/jobs/view/coordinator-of-volunteers-at-orchid-group-of-companies-4444570986,Coordinator of Volunteers,مجموعة شركات الأوركيد,posted,2026-08-02T20:39:45.150291,2046
145a538810c2b604,https://uy.linkedin.com/jobs/view/ejecutivo-a-de-ventas-at-grupo-fertiberia-4448109201,Ejecutivo/a de ventas,Grupo Fertiberia,posted,2026-08-02T20:40:03.968993,79
fcbd6afa82ba2d36,https://uy.linkedin.com/jobs/view/cloud-architect-at-dlocal-4447711266,Cloud Architect,,scraped,2026-08-02T20:40:06.629940,
3dad8ce2a2f8257f,https://uy.linkedin.com/jobs/view/strategic-growth-and-algorithmic-innovation-lead-at-deinsa-global-4447715116,Strategic Growth and Algorithmic Innovation Lead,DEINSA GLOBAL,posted,2026-08-02T20:40:26.571316,2048
5db09f26d0d3e252,https://uy.linkedin.com/jobs/view/von-zuhause-geld-verdienen%3F-es-war-nie-einfacher%21-homeoffice-studentjob-ch-at-jobster-4447117838,Von Zuhause Geld verdienen? Es war nie einfacher! Homeoffice - Studentjob.ch,,scraped,2026-08-02T20:40:33.105576,
3c0c9f66b8fcc5d3,https://uy.linkedin.com/jobs/view/freelance-data-scraping-engineer-python-at-mindrift-4445001084,Freelance Data Scraping Engineer (Python),Mindrift,posted,2026-08-02T20:40:54.439507,473
f0eda9fab885c28c,https://uy.linkedin.com/jobs/view/agente-inmobiliario-at-inmobiliaria-imperium-4445829145,Agente inmobiliario,,scraped,2026-08-02T20:41:03.017272,
f764d7bf6b52160e,https://uy.linkedin.com/jobs/view/freelance-mobile-app-developer-ios-android-at-mindrift-4446577010,Freelance Mobile App Developer (iOS / Android),Mindrift,posted,2026-08-02T20:41:11.508683,145
cdf8e1cc7d08c1a4,https://uy.linkedin.com/jobs/view/treasury-operations-manager-americas-at-lato-jobs-4447504579,Treasury Operations Manager Americas,,scraped,2026-08-02T20:41:16.149737,
bc7c6a4d80e7741b,https://uy.linkedin.com/jobs/view/home-office-ihre-meinung-ist-wertvoll-%E2%80%93-lassen-sie-sich-daf%C3%BCr-belohnen%21-studentjob-ch-at-jobster-4447116281,Home Office: Ihre Meinung ist wertvoll – lassen Sie sich dafür belohnen! - Studentjob.ch,,scraped,2026-08-02T20:42:00.738881,
fb8e5476028f9f76,https://uy.linkedin.com/jobs/view/gerente-a-de-log%C3%ADstica-at-deloitte-4446832346,Gerente/a de Logística,Deloitte,posted,2026-08-02T20:42:17.681787,2050
b265dd8687510dfc,https://uy.linkedin.com/jobs/view/core-banking-migration-engineer-at-kinamic-4445022177,Core Banking migration Engineer,,scraped,2026-08-02T20:42:20.294902,
36213966bf39deb7,https://uy.linkedin.com/jobs/view/vendedor-at-fl-corporaciones-4446415998,Vendedor,FL Corporaciones,posted,2026-08-02T20:42:32.944260,1454
49795f7ffc2f90bd,https://uy.linkedin.com/jobs/view/vendedor-telef%C3%B3nico-call-center-at-rua-asistencia-4447857799,Vendedor Telefónico - Call Center,,scraped,2026-08-02T20:42:53.568561,
670535a25b653bf5,https://uy.linkedin.com/jobs/view/people-office-assistant-at-%2B%2Bhellohello-4446375526,People & Office Assistant,,scraped,2026-08-02T20:43:02.772347,
de56f55292be749c,https://uy.linkedin.com/jobs/view/vendedor-at-fl-corporaciones-4446430045,Vendedor,FL Corporaciones,posted,2026-08-02T20:43:11.404164,1454
e42ef00eabcf0d21,https://uy.linkedin.com/jobs/view/software-engineer-sports-media-at-sportradar-4445955318,Software Engineer (Sports Media),,scraped,2026-08-02T20:43:13.980812,
e1f904f71a326a95,https://uy.linkedin.com/jobs/view/mec%C3%A1nico-t%C3%A9cnico-en-mec%C3%A1nica-maldonado-at-selecci%C3%B3n-de-talentos-4445097577,Mecánico / Técnico en Mecánica Maldonado,,scraped,2026-08-02T20:43:22.803912,
b50c792fe0be5560,https://uy.linkedin.com/jobs/view/ingeniero-de-ml-senior-trabajo-remoto-at-bairesdev-4446790346,Ingeniero de ML Senior - Trabajo Remoto,BairesDev,posted,2026-08-02T20:44:03.429496,2052
2080a28bee25b6c3,https://uy.linkedin.com/jobs/view/senior-security-data-scientist-python-remote-work-at-bairesdev-4445741890,Senior Security Data Scientist (Python) - Remote Work,BairesDev,posted,2026-08-02T20:44:10.190819,1442
f57a56cf509efd2c,https://uy.linkedin.com/jobs/view/gesucht-teilnehmer-f%C3%BCr-bezahlte-studien-studentjob-ch-at-jobster-4447114366,Gesucht: Teilnehmer für bezahlte Studien - Studentjob.ch,Jobster,posted,2026-08-02T20:45:19.518489,2054
7e644cc79c6cf567,https://uy.linkedin.com/jobs/view/contable-senior-outsourcing-zona-franca-at-andersen-in-uruguay-4446313416,Contable Senior- Outsourcing Zona Franca,Andersen in Uruguay,posted,2026-08-02T20:45:49.211754,2056
aa63b53af0065c2c,https://uy.linkedin.com/jobs/view/warehouse-logistics-associate-ii-at-integer-holdings-corporation-4446137936,Warehouse & Logistics Associate II,Integer Holdings Corporation,posted,2026-08-02T20:46:22.285726,2058
92b7a3637064f464,https://uy.linkedin.com/jobs/view/verdiene-schnell-und-einfach-geld-mit-umfragen%21-von-%C3%BCberall%21-studentjob-ch-at-jobster-4447109040,Verdiene schnell und einfach Geld mit Umfragen! Von überall! - Studentjob.ch,Jobster,posted,2026-08-02T20:47:21.743473,2060
ae6c0472e2be5f3e,https://uy.linkedin.com/jobs/view/desarrollador-de-aplicaciones-ios-trabajo-remoto-at-bairesdev-4445154840,Desarrollador de Aplicaciones iOS - Trabajo Remoto,BairesDev,posted,2026-08-02T20:48:02.968853,2062
0f4ead0348185cf9,https://uy.linkedin.com/jobs/view/senior-messaging-platform-sre-messaging-platforms-e-g-ibm-mq-amazon-mq-expert-en-at-cae-4434580811,"Senior Messaging Platform SRE / messaging platforms (e.g., IBM MQ, Amazon MQ) expert-EN",CAE,posted,2026-08-02T20:48:35.547165,2064
1151f4ac555c0407,https://uy.linkedin.com/jobs/view/agentic-software-engineer-github-copilot-remote-latin-america-at-fullstack-4447595754,Agentic Software Engineer (GitHub Copilot) - Remote - Latin America,FullStack,posted,2026-08-02T20:48:42.210239,2014
a84ce1496140193c,https://uy.linkedin.com/jobs/view/agentic-software-engineer-github-copilot-remote-latin-america-at-fullstack-4447702688,Agentic Software Engineer (GitHub Copilot) - Remote - Latin America,FullStack,posted,2026-08-02T20:48:53.024914,2014
2921686e69e0d4fc,https://uy.linkedin.com/jobs/view/haizea-andueza-at-ms-represents-4447914807,HAIZEA ANDUEZA,,scraped,2026-08-03T20:50:56.480164,
360d867cd6df49fb,https://uy.linkedin.com/jobs/view/asistente-de-soporte-y-contenci%C3%B3n-at-aldeas-infantiles-sos-uruguay-4446236181,Asistente de soporte y contención,,scraped,2026-08-03T20:51:05.068511,
e1317db58acbf0d2,https://uy.linkedin.com/jobs/view/talent-acquisition-specialist-at-toptal-4448395952,Talent Acquisition Specialist,Toptal,posted,2026-08-03T20:51:21.582358,1386
c3de67e445980be1,https://uy.linkedin.com/jobs/view/encargado-de-producto-at-newlook-uruguay-4443604152,ENCARGADO DE PRODUCTO,,scraped,2026-08-03T20:51:30.183034,
c6b159d62a21b837,https://uy.linkedin.com/jobs/view/compensation-benefits-sr-analyst-at-topaz-4447987262,Compensation & Benefits Sr Analyst,Topaz,posted,2026-08-03T20:51:50.502127,2066
8a4d508e2b71608e,https://uy.linkedin.com/jobs/view/escribano-a-junior-carrasco-at-posadas-4448226634,ESCRIBANO/A JUNIOR | CARRASCO,,scraped,2026-08-03T20:51:53.115764,
6a81a41efd482394,https://uy.linkedin.com/jobs/view/operario-de-producci%C3%B3n-i-at-integer-holdings-corporation-4447596844,Operario de Producción I,Integer Holdings Corporation,posted,2026-08-03T20:52:12.899518,2068
5b9dc26ba8765008,https://uy.linkedin.com/jobs/view/consultores-as-de-mejora-de-procesos-at-paradigma-4446212218,Consultores/as de Mejora de Procesos,,scraped,2026-08-03T20:52:21.534586,
90473403f8d3a9b2,https://uy.linkedin.com/jobs/view/fluent-english-spanish-customer-support-consultant-remote-at-supportyourapp-4448147476,(fluent English & Spanish) Customer Support Consultant (remote),SupportYourApp,posted,2026-08-03T20:52:42.319850,2070
cff101cfaa3efb93,https://uy.linkedin.com/jobs/view/empleado-at-goat-london-4445559071,Empleado,,scraped,2026-08-03T20:52:54.921820,
34a9d72d2db57775,https://uy.linkedin.com/jobs/view/gerente-de-servicios-at-corporaci%C3%B3n-de-maquinaria-4446221357,Gerente de servicios,,scraped,2026-08-03T20:53:03.928690,
e8244f62834e3126,https://uy.linkedin.com/jobs/view/analista-comercial-at-manpowergroup-uruguay-4446239070,Analista comercial,,scraped,2026-08-03T20:53:30.566310,
9d97e2f4a444ee40,https://uy.linkedin.com/jobs/view/senior-talent-acquisition-specialist-at-dlocal-4448350435,Senior Talent Acquisition Specialist,,scraped,2026-08-03T20:53:44.102172,
3e961cef1db7a51e,https://uy.linkedin.com/jobs/view/account-manager-at-bigcheese-4447024617,Account Manager,BigCheese,posted,2026-08-03T20:53:56.812244,417
46c270a4d5035466,https://uy.linkedin.com/jobs/view/ejecutivo-de-venta-a-empresa-canal-interior-at-sodimac-4448602734,Ejecutivo de Venta a Empresa Canal Interior,,scraped,2026-08-03T20:54:01.362015,
aa81fe721229d8a3,https://uy.linkedin.com/jobs/view/job-mit-sinn-dialoger-m-w-d-80-%E2%80%93-100%25-chf-210-tag-fix-%2B-bonus-studentjob-ch-at-jobster-4447962042,Job mit Sinn: Dialoger (m/w/d) (80 – 100%) CHF 210.-/Tag fix + Bonus - Studentjob.ch,,scraped,2026-08-03T20:54:07.925993,
748120cc74f66144,https://uy.linkedin.com/jobs/view/jefe-de-gesti%C3%B3n-asistencial-at-sapp-emergencia-4445041203,Jefe de Gestión Asistencial,,scraped,2026-08-03T20:54:15.990501,
983ce9ec09a9f32a,https://uy.linkedin.com/jobs/view/structured-trade-finance-analyst-at-zonamerica-4444267261,Structured Trade Finance Analyst,,scraped,2026-08-03T20:54:24.529842,
b61090553e26804c,https://uy.linkedin.com/jobs/view/network-engineer-core-infrastructure-at-kraken-4447189638,Network Engineer - Core Infrastructure,Kraken,posted,2026-08-03T20:54:38.851158,2072
d78b94a2e21af5ff,https://uy.linkedin.com/jobs/view/analista-en-ciberseguridad-at-zonamerica-4444189047,Analista en Ciberseguridad,,scraped,2026-08-03T20:54:41.505649,
2d6b5ccbc681f490,https://uy.linkedin.com/jobs/view/terapeuta-ocupacional-4446223621,Terapeuta ocupacional,C.A.D.A INTEGRA,posted,2026-08-03T20:54:54.644513,2074
01c87d8689ddfbe5,https://uy.linkedin.com/jobs/view/retail-data-analytics-transformation-analyst-at-bbva-en-uruguay-4448389793,RETAIL DATA ANALYTICS TRANSFORMATION ANALYST,BBVA en Uruguay,posted,2026-08-03T20:55:08.374926,2076
0754497b07179586,https://uy.linkedin.com/jobs/view/administrativo-a-en-comercio-exterior-para-empresa-importadora-at-methodo-servicios-profesionales-en-rr-hh-4446238871,"ADMINISTRATIVO/A en COMERCIO EXTERIOR , para empresa importadora,",,scraped,2026-08-03T20:55:12.980846,
dff82fc847b0ae3a,https://uy.linkedin.com/jobs/view/ejecutivo-de-seguro-de-veh%C3%ADculos-at-stagnari-seguros-4445877221,Ejecutivo de Seguro de Vehículos,Stagnari Seguros,posted,2026-08-03T20:55:34.427046,2078
3714898118044baf,https://uy.linkedin.com/jobs/view/rt-latam-operations-team-manager-responsable-de-operaciones-rt-latam-csi-global-at-csi-4448602679,RT LATAM Operations & Team Manager / Responsable de Operaciones RT LATAM | CSI Global,,scraped,2026-08-03T20:55:37.132156,
6a908352e47ca4d0,https://uy.linkedin.com/jobs/view/staff-backend-engineer-at-gradient-ai-4447886360,Staff Backend Engineer,Gradient_AI,posted,2026-08-03T20:55:50.257418,2080
e484ae93a2bcfd1c,https://uy.linkedin.com/jobs/view/account-manager-at-manpowergroup-4446205962,Account Manager,ManpowerGroup,posted,2026-08-03T20:55:54.928882,417
6f3af97b910e62c3,https://uy.linkedin.com/jobs/view/ingeniero-civil-vial-project-manager-at-csi-4448317038,Ingeniero Civil (Vial) - Project Manager,,scraped,2026-08-03T20:56:01.513571,
41227dbea0791dca,https://uy.linkedin.com/jobs/view/asistente-equipo-de-proyecto-at-varesi-arquitectos-4446255441,Asistente equipo de Proyecto,,scraped,2026-08-03T20:56:11.739258,
46cea9aef5262eb6,https://uy.linkedin.com/jobs/view/gerente-a-de-operaciones-at-manpowergroup-uruguay-4444137461,Gerente/a de Operaciones,,scraped,2026-08-03T20:57:13.500115,
d24dd8ee82317793,https://uy.linkedin.com/jobs/view/electricista-industrial-at-work-office-4446533611,Electricista Industrial,,scraped,2026-08-03T20:57:23.887205,
eda11dcc8c709740,https://uy.linkedin.com/jobs/view/agentic-software-engineer-github-copilot-remote-latin-america-at-fullstack-4447590805,Agentic Software Engineer (GitHub Copilot) - Remote - Latin America,FullStack,posted,2026-08-03T20:57:32.798074,2014
06512704aa272087,https://uy.linkedin.com/jobs/view/analista-de-marketing-orientado-a-trade-marketing-at-gama-italy-uruguay-4446230268,Analista de Marketing orientado a Trade Marketing,,scraped,2026-08-03T20:57:39.375066,
e6f6a7d41b001505,https://uy.linkedin.com/jobs/view/analista-de-investigaci%C3%B3n-en-inteligencia-artificial-at-seidor-4446221093,Analista de Investigación en Inteligencia Artificial,SEIDOR,posted,2026-08-03T20:57:59.000774,2082
fb9e037b1a093529,https://uy.linkedin.com/jobs/view/coordinador-de-administraci%C3%B3n-y-contabilidad-at-nexum-consulting-4446237310,Coordinador de Administración y Contabilidad,,scraped,2026-08-03T20:58:01.567743,
6bc44f1c146958cb,https://uy.linkedin.com/jobs/view/lojas-renner-uy-vendedor-at-lojas-renner-s-a-4447600631,|LOJAS RENNER UY| Vendedor,,scraped,2026-08-03T20:58:20.221598,
e9b49188d15a6fc9,https://uy.linkedin.com/jobs/view/agente-de-ventas-at-travel-%2B-leisure-co-4447728403,Agente de Ventas,Travel + Leisure Co.,posted,2026-08-03T20:58:37.403744,2084
c4f47c42cfc5b06d,https://uy.linkedin.com/jobs/view/ejecutivo-a-de-ventas-at-trichodex-4448109201,Ejecutivo/a de ventas,TRICHODEX,posted,2026-08-03T20:58:51.776864,79
285af5ecf62809a9,https://uy.linkedin.com/jobs/view/platform-engineer-at-strider-4442185336,Platform Engineer,Strider,posted,2026-08-03T20:58:59.783655,2086
53eff8be2a6d9ffb,https://uy.linkedin.com/jobs/view/contador-a-contabilidad-e-impuestos-at-posadas-4446229081,CONTADOR/A - CONTABILIDAD E IMPUESTOS,,scraped,2026-08-03T20:59:02.391175,
8d2968da1a7650a3,https://uy.linkedin.com/jobs/view/foguista-electromec%C3%A1nico-a-para-cerealin-san-jos%C3%A9-de-mayo-at-conaprole-4447858758,Foguista Electromecánico/a para CEREALIN- San José de Mayo,,scraped,2026-08-03T20:59:17.601226,
9d8db7e38a528a14,https://uy.linkedin.com/jobs/view/business-development-officer-at-xm-4445528727,Business Development Officer,XM,posted,2026-08-03T20:59:51.353204,2088
8c6a6c8e833288d7,https://uy.linkedin.com/jobs/view/r%C3%A9pondez-%C3%A0-des-enqu%C3%AAtes-de-chez-vous-pendant-votre-temps-libre-%21-studentjob-ch-at-jobster-4447920655,Répondez à des enquêtes de chez vous pendant votre temps libre ! - Studentjob.ch,Jobster,posted,2026-08-03T21:00:30.680047,2090
821412c2d54c33a0,https://uy.linkedin.com/jobs/view/sinnvoller-job-als-dialoger-in-in-teamarbeit-%E2%80%93-einsatz-f%C3%BCr-menschenrechte-tiere-und-umwelt-studentjob-ch-at-jobster-4447939088,"Sinnvoller Job als Dialoger*in in Teamarbeit – Einsatz für Menschenrechte, Tiere und Umwelt - Studentjob.ch",Jobster,posted,2026-08-03T21:01:21.127802,2092
28d2f3103b6a1ff6,https://uy.linkedin.com/jobs/view/top-verdienen-in-der-schweiz-200-%E2%82%AC-pro-tag-als-dialoger-in-m-w-d-studentjob-ch-at-jobster-4447914922,Top verdienen in der Schweiz: 200 € pro Tag als Dialoger*in (m/w/d) - Studentjob.ch,,scraped,2026-08-03T21:01:23.766625,
0291044008b4abcf,https://uy.linkedin.com/jobs/view/senior-full-stack-engineer-node-%2B-vue-remote-latin-america-at-fullstack-4447541578,Senior Full Stack Engineer (Node + Vue) - Remote - Latin America,FullStack,posted,2026-08-03T21:01:33.930252,1954
4f57f3488ffdb976,https://uy.linkedin.com/jobs/view/ingeniero-civil-arquitecto-desarrollo-de-negocios-at-csi-4446318435,Ingeniero Civil / Arquitecto - Desarrollo de Negocios,,scraped,2026-08-03T21:01:36.548739,
66c9385789af25c3,https://uy.linkedin.com/jobs/view/von-zuhause-geld-verdienen%3F-es-war-nie-einfacher%21-homeoffice-studentjob-ch-at-jobster-4447924635,Von Zuhause Geld verdienen? Es war nie einfacher! Homeoffice - Studentjob.ch,,scraped,2026-08-03T21:01:47.100727,
ce8a77c235b0f4cf,https://uy.linkedin.com/jobs/view/ejecutivo-de-ventas-sector-tecnolog%C3%ADa-at-manpowergroup-uruguay-4446249777,Ejecutivo de Ventas / Sector Tecnología,,scraped,2026-08-03T21:02:15.373248,
15820bf78c46054c,https://uy.linkedin.com/jobs/view/senior-software-engineer-sports-media-at-lato-jobs-4445700428,Senior Software Engineer (Sports Media),,scraped,2026-08-03T21:02:51.975726,
8cb9f6e3cb6b2697,https://uy.linkedin.com/jobs/view/online-aufgaben-umfragen-flexible-m%C3%B6glichkeit-geld-online-zu-verdienen-studentjob-ch-at-jobster-4447937466,"Online Aufgaben & Umfragen - Flexible Möglichkeit, Geld online zu verdienen - Studentjob.ch",,scraped,2026-08-03T21:03:02.608162,
fd016209f53dcc57,https://uy.linkedin.com/jobs/view/staff-applied-scientist-adtech-at-launch-potato-4446730369,"Staff Applied Scientist, AdTech",Launch Potato,posted,2026-08-03T21:03:14.119527,183
3ed0479fb1798ef0,https://uy.linkedin.com/jobs/view/gtm-engineer-at-strider-4442785289,GTM Engineer,Strider,posted,2026-08-03T21:03:24.848700,2094
0c6f84d99da3688e,https://uy.linkedin.com/jobs/view/verdiene-schnell-und-einfach-geld-mit-umfragen%21-von-%C3%BCberall%21-studentjob-ch-at-jobster-4447924631,Verdiene schnell und einfach Geld mit Umfragen! Von überall! - Studentjob.ch,,scraped,2026-08-03T21:03:35.413206,
04a699e2c61341f4,https://uy.linkedin.com/jobs/view/sagen-sie-es%21-teilen-sie-ihre-erkenntnisse-mit%21-umfragen-durchf%C3%BChren-und-geld-verdienen%21-m-w-d-studentjob-ch-at-jobster-4447924838,Sagen Sie es! Teilen Sie Ihre Erkenntnisse mit! Umfragen durchführen und Geld verdienen! (m/w/d) - Studentjob.ch,,scraped,2026-08-03T21:03:43.700156,
f1c00d6d4cd41ccf,https://uy.linkedin.com/jobs/view/ferienjob-sommerjob-als-promoter-25-50-chf-h-w-m-d-studentjob-ch-at-jobster-4447950779,Ferienjob / Sommerjob als Promoter (25-50 CHF/h) (w/m/d) - Studentjob.ch,,scraped,2026-08-03T21:04:06.593166,
bc08dd6731b06681,https://uy.linkedin.com/jobs/view/verdiene-geld-von-zuhause-aus-nebenjob-im-home-office-mit-umfragen-studentjob-ch-at-jobster-4447924349,Verdiene Geld von Zuhause aus: Nebenjob im Home Office mit Umfragen - Studentjob.ch,,scraped,2026-08-03T21:04:14.468783,
81a94ab8a8956e8b,https://uy.linkedin.com/jobs/view/software-engineer-elixir-phoenix-latin-america-remote-at-bluelight-4448102838,Software Engineer (Elixir/Phoenix) - Latin America (REMOTE),Bluelight,posted,2026-08-03T21:04:47.380313,2096
070c963537c24929,https://uy.linkedin.com/jobs/view/software-engineer-elixir-phoenix-latin-america-remote-at-bluelight-4448118557,Software Engineer (Elixir/Phoenix) - Latin America (REMOTE),Bluelight,posted,2026-08-03T21:04:54.087781,2096
10912611eea27824,https://uy.linkedin.com/jobs/view/microsoft-dynamics-365-developer-remote-latin-america-at-fullstack-4446933292,Microsoft Dynamics 365 Developer - Remote - Latin America,FullStack,posted,2026-08-03T21:05:03.152474,1974
adb893d98b54fca3,https://uy.linkedin.com/jobs/view/ayudante-de-dep%C3%B3sito-at-lg-amoblamientos-4447858759,Ayudante de Depósito,LG Amoblamientos,posted,2026-08-04T21:58:03.310915,2098
56b79d1d55620fa4,https://uy.linkedin.com/jobs/view/vendedor-a-casa-central-at-divino-sa-4448277166,Vendedor/a Casa Central,,scraped,2026-08-04T21:58:11.850620,
31d76e9c6a6d0f14,https://uy.linkedin.com/jobs/view/tallerista-para-centro-juvenil-nuevo-camino-at-aldeas-infantiles-sos-uruguay-4446227948,Tallerista para Centro Juvenil Nuevo Camino,,scraped,2026-08-04T21:58:19.330433,
5e75bb1083935a1b,https://uy.linkedin.com/jobs/view/auxiliares-de-sal%C3%B3n-y-cajeros-aventura-shopping-sayago-at-unilam-4447863594,Auxiliares de Salón y Cajeros (AVENTURA SHOPPING SAYAGO),,scraped,2026-08-04T21:58:25.842929,
bdd90fd0eb41702f,https://uy.linkedin.com/jobs/view/elsa-romero-at-world-summit-awards-tanzania-4447881491,ELSA ROMERO,World Summit Awards - Tanzania,posted,2026-08-04T21:58:39.587807,2100
a078de7859d0fba2,https://uy.linkedin.com/jobs/view/agente-de-atenci%C3%B3n-al-cliente-at-cash-4448644573,Agente de atención al cliente,CASH,posted,2026-08-04T21:58:53.442294,2102
30933e13aa000068,https://uy.linkedin.com/jobs/view/vacantes-por-temporada-la-tuna-at-el-dorado-4448267287,Vacantes por Temporada La Tuna,,scraped,2026-08-04T21:58:57.998135,
483576a55640eea6,https://uy.linkedin.com/jobs/view/commercial-analyst-at-pedidosya-4448232199,Commercial Analyst,,scraped,2026-08-04T21:59:06.886440,
fe94fe0e1c5cb8c0,https://uy.linkedin.com/jobs/view/sales-supervisor-at-tesla-4446856988,Sales Supervisor,Tesla,posted,2026-08-04T21:59:25.607961,2104
dd426a7ece6ad911,https://uy.linkedin.com/jobs/view/lead-applied-scientist-marketing-at-launch-potato-4446729337,"Lead Applied Scientist, Marketing",Launch Potato,posted,2026-08-04T21:59:38.083939,2106
1887f3a2eb0f1b2e,https://uy.linkedin.com/jobs/view/technical-product-manager-at-sunnydata-4448399871,Technical Product Manager,SunnyData,posted,2026-08-04T21:59:45.832747,2108
a4288a9b1b7bb80f,https://uy.linkedin.com/jobs/view/observability-engineer-uy-at-whitestack-4447409970,Observability Engineer - UY,Whitestack,posted,2026-08-04T21:59:54.446823,2110
1f86887bd1fe64b5,https://uy.linkedin.com/jobs/view/after-sales-manager-at-ponsse-4441091336,After Sales Manager,,scraped,2026-08-04T21:59:58.867112,
c46c27cb9b4e408b,https://uy.linkedin.com/jobs/view/jefe-de-venta-tienda-maldonado-at-sodimac-4448609678,Jefe de Venta Tienda Maldonado,,scraped,2026-08-04T22:00:06.360736,
6aee063e5dd091e9,https://uy.linkedin.com/jobs/view/recepcionista-nh-montevideo-columbia-montevideo-uruguay-at-minor-hotels-europe-and-americas-4448869558,"Recepcionista - NH Montevideo Columbia - Montevideo, Uruguay",,scraped,2026-08-04T22:00:12.872796,
d7efe7806c058a60,https://uy.linkedin.com/jobs/view/responsable-de-operaciones-at-atlantic-south-real-estate-4446675787,Responsable de Operaciones,,scraped,2026-08-04T22:00:19.995277,
5eecb636cbde833c,https://uy.linkedin.com/jobs/view/senior-accounting-and-finance-consultant-controller-level-at-prove-4445823343,Senior Accounting and Finance Consultant (Controller Level),PROVE,posted,2026-08-04T22:00:39.768794,2112
2546bed788f55087,https://uy.linkedin.com/jobs/view/freelance-annotator-english-ai-trainer-at-mindrift-data-annotation-projects-4447030364,Freelance Annotator (English) - AI Trainer,Mindrift Data Annotation Projects,posted,2026-08-04T22:00:44.310898,1234
6aabcd45584ca767,https://uy.linkedin.com/jobs/view/encargado-de-cr%C3%A9dito-y-cobranzas-at-entrust-servicios-profesionales-de-recursos-humanos-4446652778,Encargado de Crédito y Cobranzas,ENTRUST,posted,2026-08-04T22:01:27.316794,2114
94e2d218b89312db,https://uy.linkedin.com/jobs/view/chief-information-security-officer-at-domus-global-4448232507,Chief Information Security Officer,,scraped,2026-08-04T22:01:33.924821,
f82c89d6f2c33fef,https://uy.linkedin.com/jobs/view/tax-support-analyst-at-step-uy-4446654041,Tax Support Analyst,STeP Uy,posted,2026-08-04T22:01:51.910977,2116
4ab4f4b6c497c78c,https://uy.linkedin.com/jobs/view/technology-innovation-head-at-topaz-4446221070,Technology Innovation Head,Topaz,posted,2026-08-04T22:02:05.753093,2118
98849eff3ec6767c,https://uy.linkedin.com/jobs/view/jefe-a-de-mantenimiento-nh-montevideo-columbia-montevideo-uruguay-at-minor-hotels-europe-and-americas-4448861603,"Jefe/a de Mantenimiento - NH Montevideo Columbia - Montevideo, Uruguay",,scraped,2026-08-04T22:02:14.372769,
1056e16c7039e416,https://uy.linkedin.com/jobs/view/chatbot-developer-whatsapp-telegram-discord-freelance-at-mindrift-4448311366,"Chatbot Developer (WhatsApp, Telegram, Discord) - Freelance",Mindrift,posted,2026-08-04T22:02:23.252355,1172
b1872475dd8b3eac,https://uy.linkedin.com/jobs/view/t%C3%A9cnico-inform%C3%A1tico-junior-at-itpro-4446663560,Técnico Informático Junior,,scraped,2026-08-04T22:02:25.846500,
dfbdfd9ff53010d0,https://uy.linkedin.com/jobs/view/homeoffice-mit-online-umfragen-geld-verdienen-von-%C3%BCberall%21-studentjob-ch-at-jobster-4447911936,Homeoffice: Mit online-Umfragen Geld verdienen von überall! - Studentjob.ch,,scraped,2026-08-04T22:02:40.014548,
242b1c0f5934f332,https://uy.linkedin.com/jobs/view/analista-de-ia-at-knight-therapeutics-4448233365,Analista de IA,,scraped,2026-08-04T22:02:48.479796,
e11a74bec0aa4870,https://uy.linkedin.com/jobs/view/suscriptor-de-riesgos-comerciales-global-marine-at-entrust-servicios-profesionales-de-recursos-humanos-4446670324,Suscriptor de Riesgos Comerciales - Global Marine,ENTRUST,posted,2026-08-04T22:03:30.444284,2120
0622a74bf79fcceb,https://uy.linkedin.com/jobs/view/analista-senior-de-prevenci%C3%B3n-de-fraude-shipping-at-mercado-libre-4446638663,Analista Senior de Prevención de Fraude Shipping,,scraped,2026-08-04T22:03:33.111898,
a5bc6e2e069f326d,https://uy.linkedin.com/jobs/view/escribano-a-junior-at-posadas-4445885903,ESCRIBANO/A JUNIOR,,scraped,2026-08-04T22:03:39.810860,
e88f5974b9b5c600,https://uy.linkedin.com/jobs/view/territory-manager-uruguay-at-halter-4448281316,Territory Manager - Uruguay,,scraped,2026-08-04T22:03:51.156143,
c3d76370c40eaae0,https://uy.linkedin.com/jobs/view/certified-nursing-assistant-at-pikes-peak-post-acute-4448679251,Certified Nursing Assistant,Pikes Peak Post Acute,posted,2026-08-04T22:04:06.672759,2122
b331c5e1a650a405,https://uy.linkedin.com/jobs/view/senior-business-analyst-at-amaris-consulting-4446248950,Senior Business Analyst,,scraped,2026-08-04T22:04:09.281662,
66db91ef82b64267,https://uy.linkedin.com/jobs/view/data-governance-analyst-at-blend-4448197498,Data Governance Analyst,Blend,posted,2026-08-04T22:04:19.052905,1212
942ecaa37d69850d,https://uy.linkedin.com/jobs/view/asesor-de-ventas-comerciales-at-prota-4446230678,Asesor de ventas comerciales,,scraped,2026-08-04T22:04:25.675851,
eeab348bb95e955f,https://uy.linkedin.com/jobs/view/merchandiser-con-libreta-cat-a-en-canelones-ciudad-at-trade%2B-merchandising-4448218826,Merchandiser con libreta Cat A en Canelones ciudad,,scraped,2026-08-04T22:04:31.903051,
0d8ec56755890bc8,https://uy.linkedin.com/jobs/view/assistant-housekeeping-manager-at-royal-caribbean-group-4448257578,Assistant Housekeeping Manager,Royal Caribbean Group,posted,2026-08-04T22:04:49.779641,2124
a470e5385459af61,https://uy.linkedin.com/jobs/view/freelance-agent-evaluation-engineer-at-mindrift-4448184033,Freelance Agent Evaluation Engineer,Mindrift,posted,2026-08-04T22:04:54.602604,329
6b527cb65661540c,https://uy.linkedin.com/jobs/view/business-development-manager-%E2%80%93-licensing-strategic-partnerships-at-oxygeno-4446637765,Business Development Manager – Licensing & Strategic Partnerships,,scraped,2026-08-04T22:04:57.165846,
5cf6e99249b944ad,https://uy.linkedin.com/jobs/view/contable-superior-at-andersen-in-uruguay-4446252173,Contable Superior,Andersen in Uruguay,posted,2026-08-04T22:05:09.153567,1942
78e7de27bbd363ab,https://uy.linkedin.com/jobs/view/biology-expert-ai-trainer-uruguay-at-anyone-ai-4448893124,Biology Expert - AI Trainer (Uruguay),Anyone AI,posted,2026-08-04T22:05:21.318254,2126
5e613c8c49c34911,https://uy.linkedin.com/jobs/view/accounts-payable-specialist-at-tata-consultancy-services-4448397805,Accounts Payable Specialist,Tata Consultancy Services,posted,2026-08-04T22:05:35.772513,2128
a02bb56ee90509bc,https://uy.linkedin.com/jobs/view/asesor-a-de-ventas-automotriz-at-work-office-4440466049,Asesor/a de Ventas Automotriz,,scraped,2026-08-04T22:05:44.372235,
f25a78cdab3eda00,https://uy.linkedin.com/jobs/view/risk-data-science-specialist-uruguay-at-prex-4448615751,Risk Data Science Specialist Uruguay,,scraped,2026-08-04T22:05:56.837254,
86e9ae8dc411285c,https://uy.linkedin.com/jobs/view/gesucht-teilnehmer-f%C3%BCr-bezahlte-studien-studentjob-ch-at-jobster-4447957580,Gesucht: Teilnehmer für bezahlte Studien - Studentjob.ch,,scraped,2026-08-04T22:06:03.230418,
6de80bbe81bd43a3,https://uy.linkedin.com/jobs/view/recruiting-analyst-remote-work-at-bairesdev-4448578573,Recruiting Analyst - Remote Work,BairesDev,posted,2026-08-04T22:06:16.531881,2130
3ff8050416540caf,https://uy.linkedin.com/jobs/view/fluent-german-part-time-landing-page-specialist-remote-at-supportyourapp-4448189834,(Fluent German) Part-time Landing Page Specialist (Remote),SupportYourApp,posted,2026-08-04T22:06:23.973144,2132
e95f904ad4bc1caa,https://uy.linkedin.com/jobs/view/heimarbeit-homeoffice-mit-online-umfragen-geld-verdienen-von-%C3%BCberall%21-studentjob-ch-at-jobster-4447915881,Heimarbeit / Homeoffice: Mit online-Umfragen Geld verdienen von überall! - Studentjob.ch,,scraped,2026-08-04T22:06:34.602775,
8363df54a19f3e90,https://uy.linkedin.com/jobs/view/andritz-inspector-a-de-confiabilidad-en-upm-paso-de-los-toros-at-advice-uruguay-4446652632,ANDRITZ: Inspector/a de Confiabilidad (en UPM Paso de los Toros),,scraped,2026-08-04T22:06:55.024978,
87d5bcc27d1bd26e,https://uy.linkedin.com/jobs/view/manager-of-systems-automation-at-lato-jobs-4446053862,Manager of Systems & Automation,,scraped,2026-08-04T22:07:08.684951,
aac4ef924f1f47e6,https://uy.linkedin.com/jobs/view/property-sales-manager-nh-montevideo-columbia-montevideo-uruguay-at-minor-hotels-europe-and-americas-4448894752,"Property Sales Manager - NH Montevideo Columbia - Montevideo, Uruguay",,scraped,2026-08-04T22:07:19.150628,
46f466a9cd2d4910,https://uy.linkedin.com/jobs/view/analista-contable-at-remiplat-uruguay-4446243286,Analista Contable,,scraped,2026-08-04T22:07:33.782956,
21f699d1407fed86,https://uy.linkedin.com/jobs/view/medical-equipment-sales-representative-at-rotala-international-4446294308,Medical Equipment Sales Representative,Rotala International,posted,2026-08-04T22:07:50.165680,2134
add93edd223ac8b2,https://uy.linkedin.com/jobs/view/ejecutivo-de-cuentas-b2b-at-manpowergroup-4446233950,Ejecutivo de cuentas B2B,ManpowerGroup,posted,2026-08-04T22:07:54.921068,1178
51f9e8b71ce5be66,https://uy.linkedin.com/jobs/view/t%C3%A9cnico-%C3%B3ptico-4445545298,TÉCNICO ÓPTICO,Confidencial pocitos,posted,2026-08-04T22:08:02.144757,2136
5a9be8b00a35d56d,https://uy.linkedin.com/jobs/view/agente-inmobiliario-independiente-con-experiencia-comercial-at-keller-williams-uruguay-4446647407,Agente inmobiliario independiente con experiencia comercial,,scraped,2026-08-04T22:08:06.704273,
55df997b9697507c,https://uy.linkedin.com/jobs/view/referente-de-sector-colchones-at-divino-sa-4447425125,Referente de sector colchones,,scraped,2026-08-04T22:08:16.502820,
48e0315636c50aa1,https://uy.linkedin.com/jobs/view/field-operations-supervisor-at-pedidosya-4447977958,Field Operations Supervisor,,scraped,2026-08-04T22:08:25.814931,
06461dc0ee4cb482,https://uy.linkedin.com/jobs/view/vendedor-a-at-fivisa-4446689010,Vendedor/a,,scraped,2026-08-04T22:08:34.635904,
b976be335fd6418d,https://uy.linkedin.com/jobs/view/senior-ai-oriented-designer-at-infocasas-4446228537,Senior AI-Oriented Designer,,scraped,2026-08-04T22:08:41.205712,
df83cc69a962805f,https://uy.linkedin.com/jobs/view/estudiantes-de-contador-p%C3%BAblico-at-guyer-regules-4431984125,Estudiantes de Contador Público,,scraped,2026-08-04T22:08:48.437099,
4310def9c942b7d5,https://uy.linkedin.com/jobs/view/supervisor-comercial-para-el-litoral-norte-y-centro-at-randstad-uruguay-4446683295,Supervisor Comercial para el Litoral Norte y Centro,,scraped,2026-08-04T22:08:59.464387,
9735b5ce1335afc5,https://uy.linkedin.com/jobs/view/dispatch-coordinator-at-cs-outsource-4446924503,Dispatch Coordinator,CS Outsource,posted,2026-08-04T22:09:10.630614,1912
121c913938ca8806,https://uy.linkedin.com/jobs/view/data-engineer-at-staffsource-4446242881,Data Engineer,StaffSource,posted,2026-08-04T22:09:21.766528,41
7976917d34b81905,https://uy.linkedin.com/jobs/view/verdiene-geld-mit-deinen-meinungen-%E2%80%93-flexibler-nebenjob-f%C3%BCr-studenten%21-studentjob-ch-at-jobster-4447976022,Verdiene Geld mit deinen Meinungen – Flexibler Nebenjob für Studenten! - Studentjob.ch,,scraped,2026-08-04T22:09:28.328544,
0eb6b32fe2615862,https://uy.linkedin.com/jobs/view/desarrollador-full-stack-con-experiencia-en-ia-at-zonamerica-4444129756,Desarrollador Full Stack con experiencia en IA,,scraped,2026-08-04T22:09:46.958111,
46b3834b9e742de5,https://uy.linkedin.com/jobs/view/oracle-business-analyst-at-zonamerica-4444248863,Oracle Business Analyst,,scraped,2026-08-04T22:09:56.725193,
451df19e9ac9ad4f,https://uy.linkedin.com/jobs/view/einfach-mit-umfragen-geld-verdienen-mit-toluna-studentjob-ch-at-jobster-4447914967,"Einfach mit Umfragen Geld verdienen, mit Toluna - Studentjob.ch",Jobster,posted,2026-08-04T22:10:58.716578,2138
eaec4c3c34ed1342,https://uy.linkedin.com/jobs/view/technical-support-semisenior-at-evertec-4448366584,Technical Support SemiSenior,Evertec,posted,2026-08-04T22:11:31.804231,2140
266fc81e12543b5a,https://uy.linkedin.com/jobs/view/online-umfragen-im-home-office-bearbeiten-f%C3%BCr-geld-studentjob-ch-at-jobster-4447930897,Online-Umfragen im Home-Office bearbeiten für Geld - Studentjob.ch,Jobster,posted,2026-08-04T22:12:16.510673,2142
befcd481cf01e2d0,https://uy.linkedin.com/jobs/view/tecnico-agropecuario-4446642257,Tecnico Agropecuario,In out San Jose de Mayo,posted,2026-08-04T22:12:37.520525,2144
20af2b7b209977c4,https://uy.linkedin.com/jobs/view/senior-python-data-scraping-engineer-freelance-at-mindrift-4444559984,Senior Python Data Scraping Engineer (Freelance),Mindrift,posted,2026-08-04T22:12:46.155427,167
f372485788e3244c,https://uy.linkedin.com/jobs/view/risk-decision-engine-senior-analyst-uruguay-at-prex-4448624513,Risk Decision Engine Senior Analyst Uruguay,,scraped,2026-08-04T22:12:52.730166,
4b85b1fa350b21d5,https://uy.linkedin.com/jobs/view/corporate-travel-and-mobility-agent-remote-work-at-bairesdev-4448545087,Corporate Travel and Mobility Agent - Remote Work,BairesDev,posted,2026-08-04T22:13:05.632087,579
f096c0943a18257d,https://uy.linkedin.com/jobs/view/android-developer-at-applaudo-4448613597,Android Developer,,scraped,2026-08-04T22:13:44.199241,
5e290685715ddb98,https://uy.linkedin.com/jobs/view/software-engineer-elixir-phoenix-remote-latin-america-at-bluelight-4448622465,Software Engineer - Elixir/Phoenix - Remote - Latin America,Bluelight,posted,2026-08-04T22:13:59.281174,2146
2b831d09042b8578,https://uy.linkedin.com/jobs/view/full-stack-developer-java-%2B-typescript-%2B-pwa-remote-latin-america-at-fullstack-4448637140,Full Stack Developer (Java + TypeScript + PWA) - Remote - Latin America,FullStack,posted,2026-08-04T22:14:08.603101,2148
40314260418d7a3f,https://uy.linkedin.com/jobs/view/minijob-von-zuhause-aus-verdiene-bares-geld-f%C3%BCr-umfragen-studentjob-ch-at-jobster-4447962538,Minijob von zuhause aus - verdiene bares Geld für Umfragen - Studentjob.ch,,scraped,2026-08-04T22:14:17.222413,
56a921723f87421f,https://uy.linkedin.com/jobs/view/heimarbeit-verdiene-geld-mit-umfragen-in-der-marktforschung-studentjob-ch-at-jobster-4447947299,Heimarbeit -Verdiene Geld mit Umfragen in der MARKTFORSCHUNG - Studentjob.ch,,scraped,2026-08-04T22:14:30.249761,
d7d4046355842601,https://uy.linkedin.com/jobs/view/mitarbeiter-in-terminvereinbarung-%E2%80%93-nebenjob-mit-attraktiver-erfolgsprovision-studentjob-ch-at-jobster-4447937906,Mitarbeiter/in Terminvereinbarung – Nebenjob mit attraktiver Erfolgsprovision - Studentjob.ch,,scraped,2026-08-04T22:14:42.977562,
0f833f234fd0afbe,https://uy.linkedin.com/jobs/view/enqu%C3%AAteur-pour-des-sondages-en-ligne-t%C3%A9l%C3%A9travail-h-f-studentjob-ch-at-jobster-4447903930,Enquêteur pour des sondages en ligne - télétravail H/F - Studentjob.ch,Jobster,posted,2026-08-04T22:15:32.350204,2150
eb38efc6e523469a,https://uy.linkedin.com/jobs/view/abschl%C3%A4mmbares-f-at-beton-konkret-4449620549,abschlämmbares (f),,scraped,2026-08-05T19:01:16.987763,
8e50526531cd82b2,https://uy.linkedin.com/jobs/view/melo-movie-at-new-kdrama-4449667562,melo-movie,,scraped,2026-08-05T19:01:29.770082,
9266a1ddd6cb0aa4,https://uy.linkedin.com/jobs/view/drill-at-b-m-macchine-utensili-srl-4449408265,DRILL,,scraped,2026-08-05T19:01:37.866682,
d4925d4428979832,https://uy.linkedin.com/jobs/view/https-restaurantsmalta-com-restaurant-maldonado-bistro-at-restaurantsmalta-4449449881,https://restaurantsmalta.com/restaurant/maldonado-bistro/,,scraped,2026-08-05T19:01:46.530037,
6e1b4e725e0c5abe,https://uy.linkedin.com/jobs/view/information-technology-sourcing-manager-at-tata-consultancy-services-4449005680,Information Technology Sourcing Manager,Tata Consultancy Services,posted,2026-08-05T19:02:10.808050,2152
b556136957d5d2de,https://uy.linkedin.com/jobs/view/lavador-de-veh%C3%ADculos-%E2%80%93-libreta-cat-a-rotaci%C3%B3n-entre-sucursales-at-work-office-4449430832,LAVADOR DE VEHÍCULOS – LIBRETA CAT A | ROTACIÓN ENTRE SUCURSALES,,scraped,2026-08-05T19:02:15.412903,
c4cd9630dc7e9305,https://uy.linkedin.com/jobs/view/devops-engineer-at-tata-consultancy-services-4449600485,DevOps Engineer,Tata Consultancy Services,posted,2026-08-05T19:02:31.227257,2154
5801c5e977f24887,https://uy.linkedin.com/jobs/view/gestor-de-cobranzas-montevideo-presencial-uruguay-at-m-a-g-a-asoc-4448047409,Gestor de Cobranzas | Montevideo | Presencial (Uruguay),M.A.G.A &amp; Asoc.,posted,2026-08-05T19:02:42.058033,2156
4eb0c1b78a4f041e,https://uy.linkedin.com/jobs/view/talent-pool-data-engineer-staffing-at-gogrow-4448587579,Talent Pool | Data Engineer | Staffing,GoGrow,posted,2026-08-05T19:03:00.963175,1504
773069fe7aec52d0,https://uy.linkedin.com/jobs/view/visual-merchandiser-at-forter-s-a-4448018805,Visual Merchandiser,FORTER S.A.,posted,2026-08-05T19:03:15.779734,2158
b3fb9a608ab976f1,https://uy.linkedin.com/jobs/view/machine-learning-engineer-at-round-table-devops-series-%23rtdos-4448924537,machine learning engineer,,scraped,2026-08-05T19:03:24.246822,
8796032b7389d06f,https://uy.linkedin.com/jobs/view/hr-generalist-on-site-montevideo-at-sophilabs-4448040651,HR Generalist (On Site-Montevideo),Sophilabs,posted,2026-08-05T19:03:39.738796,2160
cf226580f7ea4b3c,https://uy.linkedin.com/jobs/view/technical-product-support-specialist-datamerge-at-sabre-4413141787,Technical Product Support Specialist (Datamerge),Sabre,posted,2026-08-05T19:03:49.135409,2162
be659b93057af678,https://uy.linkedin.com/jobs/view/marketing-coordinator-at-dingus-zazzy-4447318210,Marketing Coordinator,Dingus & Zazzy,posted,2026-08-05T19:03:55.658214,1222
967d7bcb4853f3ea,https://uy.linkedin.com/jobs/view/qu%C3%ADmico-analista-at-eurofarma-4449685019,Químico Analista,,scraped,2026-08-05T19:04:08.349827,
8170c33bcef82ab7,https://uy.linkedin.com/jobs/view/treasury-operations-manager-americas-at-syngenta-4448370320,Treasury Operations Manager Americas,,scraped,2026-08-05T19:04:17.280046,
d1292afb43a45de2,https://uy.linkedin.com/jobs/view/contador-a-supervisor-contabilidad-e-impuestos-at-posadas-4448926111,CONTADOR/A SUPERVISOR | CONTABILIDAD E IMPUESTOS,,scraped,2026-08-05T19:04:23.507208,
c95eaf7cca0bdf75,https://uy.linkedin.com/jobs/view/asistente-de-marketing-y-producci%C3%B3n-at-forter-s-a-4426467127,Asistente de Marketing y Producción,FORTER S.A.,posted,2026-08-05T19:04:40.673315,2164
b9880a56a77ba362,https://uy.linkedin.com/jobs/view/anastasia-de-melo-navard-at-eci-talent-artistic-agency-4448584246,Anastasia DE MELO NAVARD,,scraped,2026-08-05T19:04:45.113908,
9856545751035477,https://uy.linkedin.com/jobs/view/analista-de-people-analytics-at-hipo-talent-acquisition-4448257789,ANALISTA DE PEOPLE ANALYTICS,,scraped,2026-08-05T19:04:52.199389,
b57c79c6ac7fe81b,https://uy.linkedin.com/jobs/view/auxiliar-de-comercio-exterior-at-work-office-4449435712,Auxiliar de Comercio Exterior,,scraped,2026-08-05T19:05:17.241629,
970702c20146cad8,https://uy.linkedin.com/jobs/view/analista-digital-estrat%C3%A9gico-at-el-pa%C3%ADs-uruguay-4446680467,Analista digital estratégico,El País Uruguay,posted,2026-08-05T19:05:37.672960,2166
158f66b55b21d694,https://uy.linkedin.com/jobs/view/facilties-electrical-mechanical-maintenance-technician-at-satellogic-4446221404,Facilties Electrical & Mechanical Maintenance Technician,,scraped,2026-08-05T19:05:52.271541,
eb900f1eddd11c9d,https://uy.linkedin.com/jobs/view/hiring-journey-analyst-remote-work-at-bairesdev-4449106594,Hiring Journey Analyst - Remote Work,BairesDev,posted,2026-08-05T19:06:06.521860,227
df7e2570481bcf17,https://uy.linkedin.com/jobs/view/crm-manager-remote-work-at-bairesdev-4448987908,CRM Manager - Remote Work,BairesDev,posted,2026-08-05T19:06:13.423597,1258
db663d5dd2fbfd3a,https://uy.linkedin.com/jobs/view/analista-de-hiring-journey-trabajo-remoto-at-bairesdev-4449114514,Analista de Hiring Journey - Trabajo Remoto,BairesDev,posted,2026-08-05T19:06:20.423546,309
0354f3343cb2fc43,https://uy.linkedin.com/jobs/view/talent-acquisition-associate-remote-work-at-bairesdev-4449167374,Talent Acquisition Associate - Remote Work,BairesDev,posted,2026-08-05T19:06:25.622679,1182
64c61cec9bc2f278,https://uy.linkedin.com/jobs/view/salesforce-developer-revops-at-strider-4442776729,Salesforce Developer & RevOps,Strider,posted,2026-08-05T19:06:33.874019,2168
e4d2c5b7a9fe274b,https://uy.linkedin.com/jobs/view/office-of-the-ceo-analyst-remote-work-at-bairesdev-4448533915,Office of the CEO Analyst - Remote Work,BairesDev,posted,2026-08-05T19:06:38.847347,419
6d56da691b2f6475,https://uy.linkedin.com/jobs/view/guest-service-officer-at-royal-caribbean-group-4448825020,Guest Service Officer,Royal Caribbean Group,posted,2026-08-05T19:06:48.244783,2170
d5976df1799db3cb,https://uy.linkedin.com/jobs/view/vacantes-por-temporada-piri%C3%A1polis-sol%C3%ADs-las-flores-at-el-dorado-4449444396,Vacantes por Temporada Piriápolis - Solís - Las Flores,,scraped,2026-08-05T19:06:57.011449,
59912f3c9b25a68d,https://uy.linkedin.com/jobs/view/sr-accounting-analyst-at-topaz-4447303536,Sr Accounting Analyst,Topaz,posted,2026-08-05T19:07:15.930599,2172
9a3f854e162d0f6a,https://uy.linkedin.com/jobs/view/talent-pool-senior-fullstack-developer-python-react-at-gogrow-4448582708,Talent Pool | Senior Fullstack Developer (Python/React),GoGrow,posted,2026-08-05T19:07:22.923155,1564
f3b7b31571bd87b1,https://uy.linkedin.com/jobs/view/analista-senior-de-prevenci%C3%B3n-de-fraude-shipping-at-lato-jobs-4449090882,Analista Senior de Prevención de Fraude Shipping,,scraped,2026-08-05T19:07:25.521592,
8b5b05d0533888a0,https://uy.linkedin.com/jobs/view/ejecutivo-de-venta-especialista-at-tigo-uruguay-4449651182,Ejecutivo de Venta Especialista,Tigo Uruguay,posted,2026-08-05T19:07:38.802517,2174
65dc294be85a8de1,https://uy.linkedin.com/jobs/view/auxiliar-contable-4445880371,Auxiliar contable,ESTUDIO SAB (Sapolinski - Aldana - Branda),posted,2026-08-05T19:07:42.944707,59
bdc1d5b012ac77f1,https://uy.linkedin.com/jobs/view/vacantes-por-temporada-rocha-at-el-dorado-4448258415,Vacantes por Temporada Rocha,,scraped,2026-08-05T19:07:47.611578,
e8466f6c00e4c626,https://uy.linkedin.com/jobs/view/oferta-de-trabajo-en-lucena-18-mayo-2026-at-colegio-oficial-de-enfermer%C3%ADa-de-c%C3%B3rdoba-4445801734,Oferta de Trabajo en Lucena (18-Mayo-2026),,scraped,2026-08-05T19:07:58.172151,
57a15887f09dc38e,https://uy.linkedin.com/jobs/view/sales-specialist-at-cs-outsource-4447182927,Sales Specialist,CS Outsource,posted,2026-08-05T19:08:12.766320,2176
b28db3943886823d,https://uy.linkedin.com/jobs/view/asistente-de-promocion-de-exportaciones-uruguay-xxi-at-uruguay-xxi-4448027721,Asistente de Promocion de Exportaciones- URUGUAY XXI,,scraped,2026-08-05T19:08:15.342701,
7ba9cf5e62703899,https://uy.linkedin.com/jobs/view/referente-operativo-de-soporte-at-abya-4448028770,Referente Operativo de Soporte,ABYA,posted,2026-08-05T19:08:29.251354,2178
5565fd25846132f9,https://uy.linkedin.com/jobs/view/soporte-t%C3%A9cnico-it-at-opentech-4447338901,Soporte técnico IT,,scraped,2026-08-05T19:08:31.868194,
627255f7ff413109,https://uy.linkedin.com/jobs/view/auxiliar-de-ventas-florida-at-only-brand-house-4447558729,Auxiliar de Ventas - Florida,,scraped,2026-08-05T19:08:43.611423,
ef93c93a06057f5d,https://uy.linkedin.com/jobs/view/analista-de-desarrollo-de-canal-tradicional-marketing-at-coca-cola-femsa-4448540206,Analista de Desarrollo de Canal Tradicional (Marketing),Coca-Cola FEMSA,posted,2026-08-05T19:09:05.677168,2180
258c0bd462e0b5f2,https://uy.linkedin.com/jobs/view/responsable-gesti%C3%B3n-comercial-y-presupuestaci%C3%B3n-%E2%80%93-ingenier%C3%ADa-at-berkes-group-4449129707,Responsable Gestión Comercial y Presupuestación – Ingeniería,,scraped,2026-08-05T19:09:10.227775,
5db5ea6c6f98f77b,https://uy.linkedin.com/jobs/view/senior%E2%80%AF-collections-specialist%E2%80%AF-at-sterlington-4448622225,Senior  Collections Specialist,Sterlington,posted,2026-08-05T19:09:25.076150,2182
5b7b2f2b601e394c,https://uy.linkedin.com/jobs/view/regional-sales-manager-uruguay-at-halter-4448280355,Regional Sales Manager - Uruguay,,scraped,2026-08-05T19:09:31.797171,
cb29f3b8f21a4776,https://uy.linkedin.com/jobs/view/ingeniero-a-de-preventa-data-center-servicios-digitales-at-itc-s-a-4448538770,Ingeniero/a de preventa (Data Center & Servicios Digitales),ITC S.A,posted,2026-08-05T19:10:29.422049,2184
8c8d81194b2f9d3c,https://uy.linkedin.com/jobs/view/tecn%C3%B3logo-industrial-mec%C3%A1nico-para-ose-maldonado-at-auren-uruguay-4449485688,Tecnólogo Industrial Mecánico para OSE Maldonado,,scraped,2026-08-05T19:10:36.027863,
3d193c1469123db7,https://uy.linkedin.com/jobs/view/analista-contable-zonamerica-6-hs-at-posadas-4448921181,ANALISTA CONTABLE | ZONAMERICA (6 hs),,scraped,2026-08-05T19:10:55.774380,
1ab953a01aa21b9d,https://uy.linkedin.com/jobs/view/desarrollador-odoo-senior-at-opentech-4447337904,Desarrollador Odoo Senior,,scraped,2026-08-05T19:11:07.368959,
02f4a348d92d7761,https://uy.linkedin.com/jobs/view/semi-senior-project-manager-remote-work-at-bairesdev-4449143085,Semi Senior Project Manager - Remote Work,BairesDev,posted,2026-08-05T19:11:29.140005,2186
4dc3d334a4fc7c88,https://uy.linkedin.com/jobs/view/technical-project-manager-remote-work-at-bairesdev-4449127532,Technical Project Manager - Remote Work,BairesDev,posted,2026-08-05T19:11:39.267453,2188
02f76c395697ce1f,https://uy.linkedin.com/jobs/view/accounting-sr-analyst-at-topaz-4448513361,Accounting Sr Analyst,Topaz,posted,2026-08-05T19:11:52.255461,2190
45c27419089b77e0,https://uy.linkedin.com/jobs/view/senior-ios-engineer-at-sparq-4449034701,Senior iOS Engineer,Sparq,posted,2026-08-05T19:12:00.347534,2192
7193bb77715934f8,https://uy.linkedin.com/jobs/view/vacantes-por-temporada-las-toscas-y-la-tuna-at-el-dorado-4449436659,Vacantes por Temporada Las Toscas y La Tuna,,scraped,2026-08-05T19:12:02.970572,
89823c351008b4a5,https://uy.linkedin.com/jobs/view/supervisor-de-ventas-de-terreno-at-empresa-confidencial-4449113802,Supervisor de ventas de Terreno,Empresa Confidencial,posted,2026-08-05T19:12:19.543872,2194
f28331b04079c26f,https://uy.linkedin.com/jobs/view/asesor-a-de-ventas-automotriz-at-work-office-4449427889,Asesor/a de Ventas Automotriz,,scraped,2026-08-05T19:12:24.258705,
76b3c293fbb9a434,https://uy.linkedin.com/jobs/view/group-client-partner-director-at-wild-fi-4448909432,Group Client Partner Director,,scraped,2026-08-05T19:12:35.130061,
499d6e601e0a3ed2,https://uy.linkedin.com/jobs/view/ejecutivo-comercial-multimarca-at-distecna-uruguay-4448570462,Ejecutivo Comercial Multimarca,Distecna Uruguay,posted,2026-08-05T19:12:52.342759,2196
c0c107e1d35cae89,https://uy.linkedin.com/jobs/view/full-stack-engineer-react-%2B-kotlin-remote-latin-america-at-fullstack-4432035311,Full Stack Engineer (React + Kotlin) - Remote - Latin America,FullStack,posted,2026-08-05T19:13:07.225428,1134
8c1d5a20fd92d5cf,https://uy.linkedin.com/jobs/view/software-engineer-elixir-phoenix-remote-latin-america-at-bluelight-4448627431,Software Engineer - Elixir/Phoenix - Remote - Latin America,Bluelight,posted,2026-08-05T19:13:16.242747,2146
8a33bdeb35d2c84c,https://uy.linkedin.com/jobs/view/senior-product-designer-figma-%2B-cloud-cursor-remote-latin-america-at-fullstack-4413079655,Senior Product Designer (Figma + Cloud Cursor) - Remote - Latin America,FullStack,posted,2026-08-05T19:13:25.237874,1204
a750ff7d65565953,https://uy.linkedin.com/jobs/view/senior-full-stack-engineer-node-%2B-vue-remote-latin-america-at-fullstack-4449081264,Senior Full Stack Engineer (Node + Vue) - Remote - Latin America,FullStack,posted,2026-08-05T19:13:30.024978,1954
399d1f712adcd0ef,https://uy.linkedin.com/jobs/view/analista-contable-carrasco-6-hs-at-posadas-4448921174,ANALISTA CONTABLE | CARRASCO (6 HS),,scraped,2026-08-05T19:13:32.618014,
82ba34d30840da15,https://uy.linkedin.com/jobs/view/senior-full-stack-engineer-node-%2B-vue-remote-latin-america-at-fullstack-4449071973,Senior Full Stack Engineer (Node + Vue) - Remote - Latin America,FullStack,posted,2026-08-05T19:13:46.720344,1954
5c71c5ce98eb9687,https://uy.linkedin.com/jobs/view/senior-full-stack-engineer-node-%2B-vue-remote-latin-america-at-fullstack-4449093039,Senior Full Stack Engineer (Node + Vue) - Remote - Latin America,FullStack,posted,2026-08-05T19:13:51.805173,1954
e153a89fe128083d,https://uy.linkedin.com/jobs/view/estudiantes-avanzados-de-ingenier%C3%ADa-mec%C3%A1nica-y-o-el%C3%A9ctrica-horarios-rotativos-at-manpowergroup-uruguay-4448023246,Estudiantes avanzados de ingeniería mecánica y/o eléctrica (Horarios Rotativos),,scraped,2026-08-05T19:14:00.447530,
1acd375c3540522b,https://uy.linkedin.com/jobs/view/sales-executive-for-campus-live-remote-work-at-bairesdev-4449148207,Sales Executive for Campus Live - Remote Work,BairesDev,posted,2026-08-05T19:14:20.237935,567
a4d263a93925c704,https://uy.linkedin.com/jobs/view/verdienen-sie-geld-mit-umfragen-die-nur-f%C3%BCr-sie-gemacht-sind-mit-toluna-studentjob-ch-at-jobster-4447935537,"Verdienen Sie Geld mit Umfragen, die nur für Sie gemacht sind, mit Toluna - Studentjob.ch",,scraped,2026-08-05T19:14:46.908938,
da256cb5ba7f52b3,https://uy.linkedin.com/jobs/view/agente-inmobiliario-at-re-max-conecta-uruguay-4446242288,Agente inmobiliario,RE/MAX CONECTA Uruguay,posted,2026-08-05T19:14:57.952625,213
966cbaad26c3ccc5,https://uy.linkedin.com/jobs/view/profesor-de-ingl%C3%A9s-at-etc-servicios-educativos-4148626651,Profesor de inglés,,scraped,2026-08-05T19:15:04.666323,
1ae91d378d0ac30b,https://uy.linkedin.com/jobs/view/ingeniero-de-seguridad-de-aplicaciones-checkmarx-sast-trabajo-remoto-at-bairesdev-4448560914,Ingeniero de Seguridad de Aplicaciones (Checkmarx / SAST) - Trabajo Remoto,BairesDev,posted,2026-08-05T19:15:13.017806,277
481a4e902bf4af92,https://uy.linkedin.com/jobs/view/flexibler-nebenjob-f%C3%BCr-studenten-25-50-chf-h-w-m-d-studentjob-ch-at-jobster-4447932566,Flexibler Nebenjob für Studenten (25-50 CHF/h) (w/m/d) - Studentjob.ch,,scraped,2026-08-05T19:15:25.598980,
f8b7f359fcbdd558,https://uy.linkedin.com/jobs/view/panelteilnehmer-in-%E2%80%93-askgfk-schweiz-studentjob-ch-at-jobster-4447950161,Panelteilnehmer:in – askGfK Schweiz - Studentjob.ch,,scraped,2026-08-05T19:15:39.886007,
300dcf05a576c470,https://uy.linkedin.com/jobs/view/face-deduplication-collection-english-uy-at-telus-digital-4450688158,Face Deduplication Collection - English (UY),,scraped,2026-08-07T18:10:49.078569,
02ec9e1e10e33ae4,https://uy.linkedin.com/jobs/view/staffing-solution-architect-remote-work-at-bairesdev-4449787083,Staffing Solution Architect - Remote Work,BairesDev,posted,2026-08-07T18:11:03.929058,2198
a4efd88eb360a365,https://uy.linkedin.com/jobs/view/data-scientist-at-round-table-devops-series-%23rtdos-4448927503,data scientist,,scraped,2026-08-07T18:11:12.534487,
417517d7c14c512c,https://uy.linkedin.com/jobs/view/market-analyst-at-maps-solutions-4448405197,Market Analyst,Maps Solutions,posted,2026-08-07T18:11:21.533985,1298
32539c91ec793a9e,https://uy.linkedin.com/jobs/view/agent-de-securite-f-h-at-inzejob-4448758142,Agent de securite (f/h),,scraped,2026-08-07T18:11:24.427120,
960dd8be938e03ad,https://uy.linkedin.com/jobs/view/growth-marketer-at-strider-4442171829,Growth Marketer,Strider,posted,2026-08-07T18:11:37.506655,2200
4ca6c60078579be5,https://uy.linkedin.com/jobs/view/analista-de-compras-y-contrataciones-at-jaume-y-sere-comercio-exterior-log%C3%ADstica-4450025651,Analista de Compras y Contrataciones,,scraped,2026-08-07T18:11:50.102834,
a0bc36e5891c20c1,https://uy.linkedin.com/jobs/view/wordpress-developer-remote-latin-america-at-fullstack-4450641837,WordPress Developer - Remote - Latin America,FullStack,posted,2026-08-07T18:12:07.980243,2202
7c544906802cbeed,https://uy.linkedin.com/jobs/view/machine-learning-engineer-at-round-table-devops-series-%23rtdos-4450333592,machine learning engineer,,scraped,2026-08-07T18:12:12.421939,
5f948dd9d3f81038,https://uy.linkedin.com/jobs/view/application-support-specialist-at-internova-global-services-4449905078,Application Support Specialist,Internova Global Services,posted,2026-08-07T18:13:07.670807,2204
d71eeac7dfdf9282,https://uy.linkedin.com/jobs/view/operario-para-mantenimiento-at-taller-automotriz-4448069668,Operario para mantenimiento,Taller Automotriz,posted,2026-08-07T18:13:16.832408,2206
a1112a3c4f1a7051,https://uy.linkedin.com/jobs/view/sap-developer-specialist-irc301434-at-globallogic-4450333844,SAP Developer Specialist IRC301434,GlobalLogic,posted,2026-08-07T18:13:26.275695,2208
e83743a48bebf76f,https://uy.linkedin.com/jobs/view/supervisor-a-de-seguridad-at-lacc-latin-america-cargo-city-4446669658,Supervisor/a de Seguridad,,scraped,2026-08-07T18:13:30.908109,
be47a2d7f98122f9,https://uy.linkedin.com/jobs/view/treasury-analyst-at-veta-virtual-4440620762,Treasury Analyst,,scraped,2026-08-07T18:13:39.302439,
8e5300bc655e5a0f,https://uy.linkedin.com/jobs/view/recepcionista-hotelero-7-15-y-15-23-hotel-proximo-a-zonamerica-mdeo-montevideo-at-methodo-servicios-profesionales-en-rr-hh-4446699622,"RECEPCIONISTA HOTELERO 7-15 Y 15-23 HOTEL PROXIMO A ZONAMERICA, MDEO. Montevideo.",,scraped,2026-08-07T18:13:47.709654,
cc655eafd4daf2a3,https://uy.linkedin.com/jobs/view/cloud-alliances-business-development-lead-at-canonical-4433372592,Cloud Alliances Business Development Lead,,scraped,2026-08-07T18:13:56.249391,
1558991fd095e3b3,https://uy.linkedin.com/jobs/view/%C2%A1sumate-al-equipo-de-rudy-y-hace-la-diferencia%21-at-rudy-burgers-4450013919,¡Sumate al equipo de Rudy y hace la diferencia!,,scraped,2026-08-07T18:14:07.753644,
27b3bcf05a7e3c23,https://uy.linkedin.com/jobs/view/linux-systems-engineer-at-worldquant-4338391902,Linux Systems Engineer,WorldQuant,posted,2026-08-07T18:14:21.771520,2210
2642bd52b3ceb2a2,https://uy.linkedin.com/jobs/view/t%C3%A9cnico-comunicaciones-dise%C3%B1o-y-sistemas-treinta-y-tres-202619-at-aym-santa-lucia-4449795074,Técnico Comunicaciones Diseño y Sistemas  Treinta y Tres 202619,AyM Santa Lucia,posted,2026-08-07T18:14:36.881598,2212
55b81c40dd0dc795,https://uy.linkedin.com/jobs/view/t%C3%A9cnico-red-de-n%C3%BAcleo-202617-montevideo-at-aym-santa-lucia-4449789181,Técnico Red de Núcleo 202617 Montevideo,AyM Santa Lucia,posted,2026-08-07T18:14:47.328631,2214
ebb1030cbbdd81ea,https://uy.linkedin.com/jobs/view/analista-de-exportaciones-experiencia-en-despachante-at-jaume-y-sere-comercio-exterior-log%C3%ADstica-4449354007,Analista de Exportaciones (experiencia en Despachante),,scraped,2026-08-07T18:14:49.993700,
c62baa251567c65d,https://uy.linkedin.com/jobs/view/docente-de-devops-linux-y-cloud-at-universidad-ort-uruguay-4449220137,"Docente de DevOps, Linux y Cloud",Universidad ORT Uruguay,posted,2026-08-07T18:15:07.482862,2216
ef87c0da2ee4577d,https://uy.linkedin.com/jobs/view/analista-de-fondos-externos-at-utec-universidad-tecnol%C3%B3gica-4446253416,Analista de Fondos Externos,UTEC - Universidad Tecnológica,posted,2026-08-07T18:15:18.001823,2218
43ca33cf3047bd3f,https://uy.linkedin.com/jobs/view/asistente-de-log%C3%ADstica-distribuci%C3%B3n-at-farmashop-4448439287,Asistente de Logística & Distribución,,scraped,2026-08-07T18:15:20.639003,
4ce4915b983227dd,https://uy.linkedin.com/jobs/view/analista-funcional-at-opentech-4447336888,Analista Funcional,,scraped,2026-08-07T18:15:29.191623,
4afe0a9c8e0e5c9e,https://uy.linkedin.com/jobs/view/oficial-de-mantenimiento-el%C3%A9ctrico-para-ose-maldonado-at-auren-uruguay-4449481760,Oficial de Mantenimiento Eléctrico para OSE Maldonado,,scraped,2026-08-07T18:15:38.628131,
40b1ab4c9eccb301,https://uy.linkedin.com/jobs/view/auxiliar-log%C3%ADstico-at-estilo-srl-4450027560,Auxiliar Logístico,Estilo SRL,posted,2026-08-07T18:15:58.349545,2220
d2651b245018dec4,https://uy.linkedin.com/jobs/view/sommelier-operativo-%E2%80%93-iberpark-at-iber-4449334586,Sommelier Operativo – Iberpark,,scraped,2026-08-07T18:16:00.949751,
3e60c9ebbcc97793,https://uy.linkedin.com/jobs/view/order-to-cash-semi-senior-analyst-at-syngenta-4450746343,Order to Cash Semi Senior Analyst,,scraped,2026-08-07T18:16:12.908538,
3a79910cecd3ea0c,https://uy.linkedin.com/jobs/view/product-manager-senior-antifraude-at-koin-4448447909,Product Manager Senior - Antifraude,,scraped,2026-08-07T18:16:19.336098,
d7d0b534badd9b50,https://uy.linkedin.com/jobs/view/jefe-a-de-obra-at-tso-rail-limited-4449935779,Jefe/a de obra,,scraped,2026-08-07T18:16:26.229318,
fefa379e586ecb0f,https://uy.linkedin.com/jobs/view/operador-a-de-call-center-at-zonamerica-4448061268,Operador/a de Call Center,,scraped,2026-08-07T18:16:41.837758,
411d2580c5fe0512,https://uy.linkedin.com/jobs/view/docente-de-lengua-espa%C3%B1ola-at-colegio-p%C3%ADo-ix-4448013781,Docente de Lengua Española,,scraped,2026-08-07T18:16:50.383213,
7cef72c02f8cc473,https://uy.linkedin.com/jobs/view/mobile-automation-engineer-ote-%2433-000-year-usd-cxt-software-at-cxt-software-4450603153,"Mobile Automation Engineer (OTE $33,000/year USD), CXT Software",CXT Software,posted,2026-08-07T18:17:12.713817,2222
5fd7dde7924fdce5,https://uy.linkedin.com/jobs/view/general-manager-for-paraguay-uruguay-at-cma-cgm-4449912311,General Manager for Paraguay & Uruguay,CMA CGM,posted,2026-08-07T18:17:27.568516,2224
de892670001bf417,https://uy.linkedin.com/jobs/view/auxiliares-de-sal%C3%B3n-y-cajeros-en-rocha-at-unilam-4447851787,Auxiliares de Salón y Cajeros en ROCHA,,scraped,2026-08-07T18:17:30.194011,
854789740e1fbb91,https://uy.linkedin.com/jobs/view/responsable-de-control-operacional-at-mapfre-4449202874,Responsable de Control Operacional,,scraped,2026-08-07T18:17:39.080624,
fd38783f1fd1f55f,https://uy.linkedin.com/jobs/view/dellentechniker-smart-repair-m-w-d-at-autohaus-reisacher-gmbh-4450266850,Dellentechniker Smart-Repair M/W/D,Autohaus Reisacher GmbH,posted,2026-08-07T18:17:57.561179,2226
5f0512da6378ca32,https://uy.linkedin.com/jobs/view/scrum-master-remote-work-at-bairesdev-4449763255,Scrum Master - Remote Work,BairesDev,posted,2026-08-07T18:18:14.541158,341
18e2c081f94cd547,https://uy.linkedin.com/jobs/view/wordpress-developer-remote-latin-america-at-fullstack-4450658369,WordPress Developer - Remote - Latin America,FullStack,posted,2026-08-07T18:18:25.725886,2202
05fbfedfe35aaecf,https://uy.linkedin.com/jobs/view/senior-product-manager-at-toptal-4448668799,Senior Product Manager,Toptal,posted,2026-08-07T18:18:34.857109,2228
295d6ef2896579f5,https://uy.linkedin.com/jobs/view/full-stack-developer-java-%2B-typescript-%2B-react-native-remote-latin-america-at-fullstack-4448624852,Full Stack Developer (Java + TypeScript + React Native) - Remote - Latin America,FullStack,posted,2026-08-07T18:18:44.555206,2230
2c75ef2ffc159c63,https://uy.linkedin.com/jobs/view/t%C3%A9cnico-red-de-n%C3%BAcleo-202613-montevideo-at-aym-santa-lucia-4449785290,Técnico Red de Núcleo 202613 Montevideo,AyM Santa Lucia,posted,2026-08-07T18:18:54.955392,2232
322a2dab9e098683,https://uy.linkedin.com/jobs/view/machine-learning-engineer-remote-work-at-bairesdev-4449776157,Machine Learning Engineer - Remote Work,BairesDev,posted,2026-08-07T18:19:04.227066,1009
5f792ecb7f98375c,https://uy.linkedin.com/jobs/view/t%C3%A9cnico-red-de-n%C3%BAcleo-pando-202621-at-aym-santa-lucia-4449785294,Técnico Red de Núcleo Pando 202621,AyM Santa Lucia,posted,2026-08-07T18:19:21.185017,2234
064eb3d53bdf6455,https://uy.linkedin.com/jobs/view/cajero-a-con-experiencia-en-gastronom%C3%ADa-at-work-office-4447852809,Cajero/a con experiencia en Gastronomía,,scraped,2026-08-07T18:19:26.016982,
5a747fb162bcd43a,https://uy.linkedin.com/jobs/view/desarrollador-typescript-trabajo-remoto-at-bairesdev-4450330975,Desarrollador TypeScript - Trabajo Remoto,BairesDev,posted,2026-08-07T18:19:34.759614,427
ba179d970605415f,https://uy.linkedin.com/jobs/view/project-manager-senior-remote-work-at-bairesdev-4449121718,Project Manager Senior - Remote Work,BairesDev,posted,2026-08-07T18:19:45.173589,2236
8d4e87b7049850db,https://uy.linkedin.com/jobs/view/full-stack-developer-java-%2B-typescript-%2B-react-native-remote-latin-america-at-fullstack-4448638121,Full Stack Developer (Java + TypeScript + React Native) - Remote - Latin America,FullStack,posted,2026-08-07T18:19:50.162682,2230
a6545d44fc062044,https://uy.linkedin.com/jobs/view/senior-data-governance-analyst-at-blend-4450603200,Senior Data Governance Analyst,Blend,posted,2026-08-07T18:20:04.710765,2238
5cdb81152058360f,https://uy.linkedin.com/jobs/view/full-stack-developer-java-%2B-typescript-%2B-react-native-remote-latin-america-at-fullstack-4448619877,Full Stack Developer (Java + TypeScript + React Native) - Remote - Latin America,FullStack,posted,2026-08-07T18:20:09.927847,2230
06a990e5cbd2c623,https://uy.linkedin.com/jobs/view/analista-de-operaciones-at-districo-4448855749,Analista de operaciones,Districo,posted,2026-08-07T18:21:11.973858,2240
c9bc697d687f81ce,https://uy.linkedin.com/jobs/view/functional-consultant-%E2%80%93-erp-data-migration-at-oracle-4448571911,Functional Consultant – ERP Data Migration,Oracle,posted,2026-08-07T18:21:22.495307,2242
88f35b6a71bda96f,https://uy.linkedin.com/jobs/view/azure-integration-developer-at-twoconnect-microsoft-azure-integration-biztalk-logic-apps-consulting-migration-support-4448732672,Azure Integration Developer,"TwoConnect: Microsoft Azure Integration, BizTalk, Logic Apps Consulting, Migration &amp; Support.",posted,2026-08-07T18:21:35.779070,2244
c68e2ff006ceb157,https://uy.linkedin.com/jobs/view/auxiliar-administrativo-con-ingl%C3%A9s-escrito-y-oral-at-softline-consultores-gerenciales-4449430831,AUXILIAR ADMINISTRATIVO CON INGLÉS ESCRITO Y ORAL,,scraped,2026-08-07T18:21:40.667645,
c355ec8c56b30eae,https://uy.linkedin.com/jobs/view/vip-account-growth-specialist-at-icash-one-4448452848,VIP Account Growth Specialist,iCash.One,posted,2026-08-07T18:21:53.232748,2246
0a5c6bc53730ad9b,https://uy.linkedin.com/jobs/view/supervisor-de-turno-at-pedidosya-4310245360,Supervisor de turno,,scraped,2026-08-07T18:21:55.807064,
17d5c780af88d64d,https://uy.linkedin.com/jobs/view/responsable-de-experiencia-del-paciente-ingl%C3%A9s-avanzado-at-manpowergroup-uruguay-4446666803,Responsable de experiencia del paciente (Inglés avanzado),,scraped,2026-08-07T18:22:03.114530,
781686ef01557224,https://uy.linkedin.com/jobs/view/jefe-a-de-producci%C3%B3n-at-tso-rail-limited-4449932814,Jefe/a de Producción,,scraped,2026-08-07T18:22:10.048467,
29041cf581f7f409,https://uy.linkedin.com/jobs/view/property-manager-at-cs-outsource-4449318504,Property Manager,CS Outsource,posted,2026-08-07T18:22:19.601774,1506
7bb41a783d563690,https://uy.linkedin.com/jobs/view/technical-consultant-fix-term-at-oracle-4448559891,Technical Consultant - Fix Term,Oracle,posted,2026-08-07T18:22:30.843134,2248
5e3aa4dee2bd05a2,https://uy.linkedin.com/jobs/view/administrativo-a-log%C3%ADstica-at-divino-sa-4450019458,Administrativo/a Logística,,scraped,2026-08-07T18:22:35.472241,
e989ea589378b3fd,https://uy.linkedin.com/jobs/view/talent-network-social-media-brand-strategist-at-toptal-4441907758,Talent Network Social Media Brand Strategist,Toptal,posted,2026-08-07T18:22:57.177577,2250
a8f6a2d8c26480bf,https://uy.linkedin.com/jobs/view/kam-mobile-experience-supervisor-samsung-electronics-at-samsung-electronics-4450679113,KAM Mobile Experience Supervisor | Samsung Electronics,,scraped,2026-08-07T18:23:00.057723,
cc76f94c3f30354c,https://uy.linkedin.com/jobs/view/principal-business-development-manager-lodging-ground-sea-at-sabre-4448228944,"Principal Business Development Manager - Lodging, Ground & Sea.",Sabre,posted,2026-08-07T18:23:11.412824,1272
6a0a0d1b6f707ee6,https://uy.linkedin.com/jobs/view/%D0%BC%D0%B5%D0%BD%D0%B5%D0%B4%D0%B6%D0%B5%D1%80-%D0%BF%D0%BE-%D0%BF%D1%80%D0%BE%D0%B4%D0%B0%D0%B6%D0%B0%D0%BC-%D0%B22%D0%B2-at-rim-mediagroup-4448756775,Менеджер по продажам В2В,,scraped,2026-08-07T18:23:23.942333,
f13ef551fc84c929,https://uy.linkedin.com/jobs/view/operador-telef%C3%B3nico-call-center-at-rua-asistencia-4449337475,Operador Telefónico - Call Center,,scraped,2026-08-07T18:23:33.459943,
78b7fdbab2378604,https://uy.linkedin.com/jobs/view/asistente-contable-at-andersen-in-uruguay-4450712287,Asistente contable -,Andersen in Uruguay,posted,2026-08-07T18:23:45.869770,1642
886bd5a70f1c4931,https://uy.linkedin.com/jobs/view/d%C3%A9veloppeur-senior-salesforce-at-tnufor-4449664661,Développeur Senior Salesforce,Tnufor,posted,2026-08-07T18:24:08.588028,2252
488e2edcf5d2f1a6,https://uy.linkedin.com/jobs/view/ssr-accounting-analyst-sap-s-4hana-project-at-coderio-4450625603,Ssr. Accounting Analyst | SAP S/4HANA Project,Coderio | Software Company,posted,2026-08-07T18:24:17.747669,2254
959ac334de8fdbe8,https://uy.linkedin.com/jobs/view/asistente-de-marketing-y-comunicaci%C3%B3n-h%C3%ADbrido-at-ey-4428999283,Asistente de Marketing y Comunicación (híbrido),EY,posted,2026-08-07T18:24:35.003505,2256
4974e570c9d13c34,https://uy.linkedin.com/jobs/view/t%C3%A9cnico-electromec%C3%A1nico-con-experiencia-en-industria-at-work-office-4449350186,Técnico Electromecánico con experiencia en Industria,,scraped,2026-08-07T18:24:37.667993,
df922d9687c8a2e1,https://uy.linkedin.com/jobs/view/asesor-comercial-b2b-at-talenter-4450238648,Asesor comercial B2B,,scraped,2026-08-07T18:24:44.345665,
c0cab8186a3b55ca,https://uy.linkedin.com/jobs/view/freights-and-brokers-analyst-fixed-term-project-based-at-basf-4448043941,Freights and Brokers Analyst (fixed-term project-based),,scraped,2026-08-07T18:25:00.304669,
79669b24637d6521,https://uy.linkedin.com/jobs/view/ejecutivo-a-comercial-b2b-at-ecologic-tech-4447324309,Ejecutivo/a Comercial B2B,,scraped,2026-08-07T18:25:07.114632,
9931a57e8b13cb6f,https://uy.linkedin.com/jobs/view/receptionist-at-zonamerica-4441005428,Receptionist,,scraped,2026-08-07T18:25:17.643034,
ee0678b46eb67d5c,https://uy.linkedin.com/jobs/view/principal-ai-native-engineer-ionic-partners-at-sparkrock-4450704565,"Principal AI-Native Engineer, Ionic Partners",Sparkrock,posted,2026-08-07T18:26:13.475766,2258
483f74e83373d8d6,https://uy.linkedin.com/jobs/view/senior-android-engineer-remote-uruguay-at-kake-4448471399,Senior Android Engineer - Remote - Uruguay,Kake,posted,2026-08-07T18:26:28.414746,2260
18429427ca41ff32,https://uy.linkedin.com/jobs/view/ejecutivo-a-de-ventas-zona-litoral-oeste-tecnolog%C3%ADa-y-electrodom%C3%A9sticos-at-talenter-4450014583,Ejecutivo/a de Ventas - Zona Litoral Oeste (Tecnología y Electrodomésticos),,scraped,2026-08-07T18:26:31.019197,
4c912fa34baf4e79,https://uy.linkedin.com/jobs/view/at-home-video-recorder-at-crossing-hurdles-4440749216,At-Home Video Recorder,Crossing Hurdles,posted,2026-08-07T18:26:45.821139,2262
7da0de8961a29d92,https://uy.linkedin.com/jobs/view/senior-full-stack-engineer-angular-node-js-ai-at-sparq-4448834250,"Senior Full Stack Engineer (Angular, Node.js & AI)",Sparq,posted,2026-08-07T18:26:54.499007,2264
38f48a98e4dadeee,https://uy.linkedin.com/jobs/view/full-stack-developer-java-%2B-typescript-%2B-react-native-remote-latin-america-at-fullstack-4448634571,Full Stack Developer (Java + TypeScript + React Native) - Remote - Latin America,FullStack,posted,2026-08-07T18:26:59.635617,2230
766dc0467e43ffe9,https://uy.linkedin.com/jobs/view/comercial-jr-uruguay-interior-del-pa%C3%ADs-at-cargill-4448072635,Comercial Jr. Uruguay (Interior del País),Cargill,posted,2026-08-07T18:27:09.214471,2266
98f2d2d027add098,https://uy.linkedin.com/jobs/view/full-stack-engineer-react-%2B-kotlin-remote-latin-america-at-fullstack-4432035309,Full Stack Engineer (React + Kotlin) - Remote - Latin America,FullStack,posted,2026-08-07T18:27:14.135279,1134
da91d79d737b5a36,https://uy.linkedin.com/jobs/view/full-stack-developer-java-%2B-typescript-%2B-react-native-remote-latin-america-at-fullstack-4448635489,Full Stack Developer (Java + TypeScript + React Native) - Remote - Latin America,FullStack,posted,2026-08-07T18:27:19.253001,2230
8beaac080b121b46,https://uy.linkedin.com/jobs/view/comercial-jr-uruguay-interior-del-pa%C3%ADs-at-cargill-4448076583,Comercial Jr. Uruguay (Interior del País),Cargill,posted,2026-08-07T18:27:29.314134,2268
da2075b179b9948c,https://uy.linkedin.com/jobs/view/credit-policy-senior-analyst-uruguay-at-prex-4448616721,Credit Policy Senior Analyst Uruguay,,scraped,2026-08-07T18:27:47.899850,
b203c3300c0aafd1,https://uy.linkedin.com/jobs/view/latam-enterprise-account-executive-spanish-speaker-at-canonical-4433366734,LATAM Enterprise Account Executive - Spanish speaker,,scraped,2026-08-07T18:27:55.034001,
bd15f14f4997c6ce,https://uy.linkedin.com/jobs/view/senior-ai-native-engineering-lead-remote-latin-america-at-fullstack-4449926370,Senior AI-Native Engineering Lead - Remote - Latin America,FullStack,posted,2026-08-07T18:28:11.861320,2270
f9f097e5455be860,https://uy.linkedin.com/jobs/view/senior-full-stack-engineer-node-%2B-vue-remote-latin-america-at-fullstack-4449081262,Senior Full Stack Engineer (Node + Vue) - Remote - Latin America,FullStack,posted,2026-08-07T18:28:19.263015,1954
761c05edc3cb3408,https://uy.linkedin.com/jobs/view/senior-ai-native-engineering-lead-remote-latin-america-at-fullstack-4449938186,Senior AI-Native Engineering Lead - Remote - Latin America,FullStack,posted,2026-08-07T18:28:28.172998,2270
a66717be5d777a97,https://uy.linkedin.com/jobs/view/t%C3%A9cnico-electr%C3%B3nico-industrial-para-maquinas-at-work-office-4449340385,Técnico Electrónico Industrial para Maquinas,,scraped,2026-08-07T18:28:32.882495,
59c3f991f92f1fab,https://uy.linkedin.com/jobs/view/von-zuhause-geld-verdienen%3F-es-war-nie-einfacher%21-homeoffice-studentjob-ch-at-jobster-4449721446,Von Zuhause Geld verdienen? Es war nie einfacher! Homeoffice - Studentjob.ch,,scraped,2026-08-07T18:28:49.240374,
2801df4f18a59df7,https://uy.linkedin.com/jobs/view/home-office-ihre-meinung-ist-wertvoll-%E2%80%93-lassen-sie-sich-daf%C3%BCr-belohnen%21-studentjob-ch-at-jobster-4449710529,Home Office: Ihre Meinung ist wertvoll – lassen Sie sich dafür belohnen! - Studentjob.ch,,scraped,2026-08-07T18:28:59.068658,
c1cc9114750a5ab7,https://uy.linkedin.com/jobs/view/ejecutivo-de-ventas-en-terreno-at-johnson-controls-4448724101,Ejecutivo de Ventas en Terreno,,scraped,2026-08-07T18:29:07.901846,
aeb0959ca062b81e,https://uy.linkedin.com/jobs/view/inside-sales-auxiliar-de-ventas-internas-para-empresa-nvocc-at-confidencial-4448468732,INSIDE SALES (Auxiliar de ventas internas)para empresa NVOCC,Confidencial,posted,2026-08-07T18:29:21.649916,2272
678917af2a378194,https://uy.linkedin.com/jobs/view/contador-p%C3%BAblico-para-contabilidad-e-impuestos-at-carle-andrioli-4448018013,Contador público para contabilidad e impuestos,Carle y Andrioli,posted,2026-08-07T18:29:31.662845,2274
0477a0cb29e85f56,https://uy.linkedin.com/jobs/view/legal-associate-at-kalexius-4448717829,Legal Associate,Kalexius,posted,2026-08-07T18:29:38.683064,787
45aa36cecca37469,https://uy.linkedin.com/jobs/view/suporte-t%C3%A9cnico-at-humatech-4450337180,Suporte técnico,,scraped,2026-08-07T18:29:43.327506,
24dd7a2db083de31,https://uy.linkedin.com/jobs/view/freelance-plumbing-bim-specialist-mechanical-engineer-global-projects-hourly-rate-at-eng-4449050731,Freelance Plumbing BIM Specialist (Mechanical Engineer) | Global Projects | Hourly Rate,ENG,posted,2026-08-07T18:29:55.900862,2276
c3be1caa6cafa477,https://uy.linkedin.com/jobs/view/freelance-mechanical-bim-specialist-mechanical-engineer-global-projects-hourly-rate-at-eng-4449034542,Freelance Mechanical BIM Specialist (Mechanical Engineer) | Global Projects | Hourly Rate,ENG,posted,2026-08-07T18:30:08.467830,2278
c40583519fce83b2,https://uy.linkedin.com/jobs/view/ai-engineer-at-kinamic-4448026368,AI Engineer,,scraped,2026-08-07T18:30:11.380798,
f693c557e594decd,https://uy.linkedin.com/jobs/view/senior-full-stack-developer-java-angular-at-talan-4448798236,Senior Full-Stack Developer (Java/Angular),,scraped,2026-08-07T18:30:21.792814,
a22b4619ac9a2018,https://uy.linkedin.com/jobs/view/minijob-nebenjob-ferienjob-remote-teilnehmer-f%C3%BCr-bezahlte-studien-gesucht%21-studentjob-ch-at-jobster-4449705975,Minijob / Nebenjob / Ferienjob / Remote: Teilnehmer für bezahlte Studien gesucht! - Studentjob.ch,,scraped,2026-08-07T18:30:28.960995,
55f17876640bf606,https://uy.linkedin.com/jobs/view/minijob-von-zuhause-aus-verdiene-bares-geld-f%C3%BCr-umfragen-studentjob-ch-at-jobster-4449708234,Minijob von zuhause aus - verdiene bares Geld für Umfragen - Studentjob.ch,,scraped,2026-08-07T18:30:37.866321,
23723541d33ba525,https://uy.linkedin.com/jobs/view/heimarbeit-verdiene-geld-mit-umfragen-in-der-marktforschung-studentjob-ch-at-jobster-4449724998,Heimarbeit -Verdiene Geld mit Umfragen in der MARKTFORSCHUNG - Studentjob.ch,,scraped,2026-08-07T18:30:46.711018,
2b0e35e3d5ab6e6d,https://uy.linkedin.com/jobs/view/enqu%C3%AAteur-pour-des-sondages-en-ligne-t%C3%A9l%C3%A9travail-h-f-studentjob-ch-at-jobster-4449712483,Enquêteur pour des sondages en ligne - télétravail H/F - Studentjob.ch,,scraped,2026-08-07T18:30:55.500590,
a5adfac7515fe5fa,https://uy.linkedin.com/jobs/view/flexibler-nebenjob-f%C3%BCr-studenten-25-50-chf-h-w-m-d-studentjob-ch-at-jobster-4449729727,Flexibler Nebenjob für Studenten (25-50 CHF/h) (w/m/d) - Studentjob.ch,,scraped,2026-08-07T18:31:04.378416,
347383427ae3a516,https://uy.linkedin.com/jobs/view/ferienjob-sommerjob-als-promoter-25-50-chf-h-w-m-d-studentjob-ch-at-jobster-4449721573,Ferienjob / Sommerjob als Promoter (25-50 CHF/h) (w/m/d) - Studentjob.ch,,scraped,2026-08-07T18:31:13.546501,
92b943ffa4eb7728,https://uy.linkedin.com/jobs/view/homeoffice-mit-online-umfragen-geld-verdienen-von-%C3%BCberall%21-studentjob-ch-at-jobster-4449389918,Homeoffice: Mit online-Umfragen Geld verdienen von überall! - Studentjob.ch,,scraped,2026-08-07T18:31:22.471701,
782f1df3de36d9c7,https://uy.linkedin.com/jobs/view/panelteilnehmer-in-%E2%80%93-askgfk-schweiz-studentjob-ch-at-jobster-4449387814,Panelteilnehmer:in – askGfK Schweiz - Studentjob.ch,,scraped,2026-08-07T18:31:31.356923,
0676c3531541cd8c,https://uy.linkedin.com/jobs/view/talent-quality-auditor-remote-work-at-bairesdev-4448545215,Talent Quality Auditor - Remote Work,BairesDev,posted,2026-08-08T17:56:11.202017,1488
66ff43b6e87b1961,https://uy.linkedin.com/jobs/view/manager-people-analytics-at-canonical-4442197458,"Manager, People Analytics",,scraped,2026-08-08T17:56:15.859160,
7dd546d64e9ac972,https://uy.linkedin.com/jobs/view/senior-ad-operations-specialist-at-newsweek-amplify-4449947889,Senior Ad Operations Specialist,Newsweek Amplify,posted,2026-08-08T17:56:28.864107,2280
ee39fad5ec5187ec,https://uy.linkedin.com/jobs/view/auxiliar-mec%C3%A1nico-at-solanas-punta-del-este-4448787245,Auxiliar mecánico,,scraped,2026-08-08T17:56:33.433260,
3f55f5176c09c2a0,https://uy.linkedin.com/jobs/view/corporate-travel-specialist-overnight-at-internova-global-services-4450768083,Corporate Travel Specialist (Overnight),Internova Global Services,posted,2026-08-08T17:57:36.669231,2282
17013d1d3e6039ac,https://uy.linkedin.com/jobs/view/senior-ad-operations-specialist-at-newsweek-4449147516,Senior Ad Operations Specialist,Newsweek,posted,2026-08-08T17:57:43.580694,2280
a0b17f9d4a84a43e,https://uy.linkedin.com/jobs/view/data-scientist-at-applaudo-4451028120,Data Scientist,,scraped,2026-08-08T17:57:46.206903,
16d0089c64daa622,https://uy.linkedin.com/jobs/view/agente-inmobiliario-at-remax-vista-4449207386,Agente inmobiliario,,scraped,2026-08-08T17:58:06.584005,
620bfa0ea1c8bbdf,https://uy.linkedin.com/jobs/view/hr-generalist-on-site-montevideo-at-sophilabs-4448051586,HR Generalist (On Site-Montevideo),Sophilabs,posted,2026-08-08T17:58:29.603349,2160
d1446cecab79eee6,https://uy.linkedin.com/jobs/view/partnerships-analyst-at-tecspal-4446231992,Partnerships Analyst,TecsPal,posted,2026-08-08T17:58:42.489328,2284
b5da25e6acda6639,https://uy.linkedin.com/jobs/view/analista-de-selecci%C3%B3n-y-desarrollo-at-claro-uruguay-4450393444,Analista de Selección y Desarrollo,,scraped,2026-08-08T17:58:49.115386,
495f2fac8f3821ce,https://uy.linkedin.com/jobs/view/electricista-at-prota-4448421287,Electricista,,scraped,2026-08-08T17:59:07.254335,
c90e3f523f017a08,https://uy.linkedin.com/jobs/view/asistente-comercial-jr-con-ingl%C3%A9s-avanzado-montevideo-at-manpowergroup-4449209617,Asistente comercial jr (con inglés avanzado) - Montevideo,ManpowerGroup,posted,2026-08-08T17:59:29.443585,2286
a198fb27bae6542a,https://uy.linkedin.com/jobs/view/ejecutivo-comercial-at-security-market-4448432229,Ejecutivo comercial,,scraped,2026-08-08T17:59:37.988006,
0cc0e16ec85b357b,https://uy.linkedin.com/jobs/view/team-leader-de-operaciones-at-lacc-latin-america-cargo-city-4450717361,Team Leader de Operaciones,,scraped,2026-08-08T17:59:48.153829,
1f30766bd62a2c28,https://uy.linkedin.com/jobs/view/accounting-operations-analyst-at-impala-terminals-4449098238,Accounting Operations Analyst,,scraped,2026-08-08T17:59:55.925135,
a6507c30a804992f,https://uy.linkedin.com/jobs/view/ml-engineer-remote-work-at-bairesdev-4447994810,ML Engineer - Remote Work,BairesDev,posted,2026-08-08T18:00:22.879392,1480
8a972a531fd19f6b,https://uy.linkedin.com/jobs/view/sdet-lead-at-tata-consultancy-services-4449636058,SDET Lead,Tata Consultancy Services,posted,2026-08-08T18:00:41.084545,2288
e3e89387f07e34de,https://uy.linkedin.com/jobs/view/business-systems-analyst-%E2%80%93-oracle-ebs-at-specialized-bicycle-components-4422647344,Business Systems Analyst – Oracle EBS,Specialized Bicycle Components,posted,2026-08-08T18:00:51.390589,2290
498c9aff7ba77b57,https://uy.linkedin.com/jobs/view/assistant-front-desk-manager-at-royal-caribbean-group-4448686924,Assistant Front Desk Manager,Royal Caribbean Group,posted,2026-08-08T18:00:58.294808,229
332517f71928fe2b,https://uy.linkedin.com/jobs/view/project-manager-remote-work-at-bairesdev-4449154066,Project Manager - Remote Work,BairesDev,posted,2026-08-08T18:01:03.489647,471
1fca8000227ea631,https://uy.linkedin.com/jobs/view/project-manager-remote-latin-america-at-bluelight-4450766997,"Project Manager - Remote, Latin America",Bluelight,posted,2026-08-08T18:01:19.175327,2292
c17a3d7ec2f80ffe,https://uy.linkedin.com/jobs/view/business-process-analyst-at-internova-global-services-4450627387,Business Process Analyst,Internova Global Services,posted,2026-08-08T18:02:19.772788,2294
a4ccad423766d44b,https://uy.linkedin.com/jobs/view/t%C3%A9cnico-red-de-n%C3%BAcleo-202615-montevideo-at-aym-santa-lucia-4449797003,Técnico Red de Núcleo 202615 Montevideo,AyM Santa Lucia,posted,2026-08-08T18:02:31.030605,2296
4ac29129ec523aec,https://uy.linkedin.com/jobs/view/software-alliances-director-americas-at-canonical-4433362843,"Software Alliances Director, Americas",,scraped,2026-08-08T18:02:37.627012,
c54abca239e57cf5,https://uy.linkedin.com/jobs/view/customer-service-representative-at-tata-consultancy-services-4449904186,Customer Service Representative,Tata Consultancy Services,posted,2026-08-08T18:02:50.634989,265
2fcbd94b3602658d,https://uy.linkedin.com/jobs/view/global-head-of-cloud-alliances-at-canonical-4433364757,Global Head of Cloud Alliances,,scraped,2026-08-08T18:02:53.290962,
61dfebed3b6d0de9,https://uy.linkedin.com/jobs/view/costa-carrasco-at-castro-tagle-inmobiliaria-4451060131,Costa Carrasco,,scraped,2026-08-08T18:03:04.095235,
812bc2926b2c0f8f,https://uy.linkedin.com/jobs/view/uruguay-at-teamed-4451069049,Uruguay,,scraped,2026-08-08T18:03:10.497856,
ef7899814c836aa4,https://uy.linkedin.com/jobs/view/erre-16-at-castro-tagle-inmobiliaria-4451048760,ERRE 16,,scraped,2026-08-08T18:03:17.100123,
ecaaad405b8bc725,https://uy.linkedin.com/jobs/view/uruguay-espa%C3%B1ol-at-ricoh-company-ltd-4449202132,Uruguay - Español,,scraped,2026-08-08T18:03:29.153329,
13134b65db623210,https://uy.linkedin.com/jobs/view/koffie-vermijden-na-geslaagde-cardioversie-voor-voorkamerfibrillatie%3F-at-minerva-community-4448939633,Koffie vermijden na geslaagde cardioversie voor voorkamerfibrillatie?,Minerva-community,posted,2026-08-08T18:03:46.627076,2298
7dae5fb5e545aa9f,https://uy.linkedin.com/jobs/view/administrative-manager-at-manas-tech-4450776065,Administrative Manager,,scraped,2026-08-08T18:03:49.204768,
7219973ba5bcff22,https://uy.linkedin.com/jobs/view/full-stack-developer-java-%2B-typescript-%2B-react-native-remote-latin-america-at-fullstack-4448637140,Full Stack Developer (Java + TypeScript + React Native) - Remote - Latin America,FullStack,posted,2026-08-08T18:03:59.696522,2230
94f5444168fad269,https://uy.linkedin.com/jobs/view/arquitecto-a-presupuestista-at-contract-workplaces-4449774302,Arquitecto/a Presupuestista,,scraped,2026-08-08T18:04:06.273209,
0d90591841e7f4fa,https://uy.linkedin.com/jobs/view/l%C3%ADder-de-datos-%C3%A1rea-inform%C3%A1tica-at-conaprole-4450010990,Líder de Datos (Área Informática),,scraped,2026-08-08T18:04:13.888335,
150aa1e35d52db9e,https://uy.linkedin.com/jobs/view/estudiantes-de-contador-p%C3%BAblico-at-talentboost-hr-4448433847,Estudiantes de Contador Público,,scraped,2026-08-08T18:04:25.887931,
e253bf3c86f71d66,https://uy.linkedin.com/jobs/view/%D0%BF%D1%80%D0%BE%D0%B4%D0%B0%D0%B2%D0%B5%D1%86-%D0%BA%D0%B0%D1%81%D1%81%D0%B8%D1%80-at-bronnitsy-jeweler-4450589589,Продавец-кассир,,scraped,2026-08-08T18:04:32.576165,
8d436df043d39ef3,https://uy.linkedin.com/jobs/view/administrativo-a-en-comercio-exterior-para-empresa-importadora-at-methodo-servicios-profesionales-en-rr-hh-4448014892,"ADMINISTRATIVO/A en COMERCIO EXTERIOR , para empresa importadora,",,scraped,2026-08-08T18:04:41.735835,
93050e82a48b7d9e,https://uy.linkedin.com/jobs/view/senior-data-analyst-at-qubika-4448600928,Senior Data Analyst,Qubika,posted,2026-08-08T18:04:54.429839,2300
ff79bb273bc8e270,https://uy.linkedin.com/jobs/view/senior-business-intelligence-engineer-at-avicado-4449997926,Senior Business Intelligence Engineer,Avicado,posted,2026-08-08T18:05:04.731048,2302
6f4eeaacd062ff60,https://uy.linkedin.com/jobs/view/responsable-de-compras-construcci%C3%B3n-at-manpowergroup-uruguay-4449226417,Responsable de Compras | Construcción,,scraped,2026-08-08T18:05:09.374116,
d02ec96884871d96,https://uy.linkedin.com/jobs/view/especialista-en-marketing-at-cummotors-uruguay-4449227676,Especialista en marketing,,scraped,2026-08-08T18:05:24.638424,
bbccc7197b779798,https://uy.linkedin.com/jobs/view/asesor-comercial-de-cac-minas-at-claro-uruguay-4450004691,Asesor Comercial de CAC Minas,,scraped,2026-08-08T18:05:42.884659,
5e5d96e0aa9bfa02,https://uy.linkedin.com/jobs/view/empresa-del-sector-oil-gas-busca-ingeniero-mec%C3%A1nico-at-oil-channel-tv-4451055151,EMPRESA DEL SECTOR OIL&GAS BUSCA INGENIERO MECÁNICO,Oil Channel TV,posted,2026-08-08T18:05:59.708166,2304
4fbac9ecfa4d0fd8,https://uy.linkedin.com/jobs/view/asesor-comercial-de-cac-maldonado-at-claro-uruguay-4450395436,Asesor Comercial de CAC Maldonado,,scraped,2026-08-08T18:06:02.283156,
39a2e460a8d43091,https://uy.linkedin.com/jobs/view/software-engineer-at-mercado-libre-4448066126,Software Engineer,,scraped,2026-08-08T18:06:08.425706,
5d98f140c0668510,https://uy.linkedin.com/jobs/view/software-engineer-elixir-phoenix-remote-latin-america-at-bluelight-4448632362,Software Engineer - Elixir/Phoenix - Remote - Latin America,Bluelight,posted,2026-08-08T18:06:17.423646,2146
9f9240cb8c1e28b1,https://uy.linkedin.com/jobs/view/auxiliar-mec%C3%A1nico-%E2%80%93-con-libreta-cat-barrio-lezica-at-work-office-4450522826,AUXILIAR MECÁNICO – CON LIBRETA CAT / BARRIO LEZICA,,scraped,2026-08-08T18:06:32.016590,
fa0b1d2391640481,https://uy.linkedin.com/jobs/view/auxiliar-de-bodega-plazo-fijo-6-meses-montevideo-canelones-at-inchcape-am%C3%A9ricas-4449022226,Auxiliar de Bodega (plazo fijo 6 meses) - Montevideo/Canelones,Inchcape Américas,posted,2026-08-08T18:06:47.085594,2306
3bee56bfd88a6409,https://uy.linkedin.com/jobs/view/analista-de-inteligencia-del-negocio-y-distribuci%C3%B3n-digital-at-zurich-santander-insurance-america-4446670822,Analista de Inteligencia del Negocio y Distribución Digital,Zurich Santander Insurance America,posted,2026-08-08T18:06:57.359008,2308
10174935a4e648dc,https://uy.linkedin.com/jobs/view/vendedor-de-tienda-iber-%E2%80%93-las-piedras-at-iber-4449351215,Vendedor de Tienda Iber – Las piedras,,scraped,2026-08-08T18:06:59.893089,
1131ff1aeae49b06,https://uy.linkedin.com/jobs/view/ejecutivo-de-ventas-maldonado-at-m%C3%A1s-ventas-4448196297,Ejecutivo de Ventas  - Maldonado,Más Ventas,posted,2026-08-08T18:07:11.502124,35
111e075ee442278f,https://uy.linkedin.com/jobs/view/agente-de-ventas-at-travel-%2B-leisure-co-4450791958,Agente de Ventas,Travel + Leisure Co.,posted,2026-08-08T18:07:24.640744,2084
2e9526536df8bb0a,https://uy.linkedin.com/jobs/view/t%C3%A9cnico-msat-manufactura-de-biol%C3%B3gicos-at-virbac-4450338855,Técnico MSAT (Manufactura de Biológicos),,scraped,2026-08-08T18:07:29.282075,
e3b21eb50f66b39b,https://uy.linkedin.com/jobs/view/%C2%A0ait-engineer-electronics-engineer%C2%A0-at-satellogic-4446231249,AIT Engineer - Electronics Engineer,,scraped,2026-08-08T18:07:36.177109,
febdb6a7bab64c43,https://uy.linkedin.com/jobs/view/qu%C3%ADmica-o-farmac%C3%A9utico-at-laboratorio-gram%C3%B3n-bag%C3%B3-4449226429,Química/o Farmacéutico,,scraped,2026-08-08T18:07:43.654819,
ad4747e58b8ba8fa,https://uy.linkedin.com/jobs/view/profesional-de-transformaci%C3%B3n-digital-datos-e-inteligencia-artificial-at-fonplata-4449262439,"PROFESIONAL DE TRANSFORMACIÓN DIGITAL, DATOS E INTELIGENCIA ARTIFICIAL",FONPLATA,posted,2026-08-08T18:08:00.005279,2310
1dbf2fdb481374c1,https://uy.linkedin.com/jobs/view/senior-it-project-manager-remote-work-at-bairesdev-4449131365,Senior IT Project Manager - Remote Work,BairesDev,posted,2026-08-08T18:08:21.814881,2312
2f71be08311e9de0,https://uy.linkedin.com/jobs/view/fullstack-java-%2B-react-technical-leader-trabajo-remoto-at-bairesdev-4449756347,FullStack Java + React Technical Leader - Trabajo Remoto,BairesDev,posted,2026-08-08T18:08:30.565931,439
af57db38e477f21b,https://uy.linkedin.com/jobs/view/lead-ai-engineer-at-blend-4450734757,Lead AI Engineer,Blend,posted,2026-08-08T18:08:39.776863,2314
b3e291d1dbddb75c,https://uy.linkedin.com/jobs/view/%D0%BF%D1%80%D0%BE%D0%B4%D0%B0%D0%B2%D0%B5%D1%86-%D0%BA%D0%B0%D1%81%D1%81%D0%B8%D1%80-%D0%B2-%D1%82%D1%86-%D0%B3%D0%BE%D1%80%D0%BE%D0%B4-%D0%BA%D0%BE%D1%81%D0%B8%D0%BD%D0%BE-at-bronnitsy-jeweler-4450592488,"Продавец-кассир в ТЦ ""Город Косино""",,scraped,2026-08-08T18:08:42.375564,
2da4a5f6fcda79d7,https://uy.linkedin.com/jobs/view/%D0%BF%D1%80%D0%BE%D0%B4%D0%B0%D0%B2%D0%B5%D1%86-%D0%BA%D0%B0%D1%81%D1%81%D0%B8%D1%80-%D1%84%D0%B3%D0%B0%D1%83-%D1%86%D0%B5%D0%BD%D1%82%D1%80%D0%B0%D0%BB%D1%8C%D0%BD%D1%8B%D0%B9-%D0%BF%D0%B0%D1%80%D0%BA-%C2%AB%D0%BF%D0%B0%D1%82%D1%80%D0%B8%D0%BE%D1%82%C2%BB-at-bronnitsy-jeweler-4450597309,Продавец-кассир (ФГАУ Центральный парк «Патриот»),,scraped,2026-08-08T18:08:53.602378,
9bfd313a391f7b2b,https://uy.linkedin.com/jobs/view/asistente-de-usabilidad-y-experiencia-de-usuario-vuce-vui-at-uruguay-xxi-4446659295,Asistente de Usabilidad y Experiencia de Usuario - VUCE-VUI,,scraped,2026-08-08T18:09:08.771776,
36a85c47d2c5a41e,https://uy.linkedin.com/jobs/view/full-stack-engineer-at-mercado-libre-4448068022,Full Stack Engineer,,scraped,2026-08-08T18:09:19.700091,
c9e7f105a71c94d7,https://uy.linkedin.com/jobs/view/senior-ai-native-engineering-lead-remote-latin-america-at-fullstack-4449932343,Senior AI-Native Engineering Lead - Remote - Latin America,FullStack,posted,2026-08-08T18:09:30.536481,2270
bc97c3d9afadbbf7,https://uy.linkedin.com/jobs/view/sinnvoller-job-als-dialoger-in-in-teamarbeit-%E2%80%93-einsatz-f%C3%BCr-menschenrechte-tiere-und-umwelt-studentjob-ch-at-jobster-4449709563,"Sinnvoller Job als Dialoger*in in Teamarbeit – Einsatz für Menschenrechte, Tiere und Umwelt - Studentjob.ch",,scraped,2026-08-08T18:09:53.134046,
ab34b7de43724db6,https://uy.linkedin.com/jobs/view/t%C3%A9cnico-a-en-electr%C3%B3nica-con-conocimientos-en-equipos-m%C3%A9dicos-at-manpowergroup-4448013544,Técnico/a en electrónica con conocimientos en equipos médicos,ManpowerGroup,posted,2026-08-08T18:10:18.861937,2316
1123a2848e0d3d80,https://uy.linkedin.com/jobs/view/asistente-de-atenci%C3%B3n-al-cliente-y-marketing-at-inec-formaci%C3%B3n-instituto-de-enfermer%C3%ADa-continua-4448437276,Asistente de Atención al Cliente y Marketing,INEC Formación -Instituto de Enfermería Continua,posted,2026-08-08T18:10:31.748570,2318
592326138d131db1,https://uy.linkedin.com/jobs/view/%D0%BC%D0%B5%D0%BD%D0%B5%D0%B4%D0%B6%D0%B5%D1%80-%D0%BF%D0%BE-%D0%BF%D1%80%D0%BE%D0%B4%D0%B0%D0%B6%D0%B0%D0%BC-b2b-at-rim-mediagroup-4450793066,Менеджер по продажам B2B,,scraped,2026-08-08T18:10:34.183935,
78e4333d2526ea29,https://uy.linkedin.com/jobs/view/software-engineer-ubuntu-server-certification-at-canonical-4433374522,Software Engineer - Ubuntu Server Certification,,scraped,2026-08-08T18:10:51.575278,
2ccf6a6f2a1b30c5,https://uy.linkedin.com/jobs/view/senior-software-engineer-ai-interaction-evaluator-codex-claude-code-up-to-%24200-hr-at-g2i-inc-4447915022,"Senior Software Engineer - AI Interaction Evaluator (Codex / Claude Code, up to $200/hr)",G2i Inc.,posted,2026-08-08T18:11:04.472258,2320
6a3adea6d7d3481a,https://uy.linkedin.com/jobs/view/senior-contable-outsourcing-zona-franca-at-andersen-in-uruguay-4448042837,Senior Contable (Outsourcing Zona Franca),Andersen in Uruguay,posted,2026-08-08T18:11:12.210971,1286
822663e3cb2fe1cc,https://uy.linkedin.com/jobs/view/sr-software-engineer-backend-at-improve%C2%AE-hr-consulting-4450778466,Sr Software Engineer Backend,,scraped,2026-08-08T18:11:20.833431,
6e73d2ffedf7f527,https://uy.linkedin.com/jobs/view/%D0%BC%D0%B5%D0%BD%D0%B5%D0%B4%D0%B6%D0%B5%D1%80-%D0%BF%D0%BE-%D0%BF%D1%80%D0%BE%D0%B4%D0%B0%D0%B6%D0%B0%D0%BC-b2b-%D1%81%D1%84%D0%B5%D1%80%D0%B0-%D1%80%D0%B5%D0%BA%D0%BB%D0%B0%D0%BC%D1%8B-at-rim-mediagroup-4449929218,Менеджер по продажам B2B (сфера рекламы),,scraped,2026-08-08T18:11:34.740993,
7fa5b9d6df88d71f,https://uy.linkedin.com/jobs/view/verdiene-schnell-und-einfach-geld-mit-umfragen%21-von-%C3%BCberall%21-studentjob-ch-at-jobster-4449722913,Verdiene schnell und einfach Geld mit Umfragen! Von überall! - Studentjob.ch,,scraped,2026-08-08T18:11:45.893559,
b5e6cd3db0ed902d,https://uy.linkedin.com/jobs/view/gesucht-teilnehmer-f%C3%BCr-bezahlte-studien-studentjob-ch-at-jobster-4449746149,Gesucht: Teilnehmer für bezahlte Studien - Studentjob.ch,,scraped,2026-08-08T18:11:58.091338,
67e79558d2873b2e,https://uy.linkedin.com/jobs/view/verdienen-sie-geld-mit-umfragen-die-nur-f%C3%BCr-sie-gemacht-sind-mit-toluna-studentjob-ch-at-jobster-4449712134,"Verdienen Sie Geld mit Umfragen, die nur für Sie gemacht sind, mit Toluna - Studentjob.ch",,scraped,2026-08-08T18:12:07.224362,
f3fe25d14a524ec6,https://uy.linkedin.com/jobs/view/heimarbeit-homeoffice-mit-online-umfragen-geld-verdienen-von-%C3%BCberall%21-studentjob-ch-at-jobster-4449731487,Heimarbeit / Homeoffice: Mit online-Umfragen Geld verdienen von überall! - Studentjob.ch,,scraped,2026-08-08T18:12:15.977777,
574d70dbf318bf41,https://uy.linkedin.com/jobs/view/verdiene-geld-mit-deinen-meinungen-%E2%80%93-flexibler-nebenjob-f%C3%BCr-studenten%21-studentjob-ch-at-jobster-4449389853,Verdiene Geld mit deinen Meinungen – Flexibler Nebenjob für Studenten! - Studentjob.ch,,scraped,2026-08-08T18:12:25.398670,
3526c26aeb24396c,https://uy.linkedin.com/jobs/view/einfach-mit-umfragen-geld-verdienen-mit-toluna-studentjob-ch-at-jobster-4449714686,"Einfach mit Umfragen Geld verdienen, mit Toluna - Studentjob.ch",,scraped,2026-08-08T18:12:35.732472,
9f3571ea547be5a1,https://uy.linkedin.com/jobs/view/ejecutivo-a-comercial-b2b-%E2%80%93-para-rrhh-marketing-btl-at-confidencial-4448459775,Ejecutivo/a Comercial B2B – Para RRHH & Marketing BTL,Confidencial,posted,2026-08-08T18:13:03.866180,2322
d84e89fc29a0eb20,https://uy.linkedin.com/jobs/view/automation-specialist-at-scale-up-recruiting-partners-4450950212,Automation Specialist,Scale Up Recruiting Partners,posted,2026-08-09T17:57:43.864422,2324
e8d6a42984986394,https://uy.linkedin.com/jobs/view/project-controls-analyst-at-csi-4450631307,Project Controls Analyst,,scraped,2026-08-09T17:58:10.556946,
47bfb67012504736,https://uy.linkedin.com/jobs/view/automation-engineer-saas-startup-at-scale-up-recruiting-partners-4450937553,Automation Engineer - SaaS StartUp,Scale Up Recruiting Partners,posted,2026-08-09T17:58:32.219671,2326
e15ab5698d9b23a8,https://uy.linkedin.com/jobs/view/people-operations-specialist-at-sabre-4433296270,People Operations Specialist,Sabre,posted,2026-08-09T17:58:42.246249,2328
659dbe06289e8315,https://uy.linkedin.com/jobs/view/concentrates-operator-at-zonamerica-4428260204,Concentrates Operator,,scraped,2026-08-09T17:58:56.796944,
4794af655934a4f0,https://uy.linkedin.com/jobs/view/auxiliar-de-inventario-stock-a-t%C3%A9rmino-at-unilam-4449431806,Auxiliar de Inventario / Stock A TÉRMINO,,scraped,2026-08-09T17:59:05.842696,
f2b0b34c7be423d5,https://uy.linkedin.com/jobs/view/hr-generalist-on-site-montevideo-at-sophilabs-4448051582,HR Generalist (On Site-Montevideo),Sophilabs,posted,2026-08-09T17:59:21.390193,2160
8de255bedb34e903,https://uy.linkedin.com/jobs/view/auxiliar-para-liquidaci%C3%B3n-de-sueldos-at-chic-parisien-4449353145,AUXILIAR PARA LIQUIDACIÓN DE SUELDOS,Grupo Parisien,posted,2026-08-09T17:59:38.035863,2330
4efeb554d91e105f,https://uy.linkedin.com/jobs/view/analista-de-marketplace-sr-at-sodimac-4450766326,Analista de Marketplace Sr.,,scraped,2026-08-09T17:59:42.691939,
a381238f05cc685c,https://uy.linkedin.com/jobs/view/camarero-at-tosco-patio-cervecero-restobar-4449210445,Camarero,TOSCO | Patio Cervecero &amp; Restobar,posted,2026-08-09T17:59:56.598388,2332
0e815df935cf273e,https://uy.linkedin.com/jobs/view/ios-developer-at-applaudo-4448616048,iOS Developer,,scraped,2026-08-09T17:59:59.253305,
45c9301c151bc04d,https://uy.linkedin.com/jobs/view/oficial-de-cumplimiento-at-entrust-servicios-profesionales-de-recursos-humanos-4449230294,Oficial de Cumplimiento,,scraped,2026-08-09T18:00:13.958730,
b3e04e6a49e0e71e,https://uy.linkedin.com/jobs/view/asistente-contable-at-tso-rail-limited-4449933758,Asistente Contable,,scraped,2026-08-09T18:00:25.327942,
f160cde2957999d7,https://uy.linkedin.com/jobs/view/cio-hsa-at-aon-4450070221,CIO HSA,,scraped,2026-08-09T18:00:32.768749,
7ad3d91c0a48bd2c,https://uy.linkedin.com/jobs/view/project-manager-remote-latin-america-at-bluelight-4450784219,"Project Manager - Remote, Latin America",Bluelight,posted,2026-08-09T18:00:42.307937,2292
ba79b0d74c0d1eac,https://uy.linkedin.com/jobs/view/vendedor-a-para-car-one-at-auren-uruguay-4448866283,Vendedor/a para CAR ONE,,scraped,2026-08-09T18:00:44.937919,
83a4a5b2e478cb5b,https://uy.linkedin.com/jobs/view/t%C3%A9cnico-a-de-mantenimiento-para-paso-de-los-toros-tacuaremb%C3%B3-at-manpowergroup-uruguay-4448072002,"Técnico/a de Mantenimiento para  Paso de los Toros, Tacuarembó",,scraped,2026-08-09T18:01:11.195538,
249cbdf7f0a1c637,https://uy.linkedin.com/jobs/view/analista-de-inventario-at-experis-uruguay-4446633744,Analista de inventario,,scraped,2026-08-09T18:01:18.180216,
5c968b42c1ee5fef,https://uy.linkedin.com/jobs/view/job-mit-sinn-dialoger-m-w-d-80-%E2%80%93-100%25-chf-210-tag-fix-%2B-bonus-studentjob-ch-at-jobster-4449707492,Job mit Sinn: Dialoger (m/w/d) (80 – 100%) CHF 210.-/Tag fix + Bonus - Studentjob.ch,Jobster,posted,2026-08-09T18:02:18.252103,2334
7172b41dac164f24,https://uy.linkedin.com/jobs/view/encargado-de-tienda-at-decohogar-abc-home-srl-4450721219,Encargado de tienda,,scraped,2026-08-09T18:02:20.859174,
69d36e0cd3846065,https://uy.linkedin.com/jobs/view/coordinador-a-administrativo-a-y-de-oficina-uruguay-at-cargill-4451082515,Coordinador(a) Administrativo(a) y de Oficina - Uruguay,Cargill,posted,2026-08-09T18:02:34.788359,2336
9a351d3e487b1488,https://uy.linkedin.com/jobs/view/redtree-latam-operations-team-manager-responsable-de-operaciones-redtree-latam-csi-global-at-csi-4448602679,RedTree LATAM Operations & Team Manager / Responsable de Operaciones RedTree LATAM | CSI Global,,scraped,2026-08-09T18:02:37.473356,
47008d01cf427c0a,https://uy.linkedin.com/jobs/view/comercial-jr-uruguay-interior-del-pa%C3%ADs-at-cargill-4448078605,Comercial Jr. Uruguay (Interior del País),Cargill,posted,2026-08-09T18:02:54.687077,2338
510b24a893145673,https://uy.linkedin.com/jobs/view/account-manager-at-maps-solutions-4448086304,Account Manager,Maps Solutions,posted,2026-08-09T18:02:59.680648,417
a8edc75896ad3208,https://uy.linkedin.com/jobs/view/metal-plater-line-operator-1st-shift-at-pt-natural-indococonut-organik-4449457141,Metal Plater/Line Operator - 1st Shift,,scraped,2026-08-09T18:03:24.079105,
45ba3f4d54c447d2,https://uy.linkedin.com/jobs/view/account-payable-analyst-at-trafigura-4430645339,Account Payable Analyst,,scraped,2026-08-09T18:03:36.907368,
8e0f30c62dfb4bc2,https://uy.linkedin.com/jobs/view/cursos-para-empresas-at-instituto-t%C3%A9cnico-cumbre-4450924522,Cursos para Empresas,Instituto Técnico Cumbre,posted,2026-08-09T18:04:34.022039,2340
691e9ab3e259295c,https://uy.linkedin.com/jobs/view/administraci%C3%B3n-de-empresas-at-instituto-t%C3%A9cnico-cumbre-4450924515,ADMINISTRACIÓN DE EMPRESAS,Instituto Técnico Cumbre,posted,2026-08-09T18:04:44.995217,2342
43708f66b1cce388,https://uy.linkedin.com/jobs/view/carmelo-zagari-%E2%80%93-carnaval-des-yeux-at-mus%C3%A9e-international-des-arts-modestes-4449628827,CARMELO ZAGARI – CARNAVAL DES YEUX,Musée International des Arts Modestes,posted,2026-08-09T18:04:56.166402,2344
939c4a9a0eea6cf1,https://uy.linkedin.com/jobs/view/oficial-de-mantenimiento-electromec%C3%A1nico-at-megalabs-4449352173,Oficial de mantenimiento - electromecánico,,scraped,2026-08-09T18:05:18.814455,
50bd7cecf2d2ae34,https://uy.linkedin.com/jobs/view/especialista-en-ventas-at-cummotors-uruguay-4449238173,Especialista en ventas,,scraped,2026-08-09T18:06:23.933689,
1caf1cc6184a4164,https://uy.linkedin.com/jobs/view/core-banking-migration-engineer-at-kinamic-4449240100,Core Banking migration Engineer,,scraped,2026-08-09T18:06:36.101819,
a6e037c8b6dd2b3b,https://uy.linkedin.com/jobs/view/asesor-a-de-servicio-asistencial-%E2%80%93-rubro-automotriz-at-work-office-4451319465,ASESOR/A DE SERVICIO ASISTENCIAL – RUBRO AUTOMOTRIZ,,scraped,2026-08-09T18:06:42.408752,
96a19796934828e2,https://uy.linkedin.com/jobs/view/asistente-contable-at-oxygeno-4450354007,Asistente Contable,,scraped,2026-08-09T18:06:55.024943,
1fa1c3280ac91b9f,https://uy.linkedin.com/jobs/view/estudiante-de-ingenier%C3%ADa-qu%C3%ADmica-o-carreras-afines-at-megalabs-4451327093,Estudiante de Ingeniería/química o carreras afines,,scraped,2026-08-09T18:07:25.517799,
65f9151b6031f000,https://uy.linkedin.com/jobs/view/comercio-internacional-y-adm-aduanera-at-instituto-t%C3%A9cnico-cumbre-4450924516,COMERCIO INTERNACIONAL Y ADM. ADUANERA,Instituto Técnico Cumbre,posted,2026-08-09T18:07:47.191216,2346
472bde1cc5ff6f0a,https://uy.linkedin.com/jobs/view/perito-en-marketing-digital-estrat%C3%A9gico-at-instituto-t%C3%A9cnico-cumbre-4450920560,Perito en Marketing Digital Estratégico,Instituto Técnico Cumbre,posted,2026-08-09T18:08:10.387228,2348
b4051d9ced232486,https://uy.linkedin.com/jobs/view/payments-optimization-sr-analyst-at-pedidosya-4433470420,Payments Optimization Sr Analyst,,scraped,2026-08-09T18:08:13.009864,
f90db2157db17bd9,https://uy.linkedin.com/jobs/view/online-aufgaben-umfragen-flexible-m%C3%B6glichkeit-geld-online-zu-verdienen-studentjob-ch-at-jobster-4449751023,"Online Aufgaben & Umfragen - Flexible Möglichkeit, Geld online zu verdienen - Studentjob.ch",,scraped,2026-08-09T18:08:31.595769,
da45377e27c8c6c9,https://uy.linkedin.com/jobs/view/contador-a-contabilidad-e-impuestos-posadas-at-posadas-4448577137,CONTADOR/A - CONTABILIDAD E IMPUESTOS | POSADAS,,scraped,2026-08-09T18:09:01.011014,
564b34862a2f0237,https://uy.linkedin.com/jobs/view/ejecutivo-a-de-desarrollo-comercial-multirubro-at-entrust-servicios-profesionales-de-recursos-humanos-4448441358,Ejecutivo/a de Desarrollo Comercial Multirubro,,scraped,2026-08-09T18:09:39.489860,
412069583c95c567,https://uy.linkedin.com/jobs/view/ejecutivo-a-de-prestaciones-temporal-at-manpowergroup-uruguay-4448072611,Ejecutivo/a de prestaciones (temporal),,scraped,2026-08-09T18:09:48.642869,
ea722be8bf6d714e,https://uy.linkedin.com/jobs/view/sales-enablement-communications-intern-at-sabre-4450652069,Sales Enablement Communications Intern,Sabre,posted,2026-08-09T18:10:15.890221,2350
246523a91c042ad7,https://uy.linkedin.com/jobs/view/senior-backend-engineer-typescript-ai-at-scale-up-recruiting-partners-4450938556,Senior Backend Engineer (TypeScript & AI),Scale Up Recruiting Partners,posted,2026-08-09T18:10:28.637775,2352
05334c6c22308104,https://uy.linkedin.com/jobs/view/desarrollador-senior-react-%2B-typescript-trabajo-remoto-at-bairesdev-4449189746,Desarrollador Senior React + TypeScript  - Trabajo Remoto,BairesDev,posted,2026-08-09T18:10:35.840418,273
1616e36b8e80391d,https://uy.linkedin.com/jobs/view/senior-full-stack-engineer-node-%2B-vue-remote-latin-america-at-fullstack-4449087141,Senior Full Stack Engineer (Node + Vue) - Remote - Latin America,FullStack,posted,2026-08-09T18:10:54.919372,1954
ad6e241ff47e50c9,https://uy.linkedin.com/jobs/view/senior-full-stack-engineer-node-%2B-vue-remote-latin-america-at-fullstack-4449072858,Senior Full Stack Engineer (Node + Vue) - Remote - Latin America,FullStack,posted,2026-08-09T18:11:02.337594,1954
271fe6f7b4c300d7,https://uy.linkedin.com/jobs/view/top-verdienen-in-der-schweiz-200-%E2%82%AC-pro-tag-als-dialoger-in-m-w-d-studentjob-ch-at-jobster-4449394698,Top verdienen in der Schweiz: 200 € pro Tag als Dialoger*in (m/w/d) - Studentjob.ch,,scraped,2026-08-09T18:11:05.049803,
0d029b5d34b22dcf,https://uy.linkedin.com/jobs/view/senior-software-engineer-react-%2B-next-js-remote-latin-america-at-fullstack-4442172798,Senior Software Engineer (React + Next.js) - Remote - Latin America,FullStack,posted,2026-08-09T18:11:37.436861,1410
62b8250b2a836b45,https://uy.linkedin.com/jobs/view/senior-azure-devops-engineer-at-applaudo-4451016134,Senior Azure DevOps Engineer,,scraped,2026-08-09T18:11:44.083885,
f55d37408396f072,https://uy.linkedin.com/jobs/view/data-engineer-at-scanntech-uruguay-4450270287,Data Engineer,,scraped,2026-08-10T18:14:11.024092,
c5d4a8c76627b527,https://uy.linkedin.com/jobs/view/especialista-en-aduanas-at-gxo-logistics-inc-4448053593,Especialista en aduanas,"GXO Logistics, Inc.",posted,2026-08-10T18:14:33.277547,2354
587195124528a360,https://uy.linkedin.com/jobs/view/cost-manager-data-center-construction-projects-at-turner-townsend-4372578589,"Cost Manager, Data Center Construction Projects",,scraped,2026-08-10T18:14:36.025564,
06dfb9020f6de85d,https://uy.linkedin.com/jobs/view/project-manager-remote-latin-america-at-bluelight-4451354893,"Project Manager - Remote, Latin America",Bluelight,posted,2026-08-10T18:14:57.068727,2292
20c3ea8b27cde795,https://uy.linkedin.com/jobs/view/mantenimiento-industrial-%E2%80%93-ciudad-de-la-costa-at-work-office-4446641442,Mantenimiento Industrial – Ciudad de la Costa,,scraped,2026-08-10T18:15:07.844929,
29f99d92b8f41202,https://uy.linkedin.com/jobs/view/t%C3%A9cnico-a-de-planificaci%C3%B3n-de-mantenimiento-at-teyma-4449575176,Técnico/a de Planificación de Mantenimiento,,scraped,2026-08-10T18:15:22.497754,
848127e2ab7a1bd3,https://uy.linkedin.com/jobs/view/solutions-engineer-aws-at-qubika-4407457942,Solutions Engineer (AWS),Qubika,posted,2026-08-10T18:16:41.343843,2356
62527a06b5ee67c9,https://uy.linkedin.com/jobs/view/wordpress-developer-remote-latin-america-at-fullstack-4450656465,WordPress Developer - Remote - Latin America,FullStack,posted,2026-08-10T18:16:46.307190,2202
57e61884796efc42,https://uy.linkedin.com/jobs/view/project-manager-at-g%C3%B3mez-platero-4448054735,Project Manager,,scraped,2026-08-10T18:16:48.900134,
8d889801ccccfee9,https://uy.linkedin.com/jobs/view/engineering-manager-at-toptal-4450703555,Engineering Manager,Toptal,posted,2026-08-10T18:17:04.965934,2358
c74140f025af253e,https://uy.linkedin.com/jobs/view/auxiliar-de-dep%C3%B3sitos-4449563508,Auxiliar de depósitos,Odastil S.A.,posted,2026-08-10T18:17:24.867870,2360
2703b2e07ecf0e21,https://uy.linkedin.com/jobs/view/ai-product-engineer-manufacturing-logistics-systems-full-stack-next-js%2Bsupabase-at-koin-limited-4449217660,"AI Product Engineer,Manufacturing,Logistics Systems Full Stack, Next.js+Supabase",,scraped,2026-08-10T18:17:27.465831,
2b16c763b4ddab7a,https://uy.linkedin.com/jobs/view/management-accountant-latam-at-trafigura-4448043333,Management Accountant LATAM,,scraped,2026-08-10T18:18:39.341154,
65aa890972a21b35,https://uy.linkedin.com/jobs/view/management-accountant-na-at-trafigura-4430286543,Management Accountant NA,,scraped,2026-08-10T18:18:46.917526,
ddb9649181c571a0,https://uy.linkedin.com/jobs/view/it-operational-risk-analyst-uruguay-at-prex-4450640473,IT & Operational Risk Analyst Uruguay,,scraped,2026-08-10T18:18:53.815017,
598f785e876837be,https://uy.linkedin.com/jobs/view/analista-de-mejora-continua-at-gxo-logistics-inc-4446654936,Analista de Mejora Continua,"GXO Logistics, Inc.",posted,2026-08-10T18:19:09.885204,2362
8c7039c1a14900f2,https://uy.linkedin.com/jobs/view/asesor-de-alianzas-at-rua-asistencia-4449351216,Asesor de Alianzas,,scraped,2026-08-10T18:19:12.601671,
89b36c1d01c1fb04,https://uy.linkedin.com/jobs/view/responsable-de-integridad-de-activos-at-experis-uruguay-4449237216,Responsable de Integridad de Activos,,scraped,2026-08-10T18:20:23.674814,
9062b9610239cc7e,https://uy.linkedin.com/jobs/view/coordinador-de-operaciones-at-boston-clarks-investments-4449807176,Coordinador de operaciones,,scraped,2026-08-10T18:21:37.165439,
46d54882f6c09d35,https://uy.linkedin.com/jobs/view/mysql-database-support-engineer-americas-remote-at-percona-4450780022,MySQL Database Support Engineer (AMERICAS - Remote),Percona,posted,2026-08-10T18:21:59.426151,2364
b2c31217db5ace1a,https://uy.linkedin.com/jobs/view/semi-senior-project-manager-remote-work-at-bairesdev-4451425007,Semi Senior Project Manager - Remote Work,BairesDev,posted,2026-08-10T18:22:04.638113,2186
4ebbdceec333b981,https://uy.linkedin.com/jobs/view/react-developer-remote-work-at-indi-staffing-services-4449631875,React Developer - Remote Work,INDI Staffing Services,posted,2026-08-10T18:22:14.308782,2366
2f9a607bcff39264,https://uy.linkedin.com/jobs/view/hr-specialist-at-zonamerica-4450759388,HR Specialist,,scraped,2026-08-10T18:22:16.954003,
a5f057a0f89a535e,https://uy.linkedin.com/jobs/view/buscamos-vendedor-a-presencial-para-maldonado-at-casa-tres-contact-center-4451393050,Buscamos Vendedor/a Presencial  para Maldonado,,scraped,2026-08-10T18:22:26.326423,
244a00426a17d118,https://uy.linkedin.com/jobs/view/infraestructura-it-at-opentech-4447347563,Infraestructura IT,,scraped,2026-08-10T18:22:33.303545,
b2518455662f29da,https://uy.linkedin.com/jobs/view/staff-engineer-big-data-at-scanntech-uruguay-4449623774,Staff Engineer Big Data,,scraped,2026-08-10T18:22:40.638616,
45dc6f6158291cf1,https://uy.linkedin.com/jobs/view/auxiliares-de-tienda-y-cajeros-para-minas-at-unilam-4450524712,Auxiliares de tienda y cajeros para Minas,,scraped,2026-08-10T18:23:51.717549,
8c8b1b05c112feb9,https://uy.linkedin.com/jobs/view/virtual-assistant-at-cs-outsource-4449305799,Virtual Assistant,CS Outsource,posted,2026-08-10T18:24:03.989789,383
75650f6d69fe4e65,https://uy.linkedin.com/jobs/view/ai-product-engineer-finance-systems-full-stack-next-js-%2B-supabase-at-koin-limited-4449230110,"AI Product Engineer, Finance Systems (Full Stack, Next.js + Supabase)",,scraped,2026-08-10T18:24:08.639674,
46df18c056e86f9c,https://uy.linkedin.com/jobs/view/gmp-technician-at-sbm-management-services-lp-4451405847,GMP Technician,"SBM Management Services, LP",posted,2026-08-10T18:25:27.553388,103
366ff51fbca9e7b9,https://uy.linkedin.com/jobs/view/contadur%C3%ADa-general-at-instituto-t%C3%A9cnico-cumbre-4450922570,Contaduría General,Instituto Técnico Cumbre,posted,2026-08-10T18:25:51.324354,2368
43cd15369efbef7b,https://uy.linkedin.com/jobs/view/wordpress-developer-remote-latin-america-at-fullstack-4450656462,WordPress Developer - Remote - Latin America,FullStack,posted,2026-08-10T18:25:58.371077,2202
77f9fb866d05080a,https://uy.linkedin.com/jobs/view/wordpress-developer-remote-latin-america-at-fullstack-4450642772,WordPress Developer - Remote - Latin America,FullStack,posted,2026-08-10T18:26:03.298186,2202
9e650fca6d1fc9cb,https://uy.linkedin.com/jobs/view/project-manager-remote-latin-america-at-bluelight-4451365623,"Project Manager - Remote, Latin America",Bluelight,posted,2026-08-10T18:26:10.313639,2292
398f50ac4568f5c7,https://uy.linkedin.com/jobs/view/software-engineer-elixir-phoenix-remote-latin-america-at-bluelight-4451371503,Software Engineer - Elixir/Phoenix - Remote - Latin America,Bluelight,posted,2026-08-10T18:26:19.421760,2146
de6f16dbc6e032ec,https://uy.linkedin.com/jobs/view/oficial-de-mantenimiento-mec%C3%A1nico-para-ose-maldonado-at-auren-uruguay-4449491581,Oficial de Mantenimiento Mecánico para OSE Maldonado,,scraped,2026-08-10T18:26:27.934501,
c1a33142e7b67a27,https://uy.linkedin.com/jobs/view/desarrollador-python-at-opentech-4447338899,Desarrollador Python,,scraped,2026-08-10T18:26:39.458870,
43b8088d78426d5d,https://uy.linkedin.com/jobs/view/supervisor-a-de-economato-at-teyma-4449572361,Supervisor/a de Economato,,scraped,2026-08-10T18:27:55.589047,
0751ca74212e1c63,https://uy.linkedin.com/jobs/view/administraci%C3%B3n-de-empresas-at-instituto-t%C3%A9cnico-cumbre-4450918706,Administración de Empresas,Instituto Técnico Cumbre,posted,2026-08-10T18:29:30.793157,2370
1427ba7058e41de2,https://uy.linkedin.com/jobs/view/data-scientist-at-round-table-devops-series-%23rtdos-4450331638,data scientist,,scraped,2026-08-10T18:29:33.269238,
ab1fa4714d7eaa08,https://uy.linkedin.com/jobs/view/job-mit-sinn-dialoger-m-w-d-80-%E2%80%93-100%25-chf-210-tag-fix-%2B-bonus-studentjob-ch-at-jobster-4451148372,Job mit Sinn: Dialoger (m/w/d) (80 – 100%) CHF 210.-/Tag fix + Bonus - Studentjob.ch,,scraped,2026-08-10T18:29:42.569812,
80110cd39b077b8e,https://uy.linkedin.com/jobs/view/ejecutivo-de-venta-a-empresa-canal-interior-at-sodimac-4451314637,Ejecutivo de Venta a Empresa Canal Interior,,scraped,2026-08-10T18:30:54.810882,
d842a9c8526243c6,https://uy.linkedin.com/jobs/view/especialista-manufactura-at-satellogic-4451179627,Especialista Manufactura,,scraped,2026-08-10T18:31:19.250709,
97651cfa3cd284fd,https://uy.linkedin.com/jobs/view/financial-accountant-latam-at-trafigura-4448047307,Financial Accountant - LATAM,,scraped,2026-08-10T18:31:33.290204,
addaa0017a6abf8f,https://uy.linkedin.com/jobs/view/analista-de-inteligencia-comercial-retail-at-scanntech-uruguay-4449629933,Analista de Inteligencia Comercial - Retail,,scraped,2026-08-10T18:31:40.481145,
ede59708c92b4dc8,https://uy.linkedin.com/jobs/view/auxiliar-administrativo-de-rr-hh-at-kfc-4449214036,Auxiliar administrativo de RR. HH.,KFC,posted,2026-08-10T18:31:58.965989,2372
ac73143b19f2e74f,https://uy.linkedin.com/jobs/view/auxiliares-de-sal%C3%B3n-y-cajeros-para-paso-carrasco-arenas-de-carrasco-at-unilam-4450023619,Auxiliares de Salón y Cajeros para PASO CARRASCO (ARENAS DE CARRASCO),,scraped,2026-08-10T18:32:03.589403,
f0001fd809a0a8ac,https://uy.linkedin.com/jobs/view/senior-accounts-receivable-revenue-operations-specialist-at-veta-virtual-4448460570,Senior Accounts Receivable & Revenue Operations Specialist,,scraped,2026-08-10T18:33:18.532348,
f5b2747e202e8b4f,https://uy.linkedin.com/jobs/view/analista-contable-at-aldo-4449431805,ANALISTA CONTABLE,,scraped,2026-08-10T18:34:28.690802,
645f2cc95a2d8d1e,https://uy.linkedin.com/jobs/view/consultor-a-transformaci%C3%B3n-financiera-at-deloitte-4449633533,Consultor(a) Transformación Financiera,Deloitte,posted,2026-08-10T18:35:49.079321,2374
417f1de3e1643794,https://uy.linkedin.com/jobs/view/%D0%BF%D1%80%D0%BE%D0%B4%D0%B0%D0%B2%D0%B5%D1%86-%D0%BA%D0%B0%D1%81%D1%81%D0%B8%D1%80-%D0%B2-%D1%8E%D0%B2%D0%B5%D0%BB%D0%B8%D1%80%D0%BD%D1%8B%D0%B9-%D1%81%D0%B0%D0%BB%D0%BE%D0%BD-%D0%BD%D0%BE%D0%B2%D0%B0%D1%8F-%D1%80%D0%B8%D0%B3%D0%B0-outlet-at-bronnitsy-jeweler-4451120889,Продавец-кассир в ювелирный салон (Новая Рига Outlet),Bronnitsy Jeweler,posted,2026-08-10T18:37:28.839090,2376
8028786049f78240,https://uy.linkedin.com/jobs/view/t%C3%A9cnico-a-mec%C3%A1nico-a-montevideo-canelones-at-inchcape-am%C3%A9ricas-4449024108,Técnico/a Mecánico/a - Montevideo/Canelones,Inchcape Américas,posted,2026-08-10T18:37:40.695763,2378
df4d28aa4529bc3b,https://uy.linkedin.com/jobs/view/home-office-ihre-meinung-ist-wertvoll-%E2%80%93-lassen-sie-sich-daf%C3%BCr-belohnen%21-studentjob-ch-at-jobster-4451166905,Home Office: Ihre Meinung ist wertvoll – lassen Sie sich dafür belohnen! - Studentjob.ch,,scraped,2026-08-10T18:37:49.409446,
42b1a58f19a618b4,https://uy.linkedin.com/jobs/view/desarrollador-back-nestjs-semi-senior-remoto-urug%C3%BCay-at-sofka-technologies-4450913014,Desarrollador Back NestJS Semi senior | Remoto | Urugüay,Sofka Technologies,posted,2026-08-10T18:39:11.339923,2380
caa89512c0938c45,https://uy.linkedin.com/jobs/view/freelance-at-firstsource-4451146395,Freelance,,scraped,2026-08-10T18:39:14.207542,
5811e99e56762f51,https://uy.linkedin.com/jobs/view/it-infrastructure-engineer-at-sterlington-4450606813,IT Infrastructure Engineer,Sterlington,posted,2026-08-10T18:39:28.748533,2382
1f5ad3959ea3ce2c,https://uy.linkedin.com/jobs/view/analista-funcional-mrp-at-nexit-4446655621,Analista Funcional MRP,,scraped,2026-08-10T18:39:31.447892,
a35bdac621dc5e3f,https://uy.linkedin.com/jobs/view/software-engineer-elixir-phoenix-remote-latin-america-at-bluelight-4451353985,Software Engineer - Elixir/Phoenix - Remote - Latin America,Bluelight,posted,2026-08-10T18:39:43.200924,2146
26456400a8a0c27c,https://uy.linkedin.com/jobs/view/sports-data-collector-football-fray-bentos-uruguay-at-genius-sports-4430638534,"Sports Data Collector (Football) - Fray Bentos, Uruguay",,scraped,2026-08-10T18:39:55.765903,
dbd58e868eed71e3,https://uy.linkedin.com/jobs/view/software-engineer-robotics-at-scale-ai-4346644257,"Software Engineer, Robotics",Scale AI,posted,2026-08-10T18:41:14.300875,2384
370932eb888d6fba,https://uy.linkedin.com/jobs/view/marketing-coordinator-at-howard-4449303689,Marketing Coordinator,Howard,posted,2026-08-10T18:41:19.990323,1222
f83a5c6f1fe5c29b,https://uy.linkedin.com/jobs/view/t%C3%A9cnico-para-service-jr-equipamiento-cient%C3%ADfico-para-laboratorios-at-biriden-instrumental-cient%C3%ADfico-4450025652,Técnico para  Service Jr. | Equipamiento Científico para Laboratorios,,scraped,2026-08-10T18:41:22.658131,
d581d4a726fbef94,https://uy.linkedin.com/jobs/view/network-engineer-palo-alto-specialist-at-omniaccess-4448738812,Network Engineer - Palo Alto Specialist,,scraped,2026-08-10T18:42:35.702151,
11eb35e4b9713a3e,https://uy.linkedin.com/jobs/view/ejecutivo-de-ventas-en-terreno-at-johnson-controls-4448712274,Ejecutivo de Ventas en Terreno,,scraped,2026-08-10T18:43:50.537358,
5a7cfa7ce5da282d,https://uy.linkedin.com/jobs/view/especialista-l%C3%ADder-en-tecnolog%C3%ADa-de-la-informaci%C3%B3n-at-experis-uruguay-4448457489,Especialista Líder en Tecnología de la Información,,scraped,2026-08-10T18:45:00.935291,
38728d6f8379c286,https://uy.linkedin.com/jobs/view/desarrollador-de-sw-2-at-sonda-4451543719,Desarrollador de SW 2,,scraped,2026-08-10T18:45:07.998869,
0a23d7b7d226c87a,https://uy.linkedin.com/jobs/view/auxiliar-administrativo-a-contable-at-human-phi-4441819682,Auxiliar Administrativo/a Contable,,scraped,2026-08-10T18:45:15.246423,
8cbfbdb0faa6124b,https://uy.linkedin.com/jobs/view/estudiante-de-contador-p%C3%BAblico-at-abconzult-4449342360,Estudiante de Contador Público,ABConzult,posted,2026-08-10T18:45:42.279452,2386
f9e5737f9d4efa71,https://uy.linkedin.com/jobs/view/ejecutivo-a-de-banca-premium-contrato-a-t%C3%A9rmino-por-6-meses-at-bbva-en-uruguay-4449953632,Ejecutivo/a de Banca Premium (Contrato a término por 6 meses),BBVA en Uruguay,posted,2026-08-10T18:45:56.577858,2388
4438f87396d0b520,https://uy.linkedin.com/jobs/view/%D0%BC%D0%B5%D0%BD%D0%B5%D0%B4%D0%B6%D0%B5%D1%80-%D0%BF%D0%BE-%D0%BF%D1%80%D0%BE%D0%B4%D0%B0%D0%B6%D0%B0%D0%BC-b2b-at-rim-mediagroup-4449494063,Менеджер по продажам B2B,,scraped,2026-08-10T18:46:05.358586,
09e7e651e326d499,https://uy.linkedin.com/jobs/view/comercial-jr-uruguay-interior-del-pa%C3%ADs-at-cargill-4448074603,Comercial Jr. Uruguay (Interior del País),Cargill,posted,2026-08-10T18:46:25.894007,2390
3368c010f752d8ea,https://uy.linkedin.com/jobs/view/data-engineer-sql-focused-at-blend-4449212737,Data Engineer (SQL-focused),Blend,posted,2026-08-10T18:46:47.044337,2392
20b2eff8e7dd5387,https://uy.linkedin.com/jobs/view/comercial-jr-uruguay-interior-del-pa%C3%ADs-at-cargill-4448456150,Comercial Jr. Uruguay (Interior del País),Cargill,posted,2026-08-10T18:46:56.331827,2394
260e97d475376211,https://uy.linkedin.com/jobs/view/comercial-jr-uruguay-interior-del-pa%C3%ADs-at-cargill-4448062684,Comercial Jr. Uruguay (Interior del País),Cargill,posted,2026-08-10T18:47:09.270074,2396
98c5c657096d23ad,https://uy.linkedin.com/jobs/view/senior-ai-native-engineering-lead-remote-latin-america-at-fullstack-4449939139,Senior AI-Native Engineering Lead - Remote - Latin America,FullStack,posted,2026-08-10T18:47:14.396535,2270
4c03aea78d3ba115,https://uy.linkedin.com/jobs/view/sr-ticketing-agent-at-nexion-travel-group-4451533759,Sr Ticketing Agent,Nexion Travel Group,posted,2026-08-10T18:47:42.027681,2398
1396270c6cd8edae,https://uy.linkedin.com/jobs/view/home-office-ihre-meinung-ist-wertvoll-%E2%80%93-lassen-sie-sich-daf%C3%BCr-belohnen%21-studentjob-ch-at-jobster-4451171456,Home Office: Ihre Meinung ist wertvoll – lassen Sie sich dafür belohnen! - Studentjob.ch,Jobster,posted,2026-08-10T18:49:33.582911,2400
0cd3e1ed836c03e2,https://uy.linkedin.com/jobs/view/talent-acquisition-at-strider-4451829203,Talent Acquisition,Strider,posted,2026-08-10T18:49:43.779570,2402
ec4126bf8731b50a,https://uy.linkedin.com/jobs/view/sinnvoller-job-als-dialoger-in-in-teamarbeit-%E2%80%93-einsatz-f%C3%BCr-menschenrechte-tiere-und-umwelt-studentjob-ch-at-jobster-4451158432,"Sinnvoller Job als Dialoger*in in Teamarbeit – Einsatz für Menschenrechte, Tiere und Umwelt - Studentjob.ch",Jobster,posted,2026-08-10T18:51:26.623533,2404
b2b5ec22d07875c4,https://uy.linkedin.com/jobs/view/ingeniero-mec%C3%A1nico-qu%C3%ADmico-junior-at-csi-4414257316,Ingeniero Mecánico/Químico Junior,,scraped,2026-08-10T18:51:29.324418,
8e037eb01b339007,https://uy.linkedin.com/jobs/view/asesor-atenci%C3%B3n-al-cliente-at-italmundo-4451311794,Asesor atención al cliente,,scraped,2026-08-10T18:51:40.122122,
4e83de7f90b03250,https://uy.linkedin.com/jobs/view/contador-a-senior-at-forvis-mazars-in-uruguay-4449808290,Contador/a Senior,,scraped,2026-08-10T18:51:57.819743,
2649c89d84740352,https://www.linkedin.com/jobs/view/4888/,"1,000+Recruiting Operations Manager Jobs in United States",,failed|wp_post_failed,2026-08-10T18:52:17.541455,
69bf97b216860f02,https://uy.linkedin.com/jobs/view/consejero-a-legal-at-fonplata-4449263368,CONSEJERO/A LEGAL,FONPLATA,posted,2026-08-10T18:52:33.907771,2406
b05133402e18bb76,https://uy.linkedin.com/jobs/view/senior-full-stack-developer-typescript-%2B-python-at-applaudo-4451027415,Senior Full Stack Developer (Typescript + Python),,scraped,2026-08-10T18:52:36.635590,
fa336a1f8bfafd21,https://uy.linkedin.com/jobs/view/projetista-civil-industrial-at-agille-gerenciamento-4448420789,Projetista Civil Industrial,,scraped,2026-08-10T18:53:48.700868,
5403e3ab10204ccc,https://uy.linkedin.com/jobs/view/von-zuhause-geld-verdienen%3F-es-war-nie-einfacher%21-homeoffice-studentjob-ch-at-jobster-4451143609,Von Zuhause Geld verdienen? Es war nie einfacher! Homeoffice - Studentjob.ch,,scraped,2026-08-10T18:54:59.703353,
62e2f9216a734504,https://uy.linkedin.com/jobs/view/verdiene-schnell-und-einfach-geld-mit-umfragen%21-von-%C3%BCberall%21-studentjob-ch-at-jobster-4451170926,Verdiene schnell und einfach Geld mit Umfragen! Von überall! - Studentjob.ch,,scraped,2026-08-10T18:55:16.183987,
64ddf9e5f4b08021,https://uy.linkedin.com/jobs/view/gesucht-teilnehmer-f%C3%BCr-bezahlte-studien-studentjob-ch-at-jobster-4451167685,Gesucht: Teilnehmer für bezahlte Studien - Studentjob.ch,,scraped,2026-08-10T18:55:24.680862,
d8eef335edf51016,https://uy.linkedin.com/jobs/view/heimarbeit-verdiene-geld-mit-umfragen-in-der-marktforschung-studentjob-ch-at-jobster-4451156263,Heimarbeit -Verdiene Geld mit Umfragen in der MARKTFORSCHUNG - Studentjob.ch,,scraped,2026-08-10T18:56:40.829022,
32fa802362ce4162,https://uy.linkedin.com/jobs/view/senior-software-engineer-flask-react-remote-latin-america-at-bluelight-4451364689,"Senior Software Engineer (Flask/React) - Remote, Latin America",Bluelight,posted,2026-08-10T18:56:58.745870,2408
80692672cb571f64,https://uy.linkedin.com/jobs/view/enqu%C3%AAteur-pour-des-sondages-en-ligne-t%C3%A9l%C3%A9travail-h-f-studentjob-ch-at-jobster-4451126873,Enquêteur pour des sondages en ligne - télétravail H/F - Studentjob.ch,,scraped,2026-08-10T18:57:03.349120,
5a651fe6e68422d4,https://uy.linkedin.com/jobs/view/flexibler-nebenjob-f%C3%BCr-studenten-25-50-chf-h-w-m-d-studentjob-ch-at-jobster-4451170987,Flexibler Nebenjob für Studenten (25-50 CHF/h) (w/m/d) - Studentjob.ch,,scraped,2026-08-10T18:57:11.803478,
448b0f691bf72535,https://uy.linkedin.com/jobs/view/ferienjob-sommerjob-als-promoter-25-50-chf-h-w-m-d-studentjob-ch-at-jobster-4451139681,Ferienjob / Sommerjob als Promoter (25-50 CHF/h) (w/m/d) - Studentjob.ch,,scraped,2026-08-10T18:57:20.432315,
2820db36c9fad809,https://uy.linkedin.com/jobs/view/homeoffice-mit-online-umfragen-geld-verdienen-von-%C3%BCberall%21-studentjob-ch-at-jobster-4451170870,Homeoffice: Mit online-Umfragen Geld verdienen von überall! - Studentjob.ch,,scraped,2026-08-10T18:57:28.978146,
0ee713056242b030,https://uy.linkedin.com/jobs/view/panelteilnehmer-in-%E2%80%93-askgfk-schweiz-studentjob-ch-at-jobster-4451156982,Panelteilnehmer:in – askGfK Schweiz - Studentjob.ch,,scraped,2026-08-10T18:57:37.254620,
64c92753f0af4a15,https://uy.linkedin.com/jobs/view/sales-compensation-administrator-at-internova-travel-group-4449803429,Sales Compensation Administrator,Internova Travel Group,posted,2026-08-11T18:15:29.228622,1690
6b1541203d840aa7,https://uy.linkedin.com/jobs/view/technical-product-specialist-i-at-sabre-4449375894,Technical product specialist I,Sabre,posted,2026-08-11T18:16:16.031195,2410
a82e1c14f297edc6,https://uy.linkedin.com/jobs/view/kindergarten-teacher-at-colegio-bilingue-ciudad-vieja-4449812322,Kindergarten Teacher,,scraped,2026-08-11T18:16:24.754806,
1852ec340e8d2849,https://uy.linkedin.com/jobs/view/analista-comercial-jr-%E2%80%93-maldonado-at-el-dorado-4451309790,Analista Comercial Jr. – Maldonado,,scraped,2026-08-11T18:16:37.172029,
1c5ad02990bcd67e,https://uy.linkedin.com/jobs/view/site-reliability-engineer-at-pythian-4449821326,Site Reliability Engineer,,scraped,2026-08-11T18:16:46.740870,
8cb63efe151755bc,https://uy.linkedin.com/jobs/view/public-private-partnerships-upstream-consultant-at-inter-american-development-bank-4449513923,Public-Private Partnerships Upstream Consultant,Banco Interamericano de Desarrollo,posted,2026-08-11T18:17:08.513610,2412
7aec18c6be83ced6,https://uy.linkedin.com/jobs/view/analista-de-inventario-at-axo%C2%AE-uruguay-4452491188,Analista de inventario,,scraped,2026-08-11T18:17:17.262740,
e099e2d484c7f3d8,https://uy.linkedin.com/jobs/view/food-safety-quality-specialist-at-pedidosya-4449753353,Food Safety & Quality Specialist,,scraped,2026-08-11T18:17:24.187422,
142237f3e4043f82,https://uy.linkedin.com/jobs/view/ai-engineering-manager-at-blend-4451551780,AI Engineering Manager,Blend,posted,2026-08-11T18:17:35.903693,1184
f30991f358e0d12d,https://uy.linkedin.com/jobs/view/english-speaking-inspector-customer-support-representative-at-mindy-support-4451406143,English speaking Inspector/Customer Support Representative,,scraped,2026-08-11T18:17:40.674747,
a4bf205432333c0b,https://uy.linkedin.com/jobs/view/territory-manager-uruguay-at-halter-4451682830,Territory Manager - Uruguay,,scraped,2026-08-11T18:18:01.628267,
4b89e38088c078b5,https://uy.linkedin.com/jobs/view/business-development-manager-%E2%80%93-uruguay-at-confidential-jobs-4426954748,Business Development Manager – Uruguay,Confidential Jobs,posted,2026-08-11T18:18:13.349904,953
5afd40e0aa2f0c12,https://uy.linkedin.com/jobs/view/ai-engineer-manager-at-blend-4450734687,AI Engineer Manager,Blend,posted,2026-08-11T18:18:29.736019,2414
a49ced05a7b7531b,https://uy.linkedin.com/jobs/view/encargado-de-centro-de-servicio-at-grupo-q-4452119844,Encargado de Centro de Servicio,,scraped,2026-08-11T18:18:36.466229,
b3df2fb062cd5cc3,https://uy.linkedin.com/jobs/view/analista-de-datos-ssr-para-rrhh-at-experis-uruguay-4449868278,Analista de datos SSR. para RRHH,,scraped,2026-08-11T18:18:52.278174,
b443087fee69cb1c,https://uy.linkedin.com/jobs/view/administrador-a-de-redes-y-telecomunicaciones-at-sonda-4451815350,Administrador/a de Redes y Telecomunicaciones,,scraped,2026-08-11T18:18:59.469762,
26a762533c7092c7,https://uy.linkedin.com/jobs/view/corporate-travel-and-mobility-agent-remote-work-at-bairesdev-4451903552,Corporate Travel and Mobility Agent - Remote Work,BairesDev,posted,2026-08-11T18:19:13.804805,579
e75cf711fafd6b2e,https://uy.linkedin.com/jobs/view/wordpress-developer-remote-latin-america-at-fullstack-4450647686,WordPress Developer - Remote - Latin America,FullStack,posted,2026-08-11T18:19:30.985560,2202
cec3ba6c3b0cf34c,https://uy.linkedin.com/jobs/view/technical-project-manager-remote-work-at-bairesdev-4451443735,Technical Project Manager - Remote Work,BairesDev,posted,2026-08-11T18:19:36.371007,2188
fdbf447ef8f3f6d1,https://uy.linkedin.com/jobs/view/gabinete-contable-at-instituto-t%C3%A9cnico-cumbre-4450923527,Gabinete Contable,Instituto Técnico Cumbre,posted,2026-08-11T18:19:48.061735,2416
112c65a6868bf26b,https://uy.linkedin.com/jobs/view/wordpress-developer-remote-latin-america-at-fullstack-4450656461,WordPress Developer - Remote - Latin America,FullStack,posted,2026-08-11T18:19:53.366009,2202
f9ca8bd4c6c4b905,https://uy.linkedin.com/jobs/view/legal-assistant-at-veta-virtual-4449192979,Legal Assistant,,scraped,2026-08-11T18:20:06.062271,
28f47d2997bb2b8a,https://uy.linkedin.com/jobs/view/administrative-assistant-part-time-at-internova-global-services-4451014433,Administrative Assistant (part time),Internova Global Services,posted,2026-08-11T18:21:10.633217,2418
9b33ac129e13fd67,https://uy.linkedin.com/jobs/view/project-manager-senior-remote-work-at-bairesdev-4451433430,Project Manager Senior - Remote Work,BairesDev,posted,2026-08-11T18:21:24.058830,2236
f6541b79df9e4153,https://uy.linkedin.com/jobs/view/tech-lead-sistemas-at-ita%C3%BA-uruguay-4449812897,Tech Lead - Sistemas,Itaú Uruguay,posted,2026-08-11T18:21:52.708415,2420
d8dff07adc708193,https://uy.linkedin.com/jobs/view/vendedor-de-tienda-iberpark%E2%80%93-costa-urbana-at-iber-4451327092,Vendedor de Tienda Iberpark–  Costa Urbana,,scraped,2026-08-11T18:21:57.564160,
fa8cb63759dd4f3a,https://uy.linkedin.com/jobs/view/analista-de-prevenci%C3%B3n-de-fraude-commerce-at-mercado-libre-4449865021,Analista de Prevención de Fraude - Commerce,,scraped,2026-08-11T18:22:09.871064,
8320b98f8a1893a0,https://uy.linkedin.com/jobs/view/supervisor-de-instalaciones-de-plantas-at-entrust-servicios-profesionales-de-recursos-humanos-4449552980,Supervisor de Instalaciones de Plantas,,scraped,2026-08-11T18:22:18.960734,
91906335a566f638,https://uy.linkedin.com/jobs/view/infrastructure-engineer-kubernetes-platform-at-kraken-4451454014,Infrastructure Engineer - Kubernetes Platform,Kraken,posted,2026-08-11T18:22:35.038705,2422
06c8cf088cb79b63,https://uy.linkedin.com/jobs/view/vendedor-a-viajante-zona-este-del-pa%C3%ADs-at-manpowergroup-4449817162,Vendedor/a Viajante (Zona Este del País),ManpowerGroup,posted,2026-08-11T18:22:44.992333,2424
03c9ca89929d04cd,https://uy.linkedin.com/jobs/view/manufacturing-engineer-ii-at-integer-holdings-corporation-4432868970,Manufacturing Engineer II,Integer Holdings Corporation,posted,2026-08-11T18:22:56.322039,243
0347123b43043c15,https://uy.linkedin.com/jobs/view/territory-manager-argentina-at-halter-4451902461,Territory Manager - Argentina,,scraped,2026-08-11T18:23:05.099876,
2de9ae90629e9a4a,https://uy.linkedin.com/jobs/view/team-asssistant-at-entrust-servicios-profesionales-de-recursos-humanos-4451693387,Team Asssistant,,scraped,2026-08-11T18:23:14.409699,
98c72b0c026f6349,https://uy.linkedin.com/jobs/view/analista-de-pagos-at-experis-uruguay-4449867315,Analista de pagos,,scraped,2026-08-11T18:23:23.292705,
2bef0699dc64b0ac,https://uy.linkedin.com/jobs/view/analista-de-inteligencia-competitiva-unidad-de-generaci%C3%B3n-de-datos-an%C3%A1lisis-y-monitoreo-uruguay-xxi-at-uruguay-xxi-4448446523,"Analista de Inteligencia competitiva - Unidad de Generación de Datos, Análisis y Monitoreo URUGUAY XXI",,scraped,2026-08-11T18:23:38.070956,
ac49f6ebe1471d0e,https://uy.linkedin.com/jobs/view/quimico-analista-at-eurofarma-4452473477,Quimico Analista,,scraped,2026-08-11T18:23:46.068190,
d0b521a7425038d5,https://uy.linkedin.com/jobs/view/semi-senior-accounting-reporting-analyst-at-andersen-in-uruguay-4449870317,Semi Senior Accounting & Reporting Analyst,Andersen in Uruguay,posted,2026-08-11T18:24:12.033467,2426
3d737004bd79e287,https://uy.linkedin.com/jobs/view/supervisor-de-producci%C3%B3n-de-quesos-procesados-at-kpmg-uruguay-4451528499,Supervisor de Producción de Quesos Procesados,KPMG Uruguay,posted,2026-08-11T18:24:23.227356,2428
642e87e59f1662c3,https://uy.linkedin.com/jobs/view/arquitecto-a-de-software-at-pyxis-4452497020,Arquitecto/a de software,,scraped,2026-08-11T18:24:27.993174,
ccbc4e01f64faaa6,https://uy.linkedin.com/jobs/view/responsable-de-administraci%C3%B3n-y-contabilidad-at-nexum-consulting-4449869746,Responsable de Administración y Contabilidad,,scraped,2026-08-11T18:24:35.075277,
696ca7113803c0ed,https://uy.linkedin.com/jobs/view/agente-inmobiliario-independiente-at-smeding-bienes-ra%C3%ADces-4445842996,Agente inmobiliario independiente,,scraped,2026-08-11T18:24:45.928202,
44255bb6d7d6d8c2,https://uy.linkedin.com/jobs/view/online-aufgaben-umfragen-flexible-m%C3%B6glichkeit-geld-online-zu-verdienen-studentjob-ch-at-jobster-4451152414,"Online Aufgaben & Umfragen - Flexible Möglichkeit, Geld online zu verdienen - Studentjob.ch",,scraped,2026-08-11T18:24:57.054671,
e03a37f307f963b2,https://uy.linkedin.com/jobs/view/estudiante-o-reci%C3%A9n-egresado-de-la-carrera-de-ingeniero-a-de-telecomunicaciones-y-redes-at-indra-group-4452122638,Estudiante o recién egresado de la carrera de Ingeniero/a de Telecomunicaciones y Redes,,scraped,2026-08-11T18:25:13.865205,
1fdc77b0d4dc2c1f,https://uy.linkedin.com/jobs/view/product-manager-at-parallel-4451382835,Product Manager,Parallel,posted,2026-08-11T18:25:30.054643,211
ac2ceabb10c6343c,https://uy.linkedin.com/jobs/view/vendedor-asesor-de-viajes-at-guamatur-viajes-4449858199,Vendedor/asesor de viajes,,scraped,2026-08-11T18:25:32.774572,
dfc9f5cb755de515,https://uy.linkedin.com/jobs/view/semi-senior-java-engineer-at-monnet-payments-4452458883,Semi Senior Java Engineer,,scraped,2026-08-11T18:25:39.995127,
968c898852a2e3fd,https://uy.linkedin.com/jobs/view/software-engineer-sports-media-at-sportradar-4451537576,Software Engineer (Sports Media),,scraped,2026-08-11T18:25:47.412401,
60d69242c56029de,https://uy.linkedin.com/jobs/view/cr%C3%A9ditos-directos-gerente-a-comercial-at-advice-uruguay-4449801676,Créditos Directos: Gerente/a Comercial,,scraped,2026-08-11T18:25:59.226271,
31cd805ee57b9efa,https://uy.linkedin.com/jobs/view/responsable-de-supply-chain-y-operaciones-at-o%2Bh-organizaciones-%2B-humanas-4451181389,Responsable de Supply Chain y Operaciones,,scraped,2026-08-11T18:26:13.340601,
26402df059505432,https://uy.linkedin.com/jobs/view/estudiante-de-ingenier%C3%ADa-el%C3%A9ctrica-o-mec%C3%A1nica-at-lksur-s-a-4449585284,Estudiante de Ingeniería Eléctrica o Mecánica,LKSUR S.A.,posted,2026-08-11T18:26:28.065192,2430
35492aa6466b4c7a,https://uy.linkedin.com/jobs/view/senior-software-engineer-flask-react-remote-latin-america-at-bluelight-4451375104,"Senior Software Engineer (Flask/React) - Remote, Latin America",Bluelight,posted,2026-08-11T18:26:35.242002,2408
39f62d2b6e8a54d4,https://uy.linkedin.com/jobs/view/senior-qa-automation-engineer-at-dept%C2%AE-4245558218,Senior QA Automation Engineer,,scraped,2026-08-11T18:26:37.961994,
e223dca6797a6641,https://uy.linkedin.com/jobs/view/ingeniero-mec%C3%A1nico-qu%C3%ADmico-junior-redtree-latam-at-csi-4414257316,Ingeniero Mecánico/Químico Junior - RedTree LATAM,,scraped,2026-08-11T18:26:44.897171,
2536c41490882c18,https://uy.linkedin.com/jobs/view/encargado-de-soporte-t%C3%A9cnico-at-entrust-servicios-profesionales-de-recursos-humanos-4449823172,Encargado de Soporte Técnico,,scraped,2026-08-11T18:27:12.319879,
53018a4d849ed400,https://uy.linkedin.com/jobs/view/regional-sales-manager-argentina-at-halter-4451688815,Regional Sales Manager - Argentina,,scraped,2026-08-11T18:27:43.480659,
8f5ae8a14328dc82,https://uy.linkedin.com/jobs/view/contable-superior-at-andersen-in-uruguay-4449587203,Contable superior,Andersen in Uruguay,posted,2026-08-11T18:28:17.922623,1942
87216acfbbc72d2a,https://uy.linkedin.com/jobs/view/top-verdienen-in-der-schweiz-200-%E2%82%AC-pro-tag-als-dialoger-in-m-w-d-studentjob-ch-at-jobster-4451165275,Top verdienen in der Schweiz: 200 € pro Tag als Dialoger*in (m/w/d) - Studentjob.ch,,scraped,2026-08-11T18:28:20.664355,
1721d07aacd2f32d,https://uy.linkedin.com/jobs/view/practicante-de-fundraising-at-huellas-pr%C3%A1cticas-profesionales-4449823677,Practicante de Fundraising,Huellas Prácticas Profesionales,posted,2026-08-11T18:28:37.710449,2432
cdd316a18f5d464f,https://uy.linkedin.com/jobs/view/rn-registered-nurse-evening-shift-part-time-at-minnesota-direct-care-and-treatment-4449832579,RN-Registered Nurse / Evening Shift / Part-time,Minnesota Direct Care and Treatment,posted,2026-08-11T18:28:51.600901,2434
fe199aeb860b080f,https://uy.linkedin.com/jobs/view/verdienen-sie-geld-mit-umfragen-die-nur-f%C3%BCr-sie-gemacht-sind-mit-toluna-studentjob-ch-at-jobster-4451168817,"Verdienen Sie Geld mit Umfragen, die nur für Sie gemacht sind, mit Toluna - Studentjob.ch",,scraped,2026-08-11T18:28:56.339573,
d48330592ddaa692,https://uy.linkedin.com/jobs/view/heimarbeit-homeoffice-mit-online-umfragen-geld-verdienen-von-%C3%BCberall%21-studentjob-ch-at-jobster-4451159406,Heimarbeit / Homeoffice: Mit online-Umfragen Geld verdienen von überall! - Studentjob.ch,,scraped,2026-08-11T18:29:04.814448,
679bd95c94e885b4,https://uy.linkedin.com/jobs/view/verdiene-geld-mit-deinen-meinungen-%E2%80%93-flexibler-nebenjob-f%C3%BCr-studenten%21-studentjob-ch-at-jobster-4451193150,Verdiene Geld mit deinen Meinungen – Flexibler Nebenjob für Studenten! - Studentjob.ch,,scraped,2026-08-11T18:29:13.233963,
ffc9b2c48cb0711e,https://uy.linkedin.com/jobs/view/einfach-mit-umfragen-geld-verdienen-mit-toluna-studentjob-ch-at-jobster-4451169674,"Einfach mit Umfragen Geld verdienen, mit Toluna - Studentjob.ch",,scraped,2026-08-11T18:29:21.553441,
87caebd1caec27b4,https://uy.linkedin.com/jobs/view/nebenjob-%E2%80%93-home-office-mit-umfragen-geld-verdienen%21-einfach-von-zuhause-oder-unterwegs-studentjob-ch-at-jobster-4451162502,Nebenjob – Home Office: Mit Umfragen Geld verdienen! Einfach von zuhause oder unterwegs - Studentjob.ch,,scraped,2026-08-11T18:29:29.900488,
d434ec5dc4c953a3,https://www.linkedin.com/jobs/view/4889/,"1,000+Affiliate Account Manager Jobs in United States",,failed|wp_post_failed,2026-08-11T18:29:41.561605,
7ab8ab51fa392079,https://www.linkedin.com/jobs/view/4840/,Senior PeopleSoft Analyst,Peopleflex,posted,2026-08-11T18:29:55.661704,2436
c025c98937d5a8c1,https://www.linkedin.com/jobs/view/4883/,"1,000+Ksg Jobs in United States",,failed|wp_post_failed,2026-08-11T18:29:59.678829,
0a768e9a86292f60,https://uy.linkedin.com/jobs/view/crm-manager-remote-work-at-bairesdev-4452391622,CRM Manager - Remote Work,BairesDev,posted,2026-08-12T18:16:19.037741,1258
ecf1e370a167b773,https://uy.linkedin.com/jobs/view/sr-angular-developer-at-pento-4449587134,Sr. Angular Developer,,scraped,2026-08-12T18:16:28.054132,
9314fa59d06a7899,https://uy.linkedin.com/jobs/view/gerente-de-cobros-at-credigo-uy-4449856308,Gerente de cobros,CREDIGO-UY,posted,2026-08-12T18:16:43.240032,2438
b887b1cf9f34c6de,https://uy.linkedin.com/jobs/view/senior-video-editor-at-whs-inc-4451884560,Senior Video Editor,WHS Inc.,posted,2026-08-12T18:16:52.157216,2440
4defdb35bd9ec752,https://uy.linkedin.com/jobs/view/account-executive-smb-latam-south-cone-at-deel-4449560027,"Account Executive, SMB | LATAM (South Cone)",Deel,posted,2026-08-12T18:17:09.809831,2442
4fead1b6a6a1e3ec,https://uy.linkedin.com/jobs/view/buscamos-encargado-a-de-tienda-rusty-%C2%B7-dixie-%C2%B7-polanco-at-forter-s-a-4450169565,Buscamos Encargado/a de Tienda | Rusty · Dixie · Polanco,FORTER S.A.,posted,2026-08-12T18:17:23.727701,2444
b252d632cf35359d,https://uy.linkedin.com/jobs/view/assistant-community-relations-at-first-quantum-minerals-4451932849,"Assistant, Community Relations",,scraped,2026-08-12T18:17:34.397532,
8af89573288d2556,https://uy.linkedin.com/jobs/view/client-success-manager-uruguay-at-talent-hackers-4450171099,Client Success Manager (Uruguay),Talent Hackers,posted,2026-08-12T18:17:49.954548,2446
94d4ca2af1a56c7a,https://uy.linkedin.com/jobs/view/functional-consultant-emea-at-zone-co-4451557766,"Functional Consultant, EMEA",Zone & Co,posted,2026-08-12T18:18:00.906701,2448
c74f69729a941e8f,https://uy.linkedin.com/jobs/view/sales-development-representative-at-remofirst-4450215842,Sales Development Representative,RemoFirst,posted,2026-08-12T18:18:05.900395,1120
9e515664c05c48dc,https://uy.linkedin.com/jobs/view/senior-associate-transfer-pricing-at-pwc-uruguay-4416069087,Senior Associate - Transfer Pricing,PwC Uruguay,posted,2026-08-12T18:18:19.681963,2450
b8b9912ebe76b905,https://uy.linkedin.com/jobs/view/site-reliability-engineer-telemetry-at-kraken-4452704625,Site Reliability Engineer - Telemetry,Kraken,posted,2026-08-12T18:18:28.741085,2452
d15323bd7b37df5e,https://uy.linkedin.com/jobs/view/oracle-business-analyst-at-trafigura-4440198508,Oracle Business Analyst,,scraped,2026-08-12T18:18:35.342541,
cb0ce844e53bcd59,https://uy.linkedin.com/jobs/view/administrative-manager-at-manas-tech-4452411426,Administrative Manager,,scraped,2026-08-12T18:18:42.862827,
d7dadbbd98dc4975,https://uy.linkedin.com/jobs/view/%D0%BD%D0%B0%D1%87%D0%B8%D0%BD%D0%B0%D1%8E%D1%89%D0%B8%D0%B9-%D1%8E%D0%B2%D0%B5%D0%BB%D0%B8%D1%80-%D1%81-%D0%BE%D0%B1%D1%83%D1%87%D0%B5%D0%BD%D0%B8%D0%B5%D0%BC-at-bronnitsy-jeweler-4450905015,Начинающий ювелир (с обучением),,scraped,2026-08-12T18:18:49.393314,
4bceed3a947901fe,https://uy.linkedin.com/jobs/view/supervisor-de-calidad-la-trigue%C3%B1a-at-gabriela-silva-alfaro-4453157032,Supervisor de Calidad (La Trigueña),,scraped,2026-08-12T18:18:57.836032,
333fac78604287e9,https://uy.linkedin.com/jobs/view/jefe-a-de-desarrollo-y-expansi%C3%B3n-arquitecto-a-ingeniero-a-civil-at-kfc-4450148876,Jefe/a de Desarrollo y Expansión (Arquitecto/a - Ingeniero/a Civil),KFC,posted,2026-08-12T18:19:18.649944,2454
bd500f1ad2e568cd,https://uy.linkedin.com/jobs/view/jefe-de-cobros-prosegur-alarms-at-prosegur-4448040751,Jefe de cobros - Prosegur Alarms,,scraped,2026-08-12T18:19:33.260332,
34d892d9afff87f1,https://uy.linkedin.com/jobs/view/cs-l-analyst-at-randstad-uruguay-4449864029,CS&L Analyst,,scraped,2026-08-12T18:19:49.387406,
874a61b81323438e,https://uy.linkedin.com/jobs/view/staff-software-engineer-product-montevideo-at-rexhio-4452438695,"Staff Software Engineer, Product (Montevideo)",Rexhio,posted,2026-08-12T18:20:03.245966,2456
05b95148066cce72,https://uy.linkedin.com/jobs/view/infrastructure-engineer-core-infrastructure-at-kraken-4451439943,Infrastructure Engineer - Core Infrastructure,Kraken,posted,2026-08-12T18:20:14.626090,2458
aa89ec8605041027,https://uy.linkedin.com/jobs/view/probador-de-software-qa-investigaci%C3%B3n-y-desarrollo-trabajo-remoto-at-bairesdev-4451410055,Probador de Software (QA) / Investigación y Desarrollo - Trabajo Remoto,BairesDev,posted,2026-08-12T18:20:46.473669,2460
98b28839efb3bee3,https://uy.linkedin.com/jobs/view/manager-data-management-at-internova-global-services-4431539926,"Manager, Data Management",Internova Global Services,posted,2026-08-12T18:21:29.245833,71
a8bc9db309d90b37,https://uy.linkedin.com/jobs/view/technical-product-support-specialist-i-at-sabre-4451955010,Technical Product Support Specialist I,Sabre,posted,2026-08-12T18:21:52.408123,2462
0aee71d8a211da6a,https://uy.linkedin.com/jobs/view/silicon-alliances-ecosystem-development-manager-at-canonical-4434710747,Silicon Alliances Ecosystem Development Manager,,scraped,2026-08-12T18:21:55.116898,
a7e5d018de70f9c2,https://uy.linkedin.com/jobs/view/accounting-manager-at-veta-virtual-4452171946,Accounting Manager,,scraped,2026-08-12T18:22:06.989842,
e022d779d3d3b12d,https://uy.linkedin.com/jobs/view/software-engineering-manager-container-and-virtualisation-infrastructure-at-canonical-4434713672,Software Engineering Manager - Container and Virtualisation Infrastructure,,scraped,2026-08-12T18:22:17.868605,
0a39f7c35293a1ae,https://uy.linkedin.com/jobs/view/sales-operations-analyst-at-canonical-4434709871,Sales Operations Analyst,,scraped,2026-08-12T18:22:27.511831,
bae5fe2dc54ee533,https://uy.linkedin.com/jobs/view/eng-subs-los-tigres-at-filmtheater-cinecenter-4452692239,Eng Subs: Los Tigres,Filmtheater Cinecenter,posted,2026-08-12T18:23:09.901736,2464
7d8277e162888062,https://uy.linkedin.com/jobs/view/supervisor-de-seguridad-at-prosegur-4450154847,Supervisor de Seguridad,,scraped,2026-08-12T18:23:14.649915,
f9e73bd5f17b897f,https://uy.linkedin.com/jobs/view/carrocero-at-taller-mec%C3%A1nico-automotriz-4450151935,Carrocero,Taller Mecánico Automotriz,posted,2026-08-12T18:23:28.486451,2466
2fa52360f62c9f13,https://uy.linkedin.com/jobs/view/senior-ai-engineer-google-adk-%2B-python-remote-latin-america-at-fullstack-4451941860,Senior AI Engineer (Google ADK + Python) - Remote - Latin America,FullStack,posted,2026-08-12T18:23:38.120867,2468
9cf075564725212a,https://uy.linkedin.com/jobs/view/senior-ai-native-engineering-lead-remote-latin-america-at-fullstack-4449926374,Senior AI-Native Engineering Lead - Remote - Latin America,FullStack,posted,2026-08-12T18:23:43.099612,2270
fea1750fd53b7e42,https://uy.linkedin.com/jobs/view/project-manager-at-pormel-s-a-4449869874,Project Manager,Pormel S.A.,posted,2026-08-12T18:23:52.089787,29
82e36010b5ffcd5c,https://uy.linkedin.com/jobs/view/referente-de-cuidado-de-ni%C3%B1os-ni%C3%B1as-y-adolescentes-canelones-at-aldeas-infantiles-sos-uruguay-4449215093,"Referente de Cuidado de niños, niñas y adolescentes_ Canelones",,scraped,2026-08-12T18:23:56.745851,
f939a48e9e181b26,https://uy.linkedin.com/jobs/view/auxiliar-de-producci%C3%B3n-at-selecci%C3%B3n-de-talentos-4450129519,Auxiliar de Producción,,scraped,2026-08-12T18:24:03.461818,
08f31e77ee08cf75,https://uy.linkedin.com/jobs/view/hiring-journey-analyst-remote-work-at-bairesdev-4451907512,Hiring Journey Analyst - Remote Work,BairesDev,posted,2026-08-12T18:24:18.201981,227
d173dd8d2c595bed,https://uy.linkedin.com/jobs/view/senior-fullstack-developer-node-%2B-react-at-sunnydata-4452626805,Senior Fullstack Developer (Node + React),SunnyData,posted,2026-08-12T18:24:26.799207,2470
4c85827a4f7594b8,https://uy.linkedin.com/jobs/view/senior-accountant-at-integer-holdings-corporation-4443592002,Senior Accountant,Integer Holdings Corporation,posted,2026-08-12T18:24:35.655178,2472
c63dbc5229e33c9a,https://uy.linkedin.com/jobs/view/ngc-agrosciences-representante-comercial-%E2%80%93-sector-agroqu%C3%ADmicos-at-advice-uruguay-4450138982,NGC Agrosciences: Representante Comercial – Sector Agroquímicos,,scraped,2026-08-12T18:24:42.336152,
c3887c7ecdd9581b,https://uy.linkedin.com/jobs/view/senior-seo-content-strategist-at-veta-virtual-4440625496,Senior SEO Content Strategist,,scraped,2026-08-12T18:24:54.414595,
ed5647aa31366568,https://uy.linkedin.com/jobs/view/dise%C3%B1ador-a-textil-junior-at-forter-s-a-4450160524,Diseñador/a Textil Junior,FORTER S.A.,posted,2026-08-12T18:25:22.737534,2474
a0dff37a77404372,https://uy.linkedin.com/jobs/view/analista-de-costos-at-grupo-bimbo-4450170682,Analista de Costos,Grupo Bimbo,posted,2026-08-12T18:25:35.256889,2476
404739790341b062,https://uy.linkedin.com/jobs/view/software-engineer-full-stack-at-perceptyx-4452061041,Software Engineer - Full Stack,Perceptyx,posted,2026-08-12T18:25:42.292649,259
7def1ea073e7d3b4,https://uy.linkedin.com/jobs/view/telco-field-engineering-director-at-canonical-4434713667,Telco Field Engineering Director,,scraped,2026-08-12T18:26:13.007104,
3a304a8f12bc3237,https://uy.linkedin.com/jobs/view/comercial-jr-uruguay-interior-del-pa%C3%ADs-at-cargill-4448079568,Comercial Jr. Uruguay (Interior del País),Cargill,posted,2026-08-12T18:26:37.508655,2478
66e2c9c0af128483,https://uy.linkedin.com/jobs/view/partner-sales-manager-dell-at-canonical-4434726262,Partner Sales Manager - Dell,,scraped,2026-08-12T18:26:50.143366,
22f862d03bc5237b,https://uy.linkedin.com/jobs/view/scrum-master-remote-work-at-bairesdev-4452721153,Scrum Master - Remote Work,BairesDev,posted,2026-08-12T18:27:00.196352,341
e39f34a6c915198e,https://uy.linkedin.com/jobs/view/senior-ai-native-engineering-lead-remote-latin-america-at-fullstack-4449938185,Senior AI-Native Engineering Lead - Remote - Latin America,FullStack,posted,2026-08-12T18:27:05.136789,2270
2cebec6860ef25b9,https://uy.linkedin.com/jobs/view/senior-ai-native-engineering-lead-remote-latin-america-at-fullstack-4449925398,Senior AI-Native Engineering Lead - Remote - Latin America,FullStack,posted,2026-08-12T18:27:10.252799,2270
e7ec6696156e05a3,https://uy.linkedin.com/jobs/view/software-engineer-angular-%2B-seo-marketing-remote-latin-america-at-fullstack-4451944715,Software Engineer (Angular + SEO/Marketing) - Remote - Latin America,FullStack,posted,2026-08-12T18:27:33.038225,2480
82110fb600476cfa,https://uy.linkedin.com/jobs/view/senior-ai-engineer-google-adk-%2B-python-remote-latin-america-at-fullstack-4451952482,Senior AI Engineer (Google ADK + Python) - Remote - Latin America,FullStack,posted,2026-08-12T18:27:39.979774,2468
b7860b41894561f5,https://uy.linkedin.com/jobs/view/r%C3%A9pondez-%C3%A0-des-enqu%C3%AAtes-de-chez-vous-pendant-votre-temps-libre-%21-studentjob-ch-at-jobster-4451144948,Répondez à des enquêtes de chez vous pendant votre temps libre ! - Studentjob.ch,,scraped,2026-08-12T18:27:42.705199,
95c4f70e7e1f8d8b,https://uy.linkedin.com/jobs/view/software-engineer-angular-%2B-seo-marketing-remote-latin-america-at-fullstack-4451945697,Software Engineer (Angular + SEO/Marketing) - Remote - Latin America,FullStack,posted,2026-08-12T18:27:55.551684,2480
4c68b32467dbc1cd,https://uy.linkedin.com/jobs/view/software-engineer-angular-%2B-seo-marketing-remote-latin-america-at-fullstack-4451946743,Software Engineer (Angular + SEO/Marketing) - Remote - Latin America,FullStack,posted,2026-08-12T18:28:04.461617,2480
d209b15e5dbbbbc4,https://uy.linkedin.com/jobs/view/arquitecto-a-senior-de-software-vuce-vui-at-uruguay-xxi-4449877443,Arquitecto/a Senior de Software VUCE-VUI,,scraped,2026-08-12T18:28:11.130249,
9868bb08059fe638,https://uy.linkedin.com/jobs/view/senior-ai-engineer-google-adk-%2B-python-remote-latin-america-at-fullstack-4451956241,Senior AI Engineer (Google ADK + Python) - Remote - Latin America,FullStack,posted,2026-08-12T18:28:28.995628,2468
1bd1914fdb46ea9a,https://uy.linkedin.com/jobs/view/auxiliar-financiero-contrato-6-meses-at-proactiva-rrhh-4450159666,Auxiliar financiero (contrato 6 meses),PROACTIVA RRHH,posted,2026-08-12T18:28:43.831964,2482
9bd9d3696b398032,https://uy.linkedin.com/jobs/view/technical-product-manager-at-applaudo-4453028105,Technical Product Manager,,scraped,2026-08-12T18:28:48.633251,
6b5d89de63646186,https://uy.linkedin.com/jobs/view/asesor-comercial-b2b-%E2%80%93-pisos-y-mobiliario-corporativo-4449856069,Asesor comercial B2B – Pisos y Mobiliario Corporativo,Verona Pisos,posted,2026-08-12T18:29:02.514281,2484
3626ee7591b0d68f,https://uy.linkedin.com/jobs/view/contador-senior-outsourcing-zona-franca-at-andersen-in-uruguay-4450145804,Contador Senior  - Outsourcing Zona Franca,Andersen in Uruguay,posted,2026-08-12T18:29:12.111138,353
c1136e48d50e687d,https://uy.linkedin.com/jobs/view/ingeniero-a-el%C3%A9ctrico-a-para-treinta-y-tres-at-manpowergroup-uruguay-4450131558,Ingeniero/a eléctrico/a para Treinta y Tres,,scraped,2026-08-12T18:29:18.615355,
9fb13a522a71181c,https://uy.linkedin.com/jobs/view/ai-engineer-at-kinamic-4450164657,AI Engineer,,scraped,2026-08-12T18:29:25.848916,
af304b88420fc192,https://uy.linkedin.com/jobs/view/vendedor-a-de-call-center-para-empresa-de-servicios-part-time-at-manpowergroup-uruguay-4449879150,Vendedor/a de call center - Para empresa de servicios  (Part Time),,scraped,2026-08-12T18:29:34.253927,
87953e5de277f049,https://uy.linkedin.com/jobs/view/digital-restor-specialis-at-vfx-networking-events-los-angeles-4450147468,Digital Restor Specialis,VFX Networking Events | Los Angeles,posted,2026-08-12T18:29:46.711979,2486
58d4a1220bcdc5fc,https://uy.linkedin.com/jobs/view/geld-verdienen-online-%E2%80%93-spiele-umfragen-cashback-flexibler-nebenjob-f%C3%BCr-studenten-studentjob-ch-at-jobster-4451927131,"Geld verdienen online – Spiele, Umfragen & Cashback | Flexibler Nebenjob für Studenten - Studentjob.ch",,scraped,2026-08-12T18:29:49.352014,
19acebf21138dbc6,https://uy.linkedin.com/jobs/view/senior-ai-engineer-google-adk-%2B-python-remote-latin-america-at-fullstack-4451941858,Senior AI Engineer (Google ADK + Python) - Remote - Latin America,FullStack,posted,2026-08-12T18:30:00.175052,2468
1102add86e0eeb6d,https://uy.linkedin.com/jobs/view/t%C3%A9l%C3%A9travail-r%C3%A9pondez-%C3%A0-des-sondages-studentjob-ch-at-jobster-4451156946,Télétravail: Répondez à des sondages - Studentjob.ch,,scraped,2026-08-12T18:30:02.881236,
099102a5ad32023e,https://uy.linkedin.com/jobs/view/senior-ai-engineer-google-adk-%2B-python-remote-latin-america-at-fullstack-4451954483,Senior AI Engineer (Google ADK + Python) - Remote - Latin America,FullStack,posted,2026-08-12T18:30:15.911680,2468
c5722ff592480042,https://uy.linkedin.com/jobs/view/verdiene-geld-von-zuhause-aus-nebenjob-im-home-office-mit-umfragen-studentjob-ch-at-jobster-4451158348,Verdiene Geld von Zuhause aus: Nebenjob im Home Office mit Umfragen - Studentjob.ch,,scraped,2026-08-12T18:30:20.580079,
253c4eccfa00de20,https://uy.linkedin.com/jobs/view/minijob-nebenjob-ferienjob-remote-teilnehmer-f%C3%BCr-bezahlte-studien-gesucht%21-studentjob-ch-at-jobster-4451154204,Minijob / Nebenjob / Ferienjob / Remote: Teilnehmer für bezahlte Studien gesucht! - Studentjob.ch,,scraped,2026-08-12T18:30:30.823137,
9d70a9e30cee8d0c,https://uy.linkedin.com/jobs/view/product-owner-at-tata-consultancy-services-4453193483,Product Owner,Tata Consultancy Services,posted,2026-08-13T18:16:30.930544,2488
45534b5010399476,https://uy.linkedin.com/jobs/view/los-tigres-at-filmtheater-cinecenter-4453366839,Los Tigres,Filmtheater Cinecenter,posted,2026-08-13T18:16:44.610455,2490
5aefffa4f2a4fc20,https://uy.linkedin.com/jobs/view/staffing-solution-architect-remote-work-at-bairesdev-4452753181,Staffing Solution Architect - Remote Work,BairesDev,posted,2026-08-13T18:16:49.677966,2198
664ebc0c8179ef4e,https://uy.linkedin.com/jobs/view/paid-media-manager-at-veta-virtual-4451021864,Paid Media Manager,,scraped,2026-08-13T18:16:54.426872,
0b6e4d020d676358,https://uy.linkedin.com/jobs/view/software-alliance-ecosystem-manager-at-canonical-4434728137,Software Alliance Ecosystem Manager,,scraped,2026-08-13T18:17:03.232074,
9b1a3e7beaa356f8,https://uy.linkedin.com/jobs/view/maquinista-i-at-upm-4452054199,Maquinista I,,scraped,2026-08-13T18:17:13.292638,
ac1870454ee6ec68,https://uy.linkedin.com/jobs/view/cadete-mantenimiento-at-control-de-plagas-orkin-uruguay-4451322483,Cadete - Mantenimiento,,scraped,2026-08-13T18:17:20.273176,
eed201214ba0b7e5,https://uy.linkedin.com/jobs/view/business-development-representative-at-frontline-4450182756,Business Development Representative,Frontline,posted,2026-08-13T18:17:34.139267,307
7fa128b4ce809d7d,https://uy.linkedin.com/jobs/view/talent-coach-at-toptal-4451876753,Talent Coach,Toptal,posted,2026-08-13T18:17:44.321611,2492
0bcf2f2625c51e52,https://uy.linkedin.com/jobs/view/application-support-turnos-nocturnos-at-evertec-4452780459,Application Support | Turnos nocturnos,Evertec,posted,2026-08-13T18:17:53.957130,2494
1ce04b93dc48422d,https://uy.linkedin.com/jobs/view/operador-portuario-at-kma-uruguay-4453621613,Operador Portuario,KMA Uruguay,posted,2026-08-13T18:18:41.265036,2496
d8d43afc371f8bad,https://uy.linkedin.com/jobs/view/telefonista-at-emergencia-uno-4450810793,Telefonista,Emergencia Uno,posted,2026-08-13T18:18:56.229647,2498
390de41bdccb5f4e,https://uy.linkedin.com/jobs/view/barbers-for-the-nordics-at-eutalents-4453039151,Barbers for the Nordics,,scraped,2026-08-13T18:19:02.887648,
ffcdb66a3285b340,https://uy.linkedin.com/jobs/view/coordinador-a-de-cadenas-canal-moderno-at-randstad-uruguay-4450499618,Coordinador/a de Cadenas (canal moderno),,scraped,2026-08-13T18:19:09.928825,
fd3a62b07cbaf5b3,https://uy.linkedin.com/jobs/view/associate-manager-strategic-research-ai-enablement-at-wtw-4451471275,Associate Manager - Strategic Research & AI Enablement,WTW,posted,2026-08-13T18:19:29.262908,2500
012e9937165c2fc3,https://uy.linkedin.com/jobs/view/technical-content-engineer-at-nango-4453045456,Technical Content Engineer,Nango,posted,2026-08-13T18:19:41.464912,2502
732f3d80d6e437d8,https://uy.linkedin.com/jobs/view/business-development-manager-%E2%80%93-latam-based-in-uruguay-at-axi-broker-4450476873,Business Development Manager – LATAM | Based in Uruguay,AXI BROKER,posted,2026-08-13T18:19:54.805021,2504
8418d237496eaa38,https://uy.linkedin.com/jobs/view/data-engineer-manager-level-at-blend-4453363615,Data Engineer Manager level,Blend,posted,2026-08-13T18:20:09.111886,2506
31079fd37f48d9b9,https://uy.linkedin.com/jobs/view/oficial-tecnico-de-clasificaci%C3%B3n-para-despachante-de-aduanas-at-human-experience-4454040456,Oficial tecnico de clasificación  para despachante de aduanas,human experience,posted,2026-08-13T18:20:21.054819,2508
2816fd944ddd6c26,https://uy.linkedin.com/jobs/view/telemarketer-at-aglh-4452322373,Telemarketer,AGLH,posted,2026-08-13T18:20:36.228799,1232
edb690fe30baabd0,https://uy.linkedin.com/jobs/view/mobile-technology-specialist-at-experis-uruguay-4449889364,Mobile Technology Specialist,,scraped,2026-08-13T18:20:46.928001,
88a2196352498e59,https://uy.linkedin.com/jobs/view/finance-and-reporting-specialist-at-kuehne%2Bnagel-4453371748,Finance and Reporting Specialist,,scraped,2026-08-13T18:20:59.860283,
0bb5dbfd7a711e27,https://uy.linkedin.com/jobs/view/analista-de-ventas-y-marketing-at-aeropuertos-uruguay-4450712543,Analista de Ventas y Marketing,,scraped,2026-08-13T18:21:08.570846,
6e10f18d7e588c90,https://uy.linkedin.com/jobs/view/job-mit-sinn-dialoger-m-w-d-80-%E2%80%93-100%25-chf-210-tag-fix-%2B-bonus-studentjob-ch-at-jobster-4452939906,Job mit Sinn: Dialoger (m/w/d) (80 – 100%) CHF 210.-/Tag fix + Bonus - Studentjob.ch,Jobster,posted,2026-08-13T18:21:46.004494,2510
9eefd916802a0f07,https://uy.linkedin.com/jobs/view/perito-en-banca-at-instituto-t%C3%A9cnico-cumbre-4450922568,PERITO EN BANCA,Instituto Técnico Cumbre,posted,2026-08-13T18:22:07.429208,2512
8c42fae2b8bbffe6,https://uy.linkedin.com/jobs/view/mercadotecnia-at-instituto-t%C3%A9cnico-cumbre-4450928420,MERCADOTECNIA,Instituto Técnico Cumbre,posted,2026-08-13T18:22:17.886043,2514
d90d9982e6cbf15a,https://uy.linkedin.com/jobs/view/marketing-specialist-remote-work-at-bairesdev-4452725898,Marketing Specialist - Remote Work,BairesDev,posted,2026-08-13T18:22:26.245310,2516
614c851a4264a09d,https://uy.linkedin.com/jobs/view/analista-de-hiring-journey-trabajo-remoto-at-bairesdev-4451918431,Analista de Hiring Journey - Trabajo Remoto,BairesDev,posted,2026-08-13T18:22:31.306016,309
facafa67a1f2256f,https://uy.linkedin.com/jobs/view/comercio-internacional-y-adm-aduanera-at-instituto-t%C3%A9cnico-cumbre-4450920553,Comercio Internacional y Adm. Aduanera,Instituto Técnico Cumbre,posted,2026-08-13T18:22:37.410782,2346
10a459264c46f8dd,https://uy.linkedin.com/jobs/view/talent-acquisition-associate-remote-work-at-bairesdev-4452706921,Talent Acquisition Associate - Remote Work,BairesDev,posted,2026-08-13T18:22:42.355365,1182
da8997acbfb59e6f,https://uy.linkedin.com/jobs/view/observability-engineering-manager-at-canonical-4434715637,Observability Engineering Manager,,scraped,2026-08-13T18:22:45.040769,
2874a489d4860ae7,https://uy.linkedin.com/jobs/view/project-manager-remote-work-at-bairesdev-4452738328,Project Manager - Remote Work,BairesDev,posted,2026-08-13T18:22:59.450079,471
c6d9df50ee2bc904,https://uy.linkedin.com/jobs/view/accounting-operations-specialist-at-internova-global-services-4453362150,Accounting Operations Specialist,Internova Global Services,posted,2026-08-13T18:23:57.516513,2518
15567cd411ef2a88,https://uy.linkedin.com/jobs/view/airline-it-project-manager-at-sabre-4452735927,Airline IT Project Manager,Sabre,posted,2026-08-13T18:24:11.562508,2520
657757fdc6be875f,https://uy.linkedin.com/jobs/view/development-manager-net-full-stack-at-internova-global-services-4443067784,Development Manager (.NET / Full Stack),Internova Global Services,posted,2026-08-13T18:25:05.740524,1572
b88618fea668be17,https://uy.linkedin.com/jobs/view/asistente-t%C3%A9cnico-empresa-constructora-at-renovatio-4449808726,ASISTENTE TÉCNICO EMPRESA CONSTRUCTORA,Renovatio,posted,2026-08-13T18:26:08.670677,2522
fdb6001548261737,https://uy.linkedin.com/jobs/view/asistente-de-pago-a-proveedores-at-sunfer-4451432224,Asistente de Pago a Proveedores,,scraped,2026-08-13T18:26:11.303430,
fe1ab571617fb1c0,https://uy.linkedin.com/jobs/view/intelligent-logistics-engineer-at-zonamerica-4450184332,Intelligent Logistics Engineer,,scraped,2026-08-13T18:26:18.738327,
884a45cf61454dc7,https://uy.linkedin.com/jobs/view/sales-executive-for-campus-live-remote-work-at-bairesdev-4452705455,Sales Executive for Campus Live - Remote Work,BairesDev,posted,2026-08-13T18:26:29.298225,567
2de3d3eea4fea2ef,https://uy.linkedin.com/jobs/view/operario-de-empaque-at-merck-healthcare-4452118550,Operario de Empaque,,scraped,2026-08-13T18:26:32.031576,
4dbe1531a3dd746e,https://uy.linkedin.com/jobs/view/senior-it-project-manager-remote-work-at-bairesdev-4451421824,Senior IT Project Manager - Remote Work,BairesDev,posted,2026-08-13T18:27:12.056394,2312
2eed6f6c05ecd188,https://uy.linkedin.com/jobs/view/t%C3%A9cnico-en-electr%C3%B3nica-y-comunicaciones-4450136480,Técnico en Electrónica y Comunicaciones,Telecom Ingeniería,posted,2026-08-13T18:27:27.124037,2524
57baba9c6731dacb,https://uy.linkedin.com/jobs/view/bi-data-analytics-consultant-at-dynamo-global-4449843507,BI & Data Analytics Consultant,,scraped,2026-08-13T18:27:31.761596,
2b29125aae6bec9d,https://uy.linkedin.com/jobs/view/vendedor-con-libreta-cat-a-primer-experiencia-laboral-maldonado-at-manpowergroup-uruguay-4450482895,Vendedor (con libreta CAT A) Primer experiencia laboral (Maldonado),,scraped,2026-08-13T18:27:38.496787,
705ce8b5e7ce5b23,https://uy.linkedin.com/jobs/view/ai-engineering-lead-at-blend-4449004929,AI Engineering Lead,Blend,posted,2026-08-13T18:27:53.078632,2526
c3b4e234a74bbe8f,https://uy.linkedin.com/jobs/view/data-engineer-lead-at-blend-4452028833,Data Engineer Lead,Blend,posted,2026-08-13T18:28:02.768557,2528
ba642742f7aa98fa,https://uy.linkedin.com/jobs/view/especialista-manufactura-at-satellogic-4452752544,Especialista Manufactura,,scraped,2026-08-13T18:28:05.557345,
fddfcead1e427067,https://uy.linkedin.com/jobs/view/customer-success-lead-at-nblock-4453355418,Customer Success Lead,,scraped,2026-08-13T18:28:13.551792,
ae6cb6dda11eae74,https://uy.linkedin.com/jobs/view/ia-operations-lead-at-adium-4452102313,IA Operations Lead,Adium,posted,2026-08-13T18:28:32.238204,2530
182badbb3479c3df,https://uy.linkedin.com/jobs/view/staff-qa-software-engineer-at-openmined-4448844879,Staff QA Software Engineer,OpenMined,posted,2026-08-13T18:28:40.910254,2532
50e1b1a99cbc9ea7,https://uy.linkedin.com/jobs/view/hairdressers-for-norway-at-eutalents-4452148185,Hairdressers for Norway,,scraped,2026-08-13T18:28:43.840258,
77e4246640c14ddc,https://uy.linkedin.com/jobs/view/gerente-a-comercial-montevideo-canelones-at-inchcape-am%C3%A9ricas-4452185960,Gerente/a Comercial - Montevideo/Canelones,Inchcape Américas,posted,2026-08-13T18:28:57.492024,2534
b26418f0e924a6d4,https://uy.linkedin.com/jobs/view/especialista-en-optomec%C3%A1nica-at-satellogic-4452734663,Especialista en Optomecánica,,scraped,2026-08-13T18:29:04.210082,
0206a2aeb0952154,https://uy.linkedin.com/jobs/view/finance-reporting-advanced-specialist-at-kuehne%2Bnagel-4453378680,Finance & Reporting Advanced Specialist,,scraped,2026-08-13T18:29:12.152730,
3675284445d2ad95,https://uy.linkedin.com/jobs/view/home-office-ihre-meinung-ist-wertvoll-%E2%80%93-lassen-sie-sich-daf%C3%BCr-belohnen%21-studentjob-ch-at-jobster-4452967170,Home Office: Ihre Meinung ist wertvoll – lassen Sie sich dafür belohnen! - Studentjob.ch,Jobster,posted,2026-08-13T18:29:51.134091,2536
96f39a022a713bd0,https://uy.linkedin.com/jobs/view/estudiantes-avanzados-as-de-contador-p%C3%BAblico-para-auditor%C3%ADa-at-deloitte-4453114318,Estudiantes avanzados(as) de Contador Público para Auditoría,Deloitte,posted,2026-08-13T18:30:04.015403,2538
8b5a676a1ee8ff16,https://uy.linkedin.com/jobs/view/%D0%BC%D0%B5%D0%BD%D0%B5%D0%B4%D0%B6%D0%B5%D1%80-%D0%BF%D0%BE-%D0%BF%D1%80%D0%BE%D0%B4%D0%B0%D0%B6%D0%B0%D0%BC-%D1%80%D0%B5%D0%BA%D0%BB%D0%B0%D0%BC%D1%8B-%D0%B22%D0%B2-at-rim-mediagroup-4453692287,Менеджер по продажам рекламы (В2В),,scraped,2026-08-13T18:30:08.691621,
904eb324388f446c,https://uy.linkedin.com/jobs/view/marketing-manager-at-zonamerica-4450180548,Marketing Manager,,scraped,2026-08-13T18:30:16.461251,
b025c24102dacf8a,https://uy.linkedin.com/jobs/view/ingeniero-de-procesos-at-darnel-group-4451832586,Ingeniero de procesos,,scraped,2026-08-13T18:30:24.167393,
dd75021988b0fcee,https://uy.linkedin.com/jobs/view/auxiliar-administrativo-contable-carrasco-at-aglh-4452301391,Auxiliar Administrativo-Contable - Carrasco,AGLH,posted,2026-08-13T18:30:38.169827,2540
1a8281b4ead82042,https://uy.linkedin.com/jobs/view/%D0%BC%D0%B5%D0%BD%D0%B5%D0%B4%D0%B6%D0%B5%D1%80-%D0%BF%D0%BE-%D0%BF%D1%80%D0%BE%D0%B4%D0%B0%D0%B6%D0%B0%D0%BC-%D0%B22%D0%B2-at-rim-mediagroup-4453096577,Менеджер по продажам В2В,,scraped,2026-08-13T18:30:40.612447,
3cf2e9b382abfe0c,https://uy.linkedin.com/jobs/view/operador-atenci%C3%B3n-al-cliente-montevideo-at-johnson-controls-4450116904,Operador Atención al Cliente - Montevideo,,scraped,2026-08-13T18:30:54.163116,
1c5eb63643894e49,https://uy.linkedin.com/jobs/view/ejecutivo-t%C3%A9cnico-a-comercial-at-pwc-4452626082,Ejecutivo técnico/a comercial,PwC,posted,2026-08-13T18:31:09.748786,2542
837315e49aa79205,https://uy.linkedin.com/jobs/view/ux-ui-product-designer-at-koin-limited-4453117321,UX/UI Product Designer,,scraped,2026-08-13T18:31:12.579580,
6d8cd3ab31172dd8,https://uy.linkedin.com/jobs/view/closer-de-ventas-remoto-mercado-latam-at-ally-pro-4453372720,Closer de ventas remoto | Mercado LATAM,ALLY PRO,posted,2026-08-13T18:31:27.010781,2544
8c3d4afc58a6e5cb,https://uy.linkedin.com/jobs/view/senior-flask%2Breact-fullstack-developer-remote-latin-america-at-bluelight-4451857436,"Senior Flask+React Fullstack Developer - Remote, Latin America",Bluelight,posted,2026-08-13T18:31:36.362753,2546
cde0f1f4d14dab0c,https://uy.linkedin.com/jobs/view/vendedor-red-espec%C3%ADfica-de-vida-at-mapfre-4450123015,Vendedor Red Específica de Vida,,scraped,2026-08-13T18:31:40.977441,
542a8382d34b6be1,https://uy.linkedin.com/jobs/view/assistant-community-relations-at-fqm-zambia-4451985122,"Assistant, Community Relations",,scraped,2026-08-13T18:31:47.911176,
b68667c64360688b,https://uy.linkedin.com/jobs/view/auxiliar-de-ventas-de-fines-de-semana-tres-cruces-at-jack-jones-4450761187,Auxiliar de Ventas de fines de semana - Tres Cruces,,scraped,2026-08-13T18:31:55.792173,
140f0cde6feba293,https://uy.linkedin.com/jobs/view/sr-back-end-engineer-at-%2B%2Bhellohello-4453124083,Sr. Back-end Engineer,,scraped,2026-08-13T18:32:03.978686,
ba595f4b71d9f61e,https://uy.linkedin.com/jobs/view/hydrus-audio-engineer-at-welocalize-4452757019,Hydrus Audio Engineer,Welocalize,posted,2026-08-13T18:32:20.090302,2548
d5954e943af8b506,https://uy.linkedin.com/jobs/view/marketing-assistant-latin-america-only-at-sussman-law-firm-pllc-4453665707,Marketing Assistant (Latin America only),"Sussman Law Firm, PLLC",posted,2026-08-13T18:32:29.486994,2550
31938456099b9b01,https://uy.linkedin.com/jobs/view/sr-full-stack-developer-at-pento-4449571812,Sr. Full-Stack Developer,,scraped,2026-08-13T18:32:32.166822,
b7885476ffd6d747,https://uy.linkedin.com/jobs/view/ingeniero-el%C3%A9ctrico-junior-redtree-latam-at-csi-4440028544,Ingeniero Eléctrico Junior - RedTree LATAM,CSI,posted,2026-08-13T18:33:24.467112,2552
71306c5bcb528f51,https://uy.linkedin.com/jobs/view/abschlussarbeit-human-resources-m-w-d-schwerpunkt-arbeitssicherheit-personalbetreuung-personalentwicklung-at-autohaus-reisacher-gmbh-4453102901,"Abschlussarbeit Human Resources (m/w/d) - Schwerpunkt Arbeitssicherheit, Personalbetreuung & Personalentwicklung",Autohaus Reisacher GmbH,posted,2026-08-13T18:33:37.079793,2554
eb1d0ce605c5ca0e,https://uy.linkedin.com/jobs/view/desarrollo-comercial-y-ventas-at-buhot-4452712227,Desarrollo comercial y ventas,Buhot,posted,2026-08-13T18:33:50.121267,2556
1541a84cbcdde37e,https://uy.linkedin.com/jobs/view/supervisor-de-operaciones-at-segurpas-sa-4450136562,Supervisor de operaciones,,scraped,2026-08-13T18:33:52.728813,
25ca97bd911db301,https://uy.linkedin.com/jobs/view/ventas-florida-at-aym-santa-lucia-4452728734,Ventas Florida,AyM Santa Lucia,posted,2026-08-13T18:34:12.317662,2558
ea78467663f82f0e,https://uy.linkedin.com/jobs/view/senior-software-engineer-zone-procure-at-zone-co-4453368550,"Senior Software Engineer, Zone Procure",Zone & Co,posted,2026-08-13T18:34:17.317801,397
420357497f870c3c,https://uy.linkedin.com/jobs/view/my-first-job-in-ia-at-tata-consultancy-services-4452471342,My first job in IA,Tata Consultancy Services,posted,2026-08-13T18:34:30.383967,2560
fcffbaef78ffdcb7,https://uy.linkedin.com/jobs/view/senior-full-stack-developer-react-node-js-at-applaudo-4451028502,Senior Full Stack Developer (React & Node.js),,scraped,2026-08-13T18:34:33.018586,
60af38c14131bd62,https://uy.linkedin.com/jobs/view/remote-bilingual-customer-support-representative-english-spanish-at-ai-case-leads-4453600681,Remote Bilingual Customer Support Representative (English & Spanish),Ai Case Leads,posted,2026-08-13T18:34:46.104963,2562
457364cd37e7b244,https://uy.linkedin.com/jobs/view/ventas-paysand%C3%BA-at-aym-santa-lucia-4452729659,Ventas Paysandú,AyM Santa Lucia,posted,2026-08-13T18:34:58.328817,2564
f8f42f00a01b5770,https://uy.linkedin.com/jobs/view/ingeniero-a-de-software-junior-at-domus-global-4454015743,Ingeniero/a de Software Junior,Domus Global,posted,2026-08-13T18:35:12.564809,2566
98841af9759e7911,https://uy.linkedin.com/jobs/view/linux-devices-software-engineer-snapd-at-canonical-4434725266,Linux devices software engineer - snapd,,scraped,2026-08-13T18:35:17.267259,
e0b15ac3ddceaae6,https://uy.linkedin.com/jobs/view/analista-administrativo-contable-at-entrust-servicios-profesionales-de-recursos-humanos-4450153684,Analista Administrativo Contable,ENTRUST,posted,2026-08-13T18:36:04.627231,2568
fcecd107fb90029c,https://uy.linkedin.com/jobs/view/senior-accountant-at-veta-virtual-4453045765,Senior Accountant,,scraped,2026-08-13T18:36:07.288008,
c4f7143a3ea0fafe,https://uy.linkedin.com/jobs/view/t%C3%A9cnico-de-manufactura-at-satellogic-4452757004,Técnico de Manufactura,,scraped,2026-08-13T18:36:21.727646,
dd2288c9dd638558,https://uy.linkedin.com/jobs/view/software-engineer-angular-%2B-seo-marketing-remote-latin-america-at-fullstack-4451952490,Software Engineer (Angular + SEO/Marketing) - Remote - Latin America,FullStack,posted,2026-08-13T18:36:31.829940,2480
8610370ce38c88e9,https://uy.linkedin.com/jobs/view/vendedor-de-sal%C3%B3n-at-kpmg-uruguay-4452387802,Vendedor de Salón,KPMG Uruguay,posted,2026-08-13T18:36:43.057762,2570
a4d7259cf060396d,https://uy.linkedin.com/jobs/view/field-operations-supervisor-temporal-at-pedidosya-4451917021,Field Operations Supervisor (Temporal),,scraped,2026-08-13T18:36:45.710989,
b44f6774c2bd6ee4,https://uy.linkedin.com/jobs/view/ait-engineer-electronics-engineer-at-satellogic-4452744678,AIT Engineer - Electronics Engineer,,scraped,2026-08-13T18:36:52.825451,
0e247b1ab9c04900,https://uy.linkedin.com/jobs/view/r%C3%A9pondez-%C3%A0-des-enqu%C3%AAtes-de-chez-vous-pendant-votre-temps-libre-%21-studentjob-ch-at-jobster-4452949616,Répondez à des enquêtes de chez vous pendant votre temps libre ! - Studentjob.ch,Jobster,posted,2026-08-13T18:37:30.533705,2572
c7234d274669aa77,https://uy.linkedin.com/jobs/view/sinnvoller-job-als-dialoger-in-in-teamarbeit-%E2%80%93-einsatz-f%C3%BCr-menschenrechte-tiere-und-umwelt-studentjob-ch-at-jobster-4452981002,"Sinnvoller Job als Dialoger*in in Teamarbeit – Einsatz für Menschenrechte, Tiere und Umwelt - Studentjob.ch",,scraped,2026-08-13T18:37:37.135155,
6a9a24a6fffb7ab5,https://uy.linkedin.com/jobs/view/top-verdienen-in-der-schweiz-200-%E2%82%AC-pro-tag-als-dialoger-in-m-w-d-studentjob-ch-at-jobster-4452950778,Top verdienen in der Schweiz: 200 € pro Tag als Dialoger*in (m/w/d) - Studentjob.ch,,scraped,2026-08-13T18:37:46.059517,
cd22be161e401d9b,https://uy.linkedin.com/jobs/view/senior-flask%2Breact-fullstack-developer-remote-latin-america-at-bluelight-4451855406,"Senior Flask+React Fullstack Developer - Remote, Latin America",Bluelight,posted,2026-08-13T18:38:01.577231,2574
91211f24e40b4d94,https://uy.linkedin.com/jobs/view/junior-servicios-tributarios-at-pwc-4449801511,Junior - Servicios Tributarios,PwC,posted,2026-08-13T18:38:09.313671,1696
354115acd0b6dd49,https://uy.linkedin.com/jobs/view/heimarbeit-homeoffice-mit-online-umfragen-geld-verdienen-von-%C3%BCberall%21-studentjob-ch-at-jobster-4452936936,Heimarbeit / Homeoffice: Mit online-Umfragen Geld verdienen von überall! - Studentjob.ch,,scraped,2026-08-13T18:38:11.985681,
6c830659ce53d13d,https://uy.linkedin.com/jobs/view/senior-ai-engineer-google-adk-%2B-python-remote-latin-america-at-fullstack-4451952488,Senior AI Engineer (Google ADK + Python) - Remote - Latin America,FullStack,posted,2026-08-13T18:38:23.349347,2468
65cbd979ded7e2dc,https://uy.linkedin.com/jobs/view/senior-ai-engineer-google-adk-%2B-python-remote-latin-america-at-fullstack-4451936855,Senior AI Engineer (Google ADK + Python) - Remote - Latin America,FullStack,posted,2026-08-13T18:38:28.388810,2468
a5317132b332a1f6,https://uy.linkedin.com/jobs/view/verdiene-geld-mit-deinen-meinungen-%E2%80%93-flexibler-nebenjob-f%C3%BCr-studenten%21-studentjob-ch-at-jobster-4452953924,Verdiene Geld mit deinen Meinungen – Flexibler Nebenjob für Studenten! - Studentjob.ch,,scraped,2026-08-13T18:38:31.030563,
f7567e34e888a8c4,https://uy.linkedin.com/jobs/view/einfach-mit-umfragen-geld-verdienen-mit-toluna-studentjob-ch-at-jobster-4452962260,"Einfach mit Umfragen Geld verdienen, mit Toluna - Studentjob.ch",,scraped,2026-08-13T18:38:39.970370,
eba47cd679307f0a,https://uy.linkedin.com/jobs/view/nebenjob-%E2%80%93-home-office-mit-umfragen-geld-verdienen%21-einfach-von-zuhause-oder-unterwegs-studentjob-ch-at-jobster-4452963387,Nebenjob – Home Office: Mit Umfragen Geld verdienen! Einfach von zuhause oder unterwegs - Studentjob.ch,,scraped,2026-08-13T18:38:48.765614,
701d03460d255522,https://uy.linkedin.com/jobs/view/online-umfragen-im-home-office-bearbeiten-f%C3%BCr-geld-studentjob-ch-at-jobster-4452957807,Online-Umfragen im Home-Office bearbeiten für Geld - Studentjob.ch,,scraped,2026-08-13T18:38:58.302360,
21991580d91c0cf8,https://uy.linkedin.com/jobs/view/geld-verdienen-online-%E2%80%93-spiele-umfragen-cashback-flexibler-nebenjob-f%C3%BCr-studenten-studentjob-ch-at-jobster-4452947941,"Geld verdienen online – Spiele, Umfragen & Cashback | Flexibler Nebenjob für Studenten - Studentjob.ch",,scraped,2026-08-13T18:39:07.777031,
19c76f46a30fea93,https://uy.linkedin.com/jobs/view/senior-software-engineer-flask-react-remote-latin-america-at-bluelight-4451358851,"Senior Software Engineer (Flask/React) - Remote, Latin America",Bluelight,posted,2026-08-13T18:39:26.989296,2408
3716b2590eba9021,https://uy.linkedin.com/jobs/view/senior-software-engineer-maas-at-canonical-4434730090,Senior Software Engineer - MAAS,,scraped,2026-08-13T18:39:29.774641,
5cb98095827fda32,https://uy.linkedin.com/jobs/view/sr-java-software-engineer-at-monnet-payments-4454035793,Sr Java Software Engineer,,scraped,2026-08-13T18:39:39.563883,
f3c2962eee621eba,https://uy.linkedin.com/jobs/view/heimarbeit-verdiene-geld-mit-umfragen-in-der-marktforschung-studentjob-ch-at-jobster-4452972463,Heimarbeit -Verdiene Geld mit Umfragen in der MARKTFORSCHUNG - Studentjob.ch,,scraped,2026-08-13T18:39:46.283909,
2b4c1dd49687a499,https://uy.linkedin.com/jobs/view/pasante-para-oficina-t%C3%A9cnica-ingenier%C3%ADa-mec%C3%A1nica-el%C3%A9ctrica-hvac-aguada-at-manpowergroup-uruguay-4450819221,"Pasante para Oficina Técnica, Ingeniería Mecánica/Eléctrica (HVAC) Aguada",,scraped,2026-08-13T18:39:55.376683,
cda6d5fbfdc6afc3,https://uy.linkedin.com/jobs/view/flexibler-nebenjob-f%C3%BCr-studenten-25-50-chf-h-w-m-d-studentjob-ch-at-jobster-4452936385,Flexibler Nebenjob für Studenten (25-50 CHF/h) (w/m/d) - Studentjob.ch,,scraped,2026-08-13T18:40:08.629659,
5ab627ecbaeb85fd,https://uy.linkedin.com/jobs/view/ferienjob-sommerjob-als-promoter-25-50-chf-h-w-m-d-studentjob-ch-at-jobster-4452972005,Ferienjob / Sommerjob als Promoter (25-50 CHF/h) (w/m/d) - Studentjob.ch,,scraped,2026-08-13T18:40:17.917183,
c26927c5fd4f0e35,https://uy.linkedin.com/jobs/view/homeoffice-mit-online-umfragen-geld-verdienen-von-%C3%BCberall%21-studentjob-ch-at-jobster-4452953612,Homeoffice: Mit online-Umfragen Geld verdienen von überall! - Studentjob.ch,,scraped,2026-08-13T18:40:26.870601,
3650858e0170a859,https://uy.linkedin.com/jobs/view/panelteilnehmer-in-%E2%80%93-askgfk-schweiz-studentjob-ch-at-jobster-4452937841,Panelteilnehmer:in – askGfK Schweiz - Studentjob.ch,,scraped,2026-08-13T18:40:36.111156,
d241201a572c6108,https://uy.linkedin.com/jobs/view/abschl%C3%A4mmbares-f-at-beton-konkret-4454351487,abschlämmbares (f),,scraped,2026-08-14T18:14:42.540567,
ce2ff2670debaeab,https://uy.linkedin.com/jobs/view/outbound-campaign-manager-%E2%80%93-linkedin-at-scale-up-recruiting-partners-4453524799,Outbound Campaign Manager – LinkedIn,,scraped,2026-08-14T18:14:55.512840,
9c4528ac209199b1,https://uy.linkedin.com/jobs/view/especialista-en-aduanas-at-gxo-logistics-inc-4450826610,Especialista en aduanas,"GXO Logistics, Inc.",posted,2026-08-14T18:15:17.810077,2354
ef500913846c336e,https://uy.linkedin.com/jobs/view/chofer-administrativo-at-grupo-transamerican-4454359589,Chofer - administrativo,,scraped,2026-08-14T18:15:20.372710,
58a1c4d2c826e801,https://uy.linkedin.com/jobs/view/manager-benefits-at-sabre-4453243731,"Manager, Benefits",Sabre,posted,2026-08-14T18:15:36.322009,2576
6cc83492467aaf09,https://uy.linkedin.com/jobs/view/vendor-relations-specialist-at-altisource-4454525837,Vendor Relations Specialist,,scraped,2026-08-14T18:15:43.007324,
a71325be619130ef,https://uy.linkedin.com/jobs/view/join-our-talent-pool-for-an-it-office-support-consultant-at-inter-american-development-bank-4450852225,Join our Talent Pool for an IT Office Support Consultant,Banco Interamericano de Desarrollo,posted,2026-08-14T18:16:00.285242,2578
4a37c4d2d69ba519,https://uy.linkedin.com/jobs/view/middle-office-analyst-at-axi-broker-4450192059,Middle Office Analyst,AXI BROKER,posted,2026-08-14T18:16:10.378777,2580
3d72506377e3bffb,https://uy.linkedin.com/jobs/view/project-operations-specialist-at-toptal-4453349690,Project Operations Specialist,Toptal,posted,2026-08-14T18:16:19.312215,2582
633839b7ab6be081,https://uy.linkedin.com/jobs/view/junior-transfer-pricing-at-pwc-uruguay-4454085714,Junior - Transfer Pricing,PwC Uruguay,posted,2026-08-14T18:16:25.816785,801
abc08ac7c4ec69f0,https://uy.linkedin.com/jobs/view/entry-level-warehouse-associate-racker-1st-shift-at-pt-natural-indococonut-organik-4454363386,Entry Level Warehouse Associate/Racker - 1st Shift,,scraped,2026-08-14T18:16:32.289427,
9f81687825ddd995,https://uy.linkedin.com/jobs/view/sales-development-representative-latam-at-auxi-4453686460,Sales Development Representative - LATAM,auxi,posted,2026-08-14T18:16:53.724142,2584
bdd8acdbc7092921,https://uy.linkedin.com/jobs/view/ortodoncista-at-verona-cl%C3%ADnica-est%C3%A9tica-integral-4450190146,Ortodoncista,Verona Clínica Estética Integral,posted,2026-08-14T18:17:06.102005,2586
def6e262f7456397,https://uy.linkedin.com/jobs/view/adjunto-a-de-mantenimiento-complejo-industrial-montevideo-at-conaprole-4454362113,Adjunto/a de Mantenimiento (Complejo Industrial Montevideo),,scraped,2026-08-14T18:17:14.796436,
f80b788499027691,https://uy.linkedin.com/jobs/view/entry-level-warehouse-associate-racker-2nd-shift-at-pt-natural-indococonut-organik-4454358882,Entry Level Warehouse Associate/Racker - 2nd Shift,PT. NATURAL INDOCOCONUT ORGANIK,posted,2026-08-14T18:17:37.520348,2588
6cc4dfeea6683e26,https://uy.linkedin.com/jobs/view/controller-de-proyectos-at-csi-4454526692,Controller de Proyectos,,scraped,2026-08-14T18:17:40.204462,
ca74e6a4b0211d2e,https://uy.linkedin.com/jobs/view/docente-de-networking-at-instituto-bios-4450821917,Docente de Networking,,scraped,2026-08-14T18:17:52.313079,
335b43049cecef44,https://uy.linkedin.com/jobs/view/especialista-de-analytics-data-science-customer-experience-at-mercado-libre-4454029926,Especialista de Analytics & Data Science - Customer Experience,,scraped,2026-08-14T18:18:03.162846,
897e6fd34377b27b,https://uy.linkedin.com/jobs/view/asistente-de-calidad-at-somil-s-a-4450149072,Asistente de Calidad,,scraped,2026-08-14T18:18:09.991285,
ab5861a6119c49ad,https://uy.linkedin.com/jobs/view/desarrollador-a-genexus-at-ceibal-4454053430,Desarrollador/a Genexus,Ceibal,posted,2026-08-14T18:18:27.138752,2590
b97401eb56203adf,https://uy.linkedin.com/jobs/view/oficial-de-mantenimiento-mec%C3%A1nico-planta-industrial-mercedes-at-conaprole-4453634364,Oficial de Mantenimiento Mecánico (Planta Industrial Mercedes),,scraped,2026-08-14T18:18:33.582412,
68afa72d51770456,https://uy.linkedin.com/jobs/view/administrativo-a-de-taller-at-fidocar-4451241985,Administrativo/a de Taller,,scraped,2026-08-14T18:18:51.206264,
aab0bc04544b77d3,https://uy.linkedin.com/jobs/view/field-services-manager-fsm-english-at-gurus2go-4453585780,Field Services Manager (FSM) | English,Gurus2go,posted,2026-08-14T18:19:08.263814,2592
c35a00039b7db0ba,https://uy.linkedin.com/jobs/view/data-engineer-knowledge-graph-ai-data-platform-at-ig-networks-4450153238,Data Engineer (Knowledge Graph & AI Data Platform),,scraped,2026-08-14T18:19:11.003111,
715b640a95da55ce,https://uy.linkedin.com/jobs/view/docente-de-planillas-electr%C3%B3nicas-y-bases-de-datos-at-universidad-ort-uruguay-4450804321,Docente de Planillas Electrónicas y Bases de Datos,Universidad ORT Uruguay,posted,2026-08-14T18:19:26.227246,2594
c6b05229a15b34ab,https://uy.linkedin.com/jobs/view/auxiliar-contable-at-manpowergroup-4451221381,Auxiliar contable,ManpowerGroup,posted,2026-08-14T18:19:31.269632,59
b3a3096e75cb1dd2,https://uy.linkedin.com/jobs/view/medio-oficial-mec%C3%A1nico-automotriz-%E2%80%93-ciudad-de-la-costa-at-work-office-4452315343,Medio Oficial Mecánico Automotriz – Ciudad de la Costa,,scraped,2026-08-14T18:19:37.819744,
8bb5e70f1d9a4b58,https://uy.linkedin.com/jobs/view/asistente-de-pago-a-proveedores-at-sunfer-4452309383,Asistente de Pago a Proveedores,,scraped,2026-08-14T18:19:46.458807,
818bf2dccf85c565,https://uy.linkedin.com/jobs/view/solutions-specialist-legal-sales-specialist-latin-america-only-at-sussman-law-firm-pllc-4453687449,Solutions Specialist (Legal Sales Specialist) - Latin America Only,"Sussman Law Firm, PLLC",posted,2026-08-14T18:19:59.050699,2596
a292a72cc219a586,https://uy.linkedin.com/jobs/view/recruiting-analyst-remote-work-at-bairesdev-4451929976,Recruiting Analyst - Remote Work,BairesDev,posted,2026-08-14T18:20:06.359432,2130
24ef7fe060880193,https://uy.linkedin.com/jobs/view/crm-manager-remote-work-at-bairesdev-4451697541,CRM Manager - Remote Work,BairesDev,posted,2026-08-14T18:20:13.482052,1258
68bf6f1311d41f76,https://uy.linkedin.com/jobs/view/commercial-contracts-at-sabre-4443421077,Commercial Contracts,Sabre,posted,2026-08-14T18:20:32.495511,2598
4db3d3eabb7dcb5e,https://uy.linkedin.com/jobs/view/secretariado-administrativo-at-instituto-t%C3%A9cnico-cumbre-4450931131,SECRETARIADO ADMINISTRATIVO,Instituto Técnico Cumbre,posted,2026-08-14T18:20:47.803895,2600
0cfc9aee7d50f3f6,https://uy.linkedin.com/jobs/view/marketing-manager-at-canonical-4434708907,Marketing Manager,,scraped,2026-08-14T18:21:30.512783,
b15939ce574d6d2c,https://uy.linkedin.com/jobs/view/back-end-developer-specialist-java-at-evertec-4453237612,Back End Developer Specialist(JAVA),Evertec,posted,2026-08-14T18:21:45.747694,2602
ddfa461eb459291a,https://uy.linkedin.com/jobs/view/machine-learning-engineer-python-remote-work-at-bairesdev-4452720862,Machine Learning Engineer (Python) - Remote Work,BairesDev,posted,2026-08-14T18:21:54.339830,2604
ce8cee1e07eddaf5,https://uy.linkedin.com/jobs/view/analista-sap-at-human-phi-4450837095,Analista SAP,,scraped,2026-08-14T18:21:58.912928,
b7d7bd6e5a8cd1a7,https://uy.linkedin.com/jobs/view/kc-finance-process-excellence-training-specialist-at-kuehne%2Bnagel-4453385486,KC Finance Process Excellence & Training Specialist,,scraped,2026-08-14T18:22:06.605683,
5ca6fc0e127198f6,https://uy.linkedin.com/jobs/view/encargado-a-de-local-cerro-largo-para-pa%C3%B1alera-y-perfumer%C3%ADa-at-manpowergroup-uruguay-4451228337,Encargado/a de local (Cerro Largo) Para pañalera y perfumería,,scraped,2026-08-14T18:22:13.103803,
a845cd74f895548b,https://uy.linkedin.com/jobs/view/territory-manager-argentina-at-halter-4451697712,Territory Manager - Argentina,,scraped,2026-08-14T18:22:19.855142,
9e69ac8568edc164,https://uy.linkedin.com/jobs/view/analista-administrativo-at-hikvision-latinoam%C3%A9rica-4450185431,Analista administrativo,,scraped,2026-08-14T18:22:28.413666,
4836753e1afc798a,https://uy.linkedin.com/jobs/view/fullstack-java-%2B-react-technical-leader-trabajo-remoto-at-bairesdev-4451916255,FullStack Java + React Technical Leader - Trabajo Remoto,BairesDev,posted,2026-08-14T18:22:39.929178,439
97236d5267ba91f2,https://uy.linkedin.com/jobs/view/senior-financial-analyst-at-veta-virtual-4453503578,Senior Financial Analyst,,scraped,2026-08-14T18:22:48.546378,
afd3f7ee666817a2,https://uy.linkedin.com/jobs/view/asistente-para-la-materia-portafolio-de-la-licenciatura-en-dise%C3%B1o-de-interiores-at-universidad-ort-uruguay-4450805349,Asistente para la materia Portafolio de la Licenciatura en Diseño de Interiores,Universidad ORT Uruguay,posted,2026-08-14T18:23:07.669686,2606
ea686faf370c8940,https://uy.linkedin.com/jobs/view/asistente-t%C3%A9cnico-at-stiler-project-management-4454056621,Asistente técnico,,scraped,2026-08-14T18:23:12.376294,
8881819459254ad8,https://uy.linkedin.com/jobs/view/luxury-client-advocate-at-veta-virtual-4452792215,Luxury Client Advocate,,scraped,2026-08-14T18:23:20.464908,
4a821cc43638317e,https://uy.linkedin.com/jobs/view/asesor-a-de-exhibici%C3%B3n-y-dise%C3%B1o-comercial-at-oxygeno-4451235358,Asesor/a de Exhibición y Diseño Comercial,,scraped,2026-08-14T18:23:38.678705,
3f7223b46f235eac,https://uy.linkedin.com/jobs/view/vendedora-en-maldonado-at-este%C3%B1a-consultores-4450824124,Vendedora en Maldonado,,scraped,2026-08-14T18:23:49.301895,
8e3a5cfababad76d,https://uy.linkedin.com/jobs/view/licenciado-a-en-fisioterapia-at-centro-recupera-4450160831,Licenciado/a en Fisioterapia,,scraped,2026-08-14T18:24:00.510468,
f3d5bde65002ff39,https://uy.linkedin.com/jobs/view/banco-de-talentos-ciencias-econ%C3%B3micas-at-guyer-regules-4451250141,Banco de Talentos - Ciencias Económicas,,scraped,2026-08-14T18:24:08.472033,
d6e99242f23aef99,https://uy.linkedin.com/jobs/view/sr-machine-learning-engineer-at-pento-4450837008,Sr. Machine Learning Engineer,,scraped,2026-08-14T18:24:23.447784,
02d187da89124fb3,https://uy.linkedin.com/jobs/view/ejecutivo-comercial-para-litoral-oeste-at-talenter-4454319712,Ejecutivo Comercial para Litoral Oeste,,scraped,2026-08-14T18:24:34.098487,
4e69d3c3fdddb34e,https://uy.linkedin.com/jobs/view/junior-consultor%C3%ADa-en-procesos-at-pwc-uruguay-4454535062,Junior - Consultoría en Procesos,PwC Uruguay,posted,2026-08-14T18:24:58.531597,2608
bbb950de940be4d9,https://uy.linkedin.com/jobs/view/banco-de-talentos-ciencias-econ%C3%B3micas-at-grant-thornton-uruguay-4451261113,Banco de Talentos - Ciencias Económicas,,scraped,2026-08-14T18:25:05.291928,
e86e4e03259a4704,https://uy.linkedin.com/jobs/view/remote-bilingual-customer-support-representative-english-spanish-at-ai-case-leads-4454549777,Remote Bilingual Customer Support Representative (English & Spanish),Ai Case Leads,posted,2026-08-14T18:25:25.126219,2562
af662c0d2d364595,https://uy.linkedin.com/jobs/view/rn-registered-nurse-evening-shift-at-minnesota-direct-care-and-treatment-4449832579,RN-Registered Nurse / Evening Shift,Minnesota Direct Care and Treatment,posted,2026-08-14T18:25:39.324794,2610
73f014fdb1b67e85,https://uy.linkedin.com/jobs/view/ait-engineer-at-satellogic-4452748629,AIT Engineer,,scraped,2026-08-14T18:25:47.990157,
f32535e184d9a5c1,https://uy.linkedin.com/jobs/view/staff-software-engineer-for-identity-management-go-golang-at-canonical-4434720461,Staff Software Engineer for Identity Management (Go/Golang),,scraped,2026-08-14T18:26:21.794996,
df98c63e3872a50c,https://uy.linkedin.com/jobs/view/software-engineer-python-golang-kubernetes-at-canonical-4434716625,Software Engineer - Python/Golang - Kubernetes,,scraped,2026-08-14T18:26:29.655533,
c8e26267f9e54ea5,https://uy.linkedin.com/jobs/view/sagen-sie-es%21-teilen-sie-ihre-erkenntnisse-mit%21-umfragen-durchf%C3%BChren-und-geld-verdienen%21-m-w-d-studentjob-ch-at-jobster-4452983259,Sagen Sie es! Teilen Sie Ihre Erkenntnisse mit! Umfragen durchführen und Geld verdienen! (m/w/d) - Studentjob.ch,,scraped,2026-08-14T18:26:41.058045,
ba70dccfd3376f64,https://uy.linkedin.com/jobs/view/desarrollador-senior-react-%2B-typescript-trabajo-remoto-at-bairesdev-4452724957,Desarrollador Senior React + TypeScript  - Trabajo Remoto,BairesDev,posted,2026-08-14T18:26:56.914496,273
5e905a72e6938a43,https://uy.linkedin.com/jobs/view/t%C3%A9l%C3%A9travail-r%C3%A9pondez-%C3%A0-des-sondages-studentjob-ch-at-jobster-4452967037,Télétravail: Répondez à des sondages - Studentjob.ch,,scraped,2026-08-14T18:26:59.710606,
ca0094c3ddfed6a1,https://uy.linkedin.com/jobs/view/senior-software-engineer-python-golang-kubernetes-at-canonical-4434722356,Senior Software Engineer - Python/Golang - Kubernetes,,scraped,2026-08-14T18:27:24.616889,
329742f21d53a96f,https://uy.linkedin.com/jobs/view/t%C3%A9cnico-a-en-refrigeraci%C3%B3n-contrato-a-t%C3%A9rmino-punta-de-rieles-at-manpowergroup-uruguay-4450830292,Técnico/a en Refrigeración (contrato a término) / Punta de Rieles,,scraped,2026-08-14T18:27:34.184159,
aecd0ef174b2815f,https://uy.linkedin.com/jobs/view/relevador-merchandiser-at-scanntech-uruguay-4454091685,Relevador / Merchandiser,,scraped,2026-08-15T17:44:44.363011,
23c6b3cda8308fbe,https://uy.linkedin.com/jobs/view/account-manager-at-pento-4451260342,Account Manager,,scraped,2026-08-15T17:45:08.799159,
4a0539317e6cef0b,https://uy.linkedin.com/jobs/view/auxiliar-de-servicios-femenino-para-punta-carretas-at-viaaqua-4454850700,Auxiliar de Servicios Femenino para Punta Carretas,,scraped,2026-08-15T17:45:21.644777,
e839905505f6792a,https://uy.linkedin.com/jobs/view/comercial-at-alsina-formwork-4452442981,Comercial,,scraped,2026-08-15T17:45:48.467034,
111fd8cd84e00a1e,https://uy.linkedin.com/jobs/view/encargado-de-redes-sociales-4451245828,Encargado de redes sociales,Laurito store,posted,2026-08-15T17:46:14.889452,2612
c2167df9f711f524,https://uy.linkedin.com/jobs/view/visual-merchandising-concept-specialist-at-the-studio-4452717923,Visual Merchandising & Concept Specialist,THE/STUDIO,posted,2026-08-15T17:46:28.646853,2614
e5fd7249ac1658f0,https://uy.linkedin.com/jobs/view/ar-game-designer-%E2%80%94-mobile-webar-latam-at-fs-studio-4454034688,AR Game Designer — Mobile & WebAR - LATAM,FS Studio,posted,2026-08-15T17:46:40.954021,2616
3e948ee4124596f6,https://uy.linkedin.com/jobs/view/mongodb-database-support-engineer-americas-remote-at-percona-4452628618,MongoDB Database Support Engineer (AMERICAS - Remote),Percona,posted,2026-08-15T17:46:49.674437,2618
36f873d1db7d229f,https://uy.linkedin.com/jobs/view/encargado-de-local-at-manpowergroup-uruguay-4451265305,Encargado de local,,scraped,2026-08-15T17:46:52.014781,
c850ac9b7c5775a4,https://uy.linkedin.com/jobs/view/cfo-uruguay-at-page-executive-4454814788,CFO Uruguay,,scraped,2026-08-15T17:47:02.863910,
1f8dc5aa51694b1d,https://uy.linkedin.com/jobs/view/devops-engineer-at-pythian-4451262518,DevOps Engineer,,scraped,2026-08-15T17:47:12.419742,
3fbac31409bf68c1,https://uy.linkedin.com/jobs/view/agente-inmobiliario-at-homa-real-estate-4451266552,Agente inmobiliario,,scraped,2026-08-15T17:47:22.987654,
cbe7f102f79f6b31,https://uy.linkedin.com/jobs/view/operador-en-desarrollo-android-at-instituto-t%C3%A9cnico-cumbre-4450927424,Operador en Desarrollo Android,Instituto Técnico Cumbre,posted,2026-08-15T17:48:32.758511,2620
273a39c565c38280,https://uy.linkedin.com/jobs/view/metal-plater-line-operator-1st-shift-at-pt-natural-indococonut-organik-4454360405,Metal Plater/Line Operator - 1st Shift,,scraped,2026-08-15T17:48:35.311535,
91596e756faf07a4,https://uy.linkedin.com/jobs/view/hr-generalist-at-canonical-4434716621,HR Generalist,,scraped,2026-08-15T17:48:45.370251,
8a7dc9a6fd0bcfe5,https://uy.linkedin.com/jobs/view/engineering-manager-linux-hardware-enablement-at-canonical-4434624547,Engineering Manager - Linux Hardware Enablement,,scraped,2026-08-15T17:48:57.300257,
a1e86a2b0559c78d,https://uy.linkedin.com/jobs/view/back-end-developer-at-evertec-4453731993,Back End Developer,Evertec,posted,2026-08-15T17:49:31.333494,2622
07b8335d7efe532d,https://uy.linkedin.com/jobs/view/senior-devops-engineer-kubernetes-remote-latin-america-at-fullstack-4445237989,Senior DevOps Engineer (Kubernetes) - Remote - Latin America,FullStack,posted,2026-08-15T17:49:45.572945,2624
87e71c06dfd78cc6,https://uy.linkedin.com/jobs/view/reference-data-operations-analyst-at-worldquant-4443995930,Reference Data Operations Analyst,WorldQuant,posted,2026-08-15T17:50:01.234957,2626
4e6ed1eb95e5645c,https://uy.linkedin.com/jobs/view/e-commerce-analyst-at-bestseller-4454575853,E-Commerce Analyst,,scraped,2026-08-15T17:50:04.014388,
b992ba378fb17371,https://uy.linkedin.com/jobs/view/fisioterapeuta-4450488791,Fisioterapeuta,Pao Cid Maquillaje,posted,2026-08-15T17:50:19.660620,2628
3339a415e2d12e53,https://uy.linkedin.com/jobs/view/contador-junior-at-grupo-carlos-picos-4292565236,Contador Junior,,scraped,2026-08-15T17:50:28.283022,
d55eacd7f9205d48,https://uy.linkedin.com/jobs/view/salesforce-architect-developer-nonprofit-cloud-%2B-taskray-at-braintrust-4454314962,Salesforce Architect / Developer (Nonprofit Cloud + TaskRay),Braintrust,posted,2026-08-15T17:50:46.997049,2630
4aac9467e05e023a,https://uy.linkedin.com/jobs/view/administrativo-a-de-personal-%E2%80%93-rrhh-at-grupo-consultores-de-empresas-4451248616,Administrativo/a de Personal – RRHH,Grupo Consultores de Empresas,posted,2026-08-15T17:51:02.383260,2632
d05a85da83112bec,https://uy.linkedin.com/jobs/view/ait-engineer-at-satellogic-4454083793,AIT Engineer,,scraped,2026-08-15T17:51:10.989917,
d392c030c9d75dff,https://uy.linkedin.com/jobs/view/net-principal-architect-at-sparq-4454877290,.NET Principal Architect,Sparq,posted,2026-08-15T17:51:24.865031,2634
57cb07ff2eb9777d,https://uy.linkedin.com/jobs/view/operations-analyst-at-zonamerica-4451258946,Operations Analyst,,scraped,2026-08-15T17:51:37.500568,
a3a51ce41c85f9f2,https://uy.linkedin.com/jobs/view/lider-operaciones-fraude-at-koin-4449875636,Lider Operaciones Fraude,,scraped,2026-08-15T17:51:47.748114,
13134ee15a3b68f5,https://uy.linkedin.com/jobs/view/implementaci%C3%B3n-activaci%C3%B3n-de-clientes-%E2%80%93-sector-agro-at-domus-global-4453586459,Implementación & Activación de Clientes – Sector Agro,,scraped,2026-08-15T17:51:54.565372,
f3f331a4ba8cca60,https://uy.linkedin.com/jobs/view/reponedor-con-moto-para-ciudad-de-la-costa-at-trade%2B-merchandising-4453617766,Reponedor con moto para Ciudad de la Costa,,scraped,2026-08-15T17:52:02.043106,
1470fa6ce50e36f0,https://uy.linkedin.com/jobs/view/full-stack-engineer-ruby-on-rails-%2B-react-at-gogrow-4453734476,Full-Stack Engineer (Ruby on Rails + React),GoGrow,posted,2026-08-15T17:52:20.541536,2636
ea14070782673b82,https://uy.linkedin.com/jobs/view/full-stack-engineer-ruby-on-rails-%2B-react-at-gogrow-4451261959,Full-Stack Engineer (Ruby on Rails + React),GoGrow,posted,2026-08-15T17:52:26.062025,2636
e5b50b6189ade218,https://uy.linkedin.com/jobs/view/oficial-soldador-mec%C3%A1nico-at-gianni-store-4454359588,Oficial Soldador/Mecánico,,scraped,2026-08-15T17:52:32.670533,
c26213e55542f16d,https://uy.linkedin.com/jobs/view/solutions-engineer-at-kinamic-4449889200,Solutions Engineer,,scraped,2026-08-15T17:52:40.076086,
ce5b006ec1c01583,https://uy.linkedin.com/jobs/view/personal-finance-coach-%E2%80%93-uruguay-at-financial-finesse-4441332091,Personal Finance Coach – Uruguay,Financial Finesse,posted,2026-08-15T17:52:51.717175,2638
af751fee46cb38df,https://uy.linkedin.com/jobs/view/%D0%BC%D0%B5%D0%BD%D0%B5%D0%B4%D0%B6%D0%B5%D1%80-%D0%BF%D0%BE-%D0%BF%D1%80%D0%BE%D0%B4%D0%B0%D0%B6%D0%B0%D0%BC-b2b-at-rim-mediagroup-4453085672,Менеджер по продажам B2B,,scraped,2026-08-15T17:52:54.382547,
63a5ab089d684644,https://uy.linkedin.com/jobs/view/senior-delivery-manager-at-sparq-4454803108,Senior Delivery Manager,Sparq,posted,2026-08-15T17:53:17.451536,2640
a8294a9e773593bd,https://uy.linkedin.com/jobs/view/senior-quality-engineer-qe-at-the-electric-factory-4452752196,Senior Quality Engineer (QE),,scraped,2026-08-15T17:53:26.051231,
0c9a66ca6b285e73,https://uy.linkedin.com/jobs/view/senior-ai-engineer-at-blend-4451562455,Senior AI Engineer,Blend,posted,2026-08-15T17:53:36.135101,1436
1719a37b36d0918c,https://uy.linkedin.com/jobs/view/auxiliares-de-tienda-y-cajeros-por-zafra-maldonado-at-unilam-4454851693,Auxiliares de tienda y Cajeros por ZAFRA / MALDONADO,,scraped,2026-08-15T17:53:40.736129,
3cdab8cf135a4614,https://uy.linkedin.com/jobs/view/auxiliares-de-tienda-y-cajeros-por-zafra-colonia-at-unilam-4454846711,Auxiliares de tienda y cajeros por ZAFRA / COLONIA,,scraped,2026-08-15T17:53:51.653497,
8bcfd96877c75566,https://uy.linkedin.com/jobs/view/vendedor-a-casa-central-16-hs-at-divino-sa-4452133701,Vendedor/a Casa Central - 16 hs,,scraped,2026-08-15T17:54:02.687373,
1cc5d0f201ac94c3,https://uy.linkedin.com/jobs/view/history-phd-assessment-specialist-at-mercor-4454864208,History PhD - Assessment Specialist,Mercor,posted,2026-08-15T17:54:19.860495,2642
7e96e6276388ffaa,https://uy.linkedin.com/jobs/view/senior-backend-ai-engineer-at-coderio-4454801883,Senior Backend AI Engineer,Coderio | Software Company,posted,2026-08-15T17:54:30.458084,2644
4cd4ba2c8fa152b0,https://uy.linkedin.com/jobs/view/dentons-jim%C3%A9nez-de-ar%C3%A9chaga-contador-a-senior-at-advice-uruguay-4450182156,Dentons Jiménez de Aréchaga: Contador/a Senior,,scraped,2026-08-15T17:54:33.163829,
8572c591699c9ca2,https://uy.linkedin.com/jobs/view/software-engineer-angular-%2B-seo-marketing-remote-latin-america-at-fullstack-4451942770,Software Engineer (Angular + SEO/Marketing) - Remote - Latin America,FullStack,posted,2026-08-15T17:54:53.371175,2480
bd3f8923e10708be,https://uy.linkedin.com/jobs/view/senior-devops-engineer-kubernetes-remote-latin-america-at-fullstack-4445257280,Senior DevOps Engineer (Kubernetes) - Remote - Latin America,FullStack,posted,2026-08-15T17:55:07.517335,2624
5500bad52cc1d75d,https://uy.linkedin.com/jobs/view/senior-backend-engineer-platform-distributed-systems-at-plan-a-technologies-4451288236,Senior Backend Engineer (Platform & Distributed Systems),Plan A Technologies,posted,2026-08-15T17:55:16.505305,2022
3539fa43a7ac0d48,https://uy.linkedin.com/jobs/view/von-zuhause-geld-verdienen%3F-es-war-nie-einfacher%21-homeoffice-studentjob-ch-at-jobster-4452973049,Von Zuhause Geld verdienen? Es war nie einfacher! Homeoffice - Studentjob.ch,Jobster,posted,2026-08-15T17:55:51.438069,2646
227f65f20cedc863,https://uy.linkedin.com/jobs/view/administrativo-a-junior-zafral-pocitos-at-work-office-4454838835,Administrativo/a Junior ZAFRAL - Pocitos,,scraped,2026-08-15T17:55:56.125254,
bb69237a0befe53b,https://uy.linkedin.com/jobs/view/verdiene-schnell-und-einfach-geld-mit-umfragen%21-von-%C3%BCberall%21-studentjob-ch-at-jobster-4452938653,Verdiene schnell und einfach Geld mit Umfragen! Von überall! - Studentjob.ch,,scraped,2026-08-15T17:56:02.586653,
f8181b470ac14cf1,https://uy.linkedin.com/jobs/view/gesucht-teilnehmer-f%C3%BCr-bezahlte-studien-studentjob-ch-at-jobster-4452948496,Gesucht: Teilnehmer für bezahlte Studien - Studentjob.ch,,scraped,2026-08-15T17:56:11.872464,
2d2066b10ee50041,https://uy.linkedin.com/jobs/view/verdiene-geld-von-zuhause-aus-nebenjob-im-home-office-mit-umfragen-studentjob-ch-at-jobster-4452972357,Verdiene Geld von Zuhause aus: Nebenjob im Home Office mit Umfragen - Studentjob.ch,,scraped,2026-08-15T17:56:31.255294,
fb7045eaee8a0fef,https://uy.linkedin.com/jobs/view/minijob-nebenjob-ferienjob-remote-teilnehmer-f%C3%BCr-bezahlte-studien-gesucht%21-studentjob-ch-at-jobster-4452979417,Minijob / Nebenjob / Ferienjob / Remote: Teilnehmer für bezahlte Studien gesucht! - Studentjob.ch,,scraped,2026-08-15T17:56:40.276448,
8b24ecc1bd6d9e08,https://uy.linkedin.com/jobs/view/minijob-von-zuhause-aus-verdiene-bares-geld-f%C3%BCr-umfragen-studentjob-ch-at-jobster-4452944781,Minijob von zuhause aus - verdiene bares Geld für Umfragen - Studentjob.ch,,scraped,2026-08-15T17:56:49.231935,
13244acda2c3a171,https://uy.linkedin.com/jobs/view/inside-sales-auxiliar-de-ventas-internas-para-empresa-nvocc-at-confidencial-4450158932,INSIDE SALES (Auxiliar de ventas internas)para empresa NVOCC,Confidencial,posted,2026-08-15T17:57:10.057583,2648
fc9214aa20616d09,https://uy.linkedin.com/jobs/view/sr-software-engineer-java-springboot-at-coderio-4454093555,Sr. Software Engineer - Java/springboot,Coderio | Software Company,posted,2026-08-15T17:57:28.936465,2650
4287b0f2bb7b6d37,https://uy.linkedin.com/jobs/view/senior-devops-engineer-kubernetes-remote-latin-america-at-fullstack-4445250602,Senior DevOps Engineer (Kubernetes) - Remote - Latin America,FullStack,posted,2026-08-15T17:57:39.967267,2624
2c538c19e3458302,https://uy.linkedin.com/jobs/view/senior-devops-engineer-kubernetes-remote-latin-america-at-fullstack-4445256305,Senior DevOps Engineer (Kubernetes) - Remote - Latin America,FullStack,posted,2026-08-15T17:57:44.843766,2624
3fff347b2cbccbe0,https://uy.linkedin.com/jobs/view/senior-devops-engineer-kubernetes-remote-latin-america-at-fullstack-4445253446,Senior DevOps Engineer (Kubernetes) - Remote - Latin America,FullStack,posted,2026-08-15T17:57:49.767113,2624
2de4c7907220e10c,https://uy.linkedin.com/jobs/view/senior-devops-engineer-kubernetes-remote-latin-america-at-fullstack-4445241835,Senior DevOps Engineer (Kubernetes) - Remote - Latin America,FullStack,posted,2026-08-15T17:57:54.648509,2624
0b058651ebe4ad80,https://uy.linkedin.com/jobs/view/senior-software-engineer-control-plane-%2B-orchestration-remote-latin-america-at-fullstack-4444995313,Senior Software Engineer (Control Plane + Orchestration) - Remote - Latin America,FullStack,posted,2026-08-15T17:58:08.492910,2652
d1203aa4c752ffda,https://uy.linkedin.com/jobs/view/peluqueria-canina-at-lavakan-uruguay-4452202074,Peluqueria Canina,,scraped,2026-08-16T17:43:26.911678,
89f4b2757ad0909a,https://uy.linkedin.com/jobs/view/talent-quality-auditor-remote-work-at-bairesdev-4453202371,Talent Quality Auditor - Remote Work,BairesDev,posted,2026-08-16T17:43:47.178598,1488
30c238c27065de1b,https://uy.linkedin.com/jobs/view/accounting-manager-%E2%80%93-us-gaap-job-costing-at-scale-up-recruiting-partners-4453908821,Accounting Manager – US GAAP & Job Costing,,scraped,2026-08-16T17:43:49.838454,
4b675273056b6a76,https://uy.linkedin.com/jobs/view/machine-learning-engineer-at-promtior-4450863929,Machine Learning Engineer,,scraped,2026-08-16T17:44:45.952769,
628d9efd2f25863f,https://uy.linkedin.com/jobs/view/auxiliar-de-caja-nuevocentro-shopping-at-only-brand-house-4453616315,Auxiliar de Caja - Nuevocentro Shopping,,scraped,2026-08-16T17:45:08.271621,
10cb92580bc9c00f,https://uy.linkedin.com/jobs/view/%D0%B0%D1%81%D1%81%D0%B8%D1%81%D1%82%D0%B5%D0%BD%D1%82-%D0%BE%D1%82%D0%B4%D0%B5%D0%BB%D0%B0-%D0%BF%D1%80%D0%BE%D0%B4%D0%B0%D0%B6-at-rim-mediagroup-4455185033,Ассистент отдела продаж,,scraped,2026-08-16T17:45:15.524471,
4546e7f41cde09a7,https://uy.linkedin.com/jobs/view/asistente-de-comercio-exterior-para-importante-industria-ubicada-en-ruta-101-at-manpowergroup-uruguay-4451229740,Asistente de Comercio Exterior | Para importante industria ubicada en Ruta 101,,scraped,2026-08-16T17:45:22.988167,
835ab150deb9a491,https://uy.linkedin.com/jobs/view/managing-director-at-globe-24-7-4454024572,Managing Director,,scraped,2026-08-16T17:45:51.430371,
5e9879658e3a6cf9,https://uy.linkedin.com/jobs/view/ejecutivo-a-principal-vialidad-at-caf-banco-de-desarrollo-de-am%C3%A9rica-latina-y-el-caribe-4454803103,"Ejecutivo(a) Principal, Vialidad",CAF -banco de desarrollo de América Latina y el Caribe-,posted,2026-08-16T17:46:08.714065,2654
d28f84b2316acde8,https://uy.linkedin.com/jobs/view/asistente-de-excelencia-operacional-at-merck-healthcare-4454568810,Asistente de Excelencia Operacional,,scraped,2026-08-16T17:46:15.412085,
17231730dc728ba6,https://uy.linkedin.com/jobs/view/data-analyst-at-pluxee-4451261820,Data Analyst,,scraped,2026-08-16T17:46:50.891991,
ddf5b60ecde07d36,https://uy.linkedin.com/jobs/view/infrastructure-engineer-infra-engineering-at-deel-4449535949,Infrastructure Engineer - Infra Engineering,Deel,posted,2026-08-16T17:47:16.110406,477
a8a1cc2acd6c4a26,https://uy.linkedin.com/jobs/view/agentic-aws-devops-engineer-remote-latin-america-at-fullstack-4407589801,Agentic AWS DevOps Engineer - Remote - Latin America,FullStack,posted,2026-08-16T17:47:38.954975,51
51e9128ba898caa6,https://uy.linkedin.com/jobs/view/technical-product-support-analyst-i-at-sabre-4453903181,Technical Product Support Analyst I,Sabre,posted,2026-08-16T17:47:50.286988,2656
4ff4a17956942de1,https://uy.linkedin.com/jobs/view/analista-de-soluciones-ia-at-republica-afap-4451262349,Analista de soluciones IA,,scraped,2026-08-16T17:48:20.921600,
54a19c1a71e0c4f1,https://uy.linkedin.com/jobs/view/sports-data-collector-football-florida-uruguay-at-genius-sports-4433124068,"Sports Data Collector (Football) - Florida, Uruguay",,scraped,2026-08-16T17:48:37.803954,
bd0176bef8fdc6de,https://uy.linkedin.com/jobs/view/ingeniero-de-qa-automatizaci%C3%B3n-trabajo-remoto-at-bairesdev-4451927923,Ingeniero de QA - Automatización - Trabajo Remoto,BairesDev,posted,2026-08-16T17:49:02.181840,2658
ff8e6e8148f0f0e6,https://uy.linkedin.com/jobs/view/business-development-representative-at-inair-4454394011,Business Development Representative,InAir,posted,2026-08-16T17:49:10.885826,307
f226339df3563795,https://uy.linkedin.com/jobs/view/analista-de-projetos-el%C3%A9trica-at-segula-technologies-4454029906,Analista de Projetos (Elétrica),SEGULA Technologies,posted,2026-08-16T17:49:30.078835,2660
a970a8914238d8a2,https://uy.linkedin.com/jobs/view/senior-automation-tester-in-js-at-epam-systems-4450137793,Senior Automation Tester in JS,EPAM Systems,posted,2026-08-16T17:49:38.848739,1730
3dbd13822a218171,https://uy.linkedin.com/jobs/view/asistente-de-producto-at-btg-pactual-uruguay-4449892464,Asistente de producto,,scraped,2026-08-16T17:49:41.463351,
d31ea02743e793d4,https://uy.linkedin.com/jobs/view/agente-de-ventas-at-travel-%2B-leisure-co-4454559868,Agente de Ventas,Travel + Leisure Co.,posted,2026-08-16T17:50:00.705530,2084
06e19958644dd5d6,https://uy.linkedin.com/jobs/view/implementation-consultant-at-inair-4454869860,Implementation Consultant,InAir,posted,2026-08-16T17:50:09.188496,2662
59ca344116a8f063,https://uy.linkedin.com/jobs/view/t%C3%A9cnico-senior-at-urudata-s-a-4454848679,Técnico Senior,,scraped,2026-08-16T17:50:19.784671,
62b873019aa38c33,https://uy.linkedin.com/jobs/view/t%C3%A9cnico-a-en-electr%C3%B3nica-jr-at-experis-4450187369,Técnico/a en electrónica Jr,Experis,posted,2026-08-16T17:50:37.678742,2664
133878b1e6515e2a,https://uy.linkedin.com/jobs/view/laboratorista-auxiliar-ciudad-de-la-costa-at-aym-santa-lucia-4453598910,Laboratorista Auxiliar Ciudad de la Costa,AyM Santa Lucia,posted,2026-08-16T17:50:47.800942,2666
0c965d23e5563ed6,https://uy.linkedin.com/jobs/view/recepcionista-at-manpowergroup-uruguay-4450800003,Recepcionista,,scraped,2026-08-16T17:50:56.407946,
b8330a61a97e9e94,https://uy.linkedin.com/jobs/view/administrativa-comercial-para-automotora-at-capital-humano-rrhh-4454839814,Administrativa Comercial para Automotora,,scraped,2026-08-16T17:51:12.861017,
d5b1776265f89471,https://uy.linkedin.com/jobs/view/software-engineer-ceph-distributed-storage-at-canonical-4434731066,"Software Engineer, Ceph & Distributed Storage",,scraped,2026-08-16T17:51:46.509474,
27de19b289028370,https://uy.linkedin.com/jobs/view/verdienen-sie-geld-mit-umfragen-die-nur-f%C3%BCr-sie-gemacht-sind-mit-toluna-studentjob-ch-at-jobster-4452954588,"Verdienen Sie Geld mit Umfragen, die nur für Sie gemacht sind, mit Toluna - Studentjob.ch",,scraped,2026-08-16T17:52:07.661139,
885dfc09c76633d8,https://uy.linkedin.com/jobs/view/technical-project-manager-client-systems-at-inair-4454864987,"Technical Project Manager, Client Systems",InAir,posted,2026-08-16T17:52:23.754412,2668
0c3b16cef5ca891e,https://uy.linkedin.com/jobs/view/llamado-a-asistente-de-producci%C3%B3n-y-gesti%C3%B3n-cultural-at-sgp-asociados-4455173014,Llamado a asistente de producción y gestión cultural,,scraped,2026-08-16T17:52:46.340269,
ecc576ca11bf17a8,https://uy.linkedin.com/jobs/view/enqu%C3%AAteur-pour-des-sondages-en-ligne-t%C3%A9l%C3%A9travail-h-f-studentjob-ch-at-jobster-4452942531,Enquêteur pour des sondages en ligne - télétravail H/F - Studentjob.ch,,scraped,2026-08-16T17:52:55.087951,
c362e258e30aa33a,https://uy.linkedin.com/jobs/view/vendor-sourcing-specialist-at-altisource-4454529819,Vendor Sourcing Specialist,,scraped,2026-08-17T17:53:44.504886,
e280c4d2fc4fd1bd,https://uy.linkedin.com/jobs/view/dietary-aide-full-time-at-pikes-peak-post-acute-4453616167,Dietary Aide- Full Time,Pikes Peak Post Acute,posted,2026-08-17T17:54:01.382923,2670
b963095de10985eb,https://uy.linkedin.com/jobs/view/especialista-en-google-ads-ppc-100%25-remoto-at-sem-consulting-bcn-4455297556,Especialista en Google Ads (PPC) - 100% remoto,,scraped,2026-08-17T17:54:42.139803,
686e05ca4e16f177,https://uy.linkedin.com/jobs/view/it-business-analyst-at-trafigura-4450195555,IT Business Analyst,,scraped,2026-08-17T17:54:50.528301,
c5b0532a660dd785,https://uy.linkedin.com/jobs/view/administrative-manager-at-manas-tech-4455249915,Administrative Manager,,scraped,2026-08-17T17:55:11.875531,
55376b68ff0a41c8,https://uy.linkedin.com/jobs/view/referente-de-administraci%C3%B3n-y-contabilidad-at-manpowergroup-uruguay-4452260780,Referente de administración y contabilidad,,scraped,2026-08-17T17:55:30.480373,
d9c6f1c596848b85,https://uy.linkedin.com/jobs/view/analista-funcional-ssr-at-experis-uruguay-4452261395,Analista Funcional SSR,,scraped,2026-08-17T17:55:41.573878,
2a05c3f8eb5bfd27,https://uy.linkedin.com/jobs/view/auxiliares-de-sal%C3%B3n-y-cajeros-para-guapa-canelones-at-unilam-4454848680,Auxiliares de Salón y Cajeros para Guapa Canelones,,scraped,2026-08-17T17:55:48.341564,
10c7cbfdf66e7cf7,https://uy.linkedin.com/jobs/view/encargado-a-de-recursos-humanos-at-entrust-servicios-profesionales-de-recursos-humanos-4452262775,Encargado/a de Recursos Humanos,,scraped,2026-08-17T17:56:03.558591,
6a34f9fe89af13ac,https://uy.linkedin.com/jobs/view/recepcionista-telefonista-rubro-automotriz-at-work-office-4455167054,Recepcionista / Telefonista  - Rubro Automotriz,,scraped,2026-08-17T17:56:23.226071,
97d8080f24e6e006,https://uy.linkedin.com/jobs/view/asistente-de-capital-humano-at-pwc-4453040108,Asistente de Capital Humano,PwC,posted,2026-08-17T17:56:40.025133,2672
2a0b35ce3db1b698,https://uy.linkedin.com/jobs/view/concierge-support-agent-tier-2-at-humankind-global-recruitment-4454284861,Concierge Support Agent - Tier 2,,scraped,2026-08-17T17:56:46.762000,
996d29a7f13bd6eb,https://uy.linkedin.com/jobs/view/analista-jr-de-gesti%C3%B3n-y-control-at-abitab-s-a-4452255608,Analista Jr. de Gestión y Control,Abitab S.A.,posted,2026-08-17T17:57:08.953989,2674
fba347911ffbc0d9,https://uy.linkedin.com/jobs/view/mec%C3%A1nico-industrial-at-corin-4426868511,Mecánico industrial,Corin,posted,2026-08-17T17:57:23.054259,2676
e7c5c383f113f49b,https://uy.linkedin.com/jobs/view/technical-product-support-specialist-i-at-sabre-4453901166,Technical Product Support Specialist I,Sabre,posted,2026-08-17T17:57:47.065739,2462
b566c6d1f67349e3,https://uy.linkedin.com/jobs/view/systems-controls-accountant-at-canonical-4434710746,Systems & Controls Accountant,,scraped,2026-08-17T17:57:51.663554,
08d82d6af94e8029,https://uy.linkedin.com/jobs/view/python-developer-investigaci%C3%B3n-y-desarrollo-trabajo-remoto-at-bairesdev-4454296330,Python Developer / Investigación y Desarrollo - Trabajo Remoto,BairesDev,posted,2026-08-17T17:58:14.924971,2678
c2f5371b9e4782a1,https://uy.linkedin.com/jobs/view/supervisor-limpieza-at-grupo-transamerican-4453628593,Supervisor - Limpieza,,scraped,2026-08-17T17:58:25.642960,
76d22f35dff10ea7,https://uy.linkedin.com/jobs/view/pe%C3%B3n-de-dep%C3%B3sito-%E2%80%93-zafral-at-work-office-4454836878,PEÓN DE DEPÓSITO – ZAFRAL,,scraped,2026-08-17T17:58:59.700685,
5654a89753f94793,https://uy.linkedin.com/jobs/view/senior-quality-engineer-at-lawnstarter-4450172279,Senior Quality Engineer,LawnStarter,posted,2026-08-17T17:59:34.765715,2680
180b755f564ed106,https://uy.linkedin.com/jobs/view/azure-integration-specialist-soluciones-de-integraci%C3%B3n-en-microsoft-azure-at-practia-uruguay-4454815243,Azure Integration Specialist: Soluciones de integración en Microsoft Azure,,scraped,2026-08-17T17:59:39.491277,
0d921a695aca90c3,https://uy.linkedin.com/jobs/view/adjunto-a-de-calidad-y-laboratorio-complejo-industrial-san-ram%C3%B3n-at-conaprole-4454850698,Adjunto/a de Calidad y Laboratorio  Complejo Industrial San Ramón,,scraped,2026-08-17T17:59:50.764290,
a6baa1ff2ebeed4c,https://uy.linkedin.com/jobs/view/remote-technical-product-engineer-at-scopic-4451213722,Remote Technical Product Engineer,Scopic,failed|wp_post_failed,2026-08-17T18:02:30.638327,
7acb10054d8d589b,https://uy.linkedin.com/jobs/view/analista-de-ti-at-entrust-servicios-profesionales-de-recursos-humanos-4449809354,Analista de TI,,scraped,2026-08-17T18:02:59.453544,
a4e53f0950bd511a,https://uy.linkedin.com/jobs/view/t%C3%A9cnico-mec%C3%A1nico-at-satellogic-4452737744,Técnico Mecánico,,scraped,2026-08-17T18:03:07.745768,
f057bef5394f9547,https://uy.linkedin.com/jobs/view/senior-devops-engineer-kubernetes-remote-latin-america-at-fullstack-4445248619,Senior DevOps Engineer (Kubernetes) - Remote - Latin America,FullStack,failed|wp_post_failed,2026-08-17T18:04:08.523483,
c10139e0e2e6ef1d,https://uy.linkedin.com/jobs/view/software-engineer-angular-%2B-seo-marketing-remote-latin-america-at-fullstack-4451940792,Software Engineer (Angular + SEO/Marketing) - Remote - Latin America,FullStack,failed|wp_post_failed,2026-08-17T18:04:48.831431,
b957f7dfcfa61883,https://uy.linkedin.com/jobs/view/jefe-de-operaciones-log%C3%ADsticas-at-costa-oriental-4452279291,Jefe de Operaciones Logísticas,,scraped,2026-08-17T18:05:39.595917,
4a078307bc2b44bc,https://uy.linkedin.com/jobs/view/asistente-de-proyectos-educativos-at-redemc-4452271018,Asistente de Proyectos Educativos,,scraped,2026-08-17T18:05:51.785812,
47d09c0a9ee6211d,https://uy.linkedin.com/jobs/view/senior-flask%2Breact-fullstack-developer-remote-latin-america-at-bluelight-4455210309,"Senior Flask+React Fullstack Developer - Remote, Latin America",Bluelight,failed|wp_post_failed,2026-08-17T18:06:30.485984,
76e346c13084d5fe,https://uy.linkedin.com/jobs/view/asistente-mantenimiento-at-altavista-lab-trend-4455167055,Asistente Mantenimiento,,scraped,2026-08-17T18:06:33.229021,
0368eae9b2f2e147,https://uy.linkedin.com/jobs/view/ejecutivo-a-comercial-at-ams-agenciamiento-y-soluciones-integrales-4455222811,Ejecutivo/a Comercial,,scraped,2026-08-17T18:06:41.203579,
4c59c05089789233,https://uy.linkedin.com/jobs/view/senior-flask%2Breact-fullstack-developer-remote-latin-america-at-bluelight-4455224276,"Senior Flask+React Fullstack Developer - Remote, Latin America",Bluelight,failed|wp_post_failed,2026-08-17T18:08:35.689031,
c8293f259ea55abe,https://uy.linkedin.com/jobs/view/custodial-lead-at-sbm-management-services-lp-4454442209,Custodial Lead,"SBM Management Services, LP",posted,2026-08-18T17:52:59.877605,2691
9e1a6dbe3758acdf,https://uy.linkedin.com/jobs/view/linkedin-lead-generation-specialist-at-scale-up-recruiting-partners-4454704309,LinkedIn Lead Generation Specialist,,scraped,2026-08-18T17:53:02.546117,
2fd5e8b90fe7b9fa,https://uy.linkedin.com/jobs/view/business-development-representative-latin-america-remote-position-at-bluelight-4455776240,"Business Development Representative, Latin America, Remote position",Bluelight,posted,2026-08-18T17:53:21.733090,2693
aeece6a5de55ef99,https://uy.linkedin.com/jobs/view/vidriero-de-limieza-final-de-obra-4452598307,Vidriero de limieza final de obra,Integra Uruguay,posted,2026-08-18T17:53:31.930494,2695
5822671adde6c841,https://uy.linkedin.com/jobs/view/especialista-en-redes-at-scanntech-uruguay-4455367749,Especialista en redes,,scraped,2026-08-18T17:53:40.611473,
5f7da71c0efa8ad5,https://uy.linkedin.com/jobs/view/ticketing-and-fulfillment-support-specialist-at-internova-travel-group-4452826589,Ticketing and Fulfillment Support Specialist,Internova Travel Group,posted,2026-08-18T17:53:55.359695,2697
7f31e9f4584def77,https://uy.linkedin.com/jobs/view/assistant-community-relations-at-first-quantum-minerals-4455348634,"Assistant, Community Relations",,scraped,2026-08-18T17:54:08.023942,
9160b83946055158,https://uy.linkedin.com/jobs/view/administrativo-reten-at-grupo-transamerican-4454835791,Administrativo reten,,scraped,2026-08-18T17:54:27.100107,
a5fdf9eb796d7627,https://uy.linkedin.com/jobs/view/%D0%BD%D0%B0%D1%87%D0%B8%D0%BD%D0%B0%D1%8E%D1%89%D0%B8%D0%B9-%D1%8E%D0%B2%D0%B5%D0%BB%D0%B8%D1%80-at-bronnitsy-jeweler-4452736855,Начинающий ювелир,,scraped,2026-08-18T17:54:38.171074,
22b42dfbccae6a8a,https://uy.linkedin.com/jobs/view/analista-de-cr%C3%A9ditos-at-starcenter-4452818521,Analista de créditos,,scraped,2026-08-18T17:55:14.530044,
f1fc32a1c0193ea1,https://uy.linkedin.com/jobs/view/ux-designer-at-plan-a-technologies-4454468217,UX Designer,Plan A Technologies,posted,2026-08-18T17:55:29.558195,2699
d8615c9581bf3054,https://uy.linkedin.com/jobs/view/auxiliar-de-calidad-y-asuntos-regulatorios-at-randstad-4452287620,Auxiliar de Calidad y Asuntos Regulatorios,,scraped,2026-08-18T17:55:32.198908,
7ae94bf1296e41fb,https://uy.linkedin.com/jobs/view/contador-a-at-lopez-cayaffa-4452517112,Contador/a,,scraped,2026-08-18T17:55:52.873789,
6b663d50c2863813,https://uy.linkedin.com/jobs/view/job-mit-sinn-dialoger-m-w-d-80-%E2%80%93-100%25-chf-210-tag-fix-%2B-bonus-studentjob-ch-at-jobster-4454734607,Job mit Sinn: Dialoger (m/w/d) (80 – 100%) CHF 210.-/Tag fix + Bonus - Studentjob.ch,,scraped,2026-08-18T17:56:01.591594,
058e609e37b9495d,https://uy.linkedin.com/jobs/view/coordinador-de-trade-marketing-at-eventuales-consultora-4452831400,Coordinador de Trade Marketing,,scraped,2026-08-18T17:56:19.391958,
f67c3c18fddbe5a1,https://uy.linkedin.com/jobs/view/arquitecto-a-at-friedman-4452269850,Arquitecto/a,,scraped,2026-08-18T17:56:48.534339,
7cbc07fd8c907b4b,https://uy.linkedin.com/jobs/view/custodian-at-sbm-management-services-lp-4454774822,Custodian,"SBM Management Services, LP",posted,2026-08-18T17:57:07.929118,2701
1dbee869231a675c,https://uy.linkedin.com/jobs/view/business-development-representative-latin-america-remote-position-at-bluelight-4455790100,"Business Development Representative, Latin America, Remote position",Bluelight,posted,2026-08-18T17:57:16.775871,2693
b9ef6453f4c3966b,https://uy.linkedin.com/jobs/view/analista-de-hiring-journey-trabajo-remoto-at-bairesdev-4454755847,Analista de Hiring Journey - Trabajo Remoto,BairesDev,posted,2026-08-18T17:57:23.509642,309
f2251fa05823e41d,https://uy.linkedin.com/jobs/view/financial-analyst-at-canonical-4434721410,Financial Analyst,,scraped,2026-08-18T17:57:32.142097,
00340a83e8b39620,https://uy.linkedin.com/jobs/view/metal-plater-line-operator-2nd-shift-at-pt-natural-indococonut-organik-4454373198,Metal Plater/Line Operator - 2nd Shift,PT. NATURAL INDOCOCONUT ORGANIK,posted,2026-08-18T17:58:04.927074,2703
6e066cdfb1e05a01,https://uy.linkedin.com/jobs/view/probador-de-software-qa-investigaci%C3%B3n-y-desarrollo-trabajo-remoto-at-bairesdev-4454777014,Probador de Software (QA) / Investigación y Desarrollo - Trabajo Remoto,BairesDev,posted,2026-08-18T17:58:13.712987,2705
a5a9fe0fb4eb3c0d,https://uy.linkedin.com/jobs/view/ai-red-team-swe-at-kreitech-4452816732,AI Red Team SWE,Kreitech,posted,2026-08-18T17:58:35.947161,2707
59b259eb84eca8be,https://uy.linkedin.com/jobs/view/ui-ux-designer-at-plan-a-technologies-4454473215,UI/UX Designer,Plan A Technologies,posted,2026-08-18T17:58:50.905395,2709
bb133ceecce479b9,https://uy.linkedin.com/jobs/view/asistente-t%C3%A9cnico-y-operativo-electr%C3%B3nica-at-lumiar-health-care-4452277730,Asistente Técnico y Operativo (Electrónica),,scraped,2026-08-18T17:58:59.564479,
4eb7b87f35f487e8,https://uy.linkedin.com/jobs/view/analista-de-helpdesk-at-talenter-4454443853,Analista de Helpdesk,,scraped,2026-08-18T17:59:12.326726,
76a1f9f4dbde716d,https://uy.linkedin.com/jobs/view/head-commercial-omnicanal-at-districomp-4452815548,Head Commercial Omnicanal,,scraped,2026-08-18T17:59:22.212453,
f925c20bbec1f047,https://uy.linkedin.com/jobs/view/ingeniero-a-de-protecci%C3%B3n-contra-incendio-at-csi-4455350823,Ingeniero/a de Protección Contra Incendio,,scraped,2026-08-18T17:59:29.494124,
faab64eac59abeb6,https://uy.linkedin.com/jobs/view/key-account-manager-hunter-b2b-at-manpowergroup-4452507030,Key Account Manager (Hunter B2B),ManpowerGroup,posted,2026-08-18T17:59:54.287077,2711
e70c5ec4af66d953,https://uy.linkedin.com/jobs/view/online-aufgaben-umfragen-flexible-m%C3%B6glichkeit-geld-online-zu-verdienen-studentjob-ch-at-jobster-4454724381,"Online Aufgaben & Umfragen - Flexible Möglichkeit, Geld online zu verdienen - Studentjob.ch",,scraped,2026-08-18T18:00:00.950587,
aed53ef762d5ba85,https://uy.linkedin.com/jobs/view/encargado-de-cr%C3%A9dito-y-cobranzas-at-entrust-servicios-profesionales-de-recursos-humanos-4452594971,Encargado de Crédito y Cobranzas,,scraped,2026-08-18T18:00:11.536022,
1da5fac27ab7a4bc,https://uy.linkedin.com/jobs/view/supervisor-de-desarrollo-%E2%80%94-sector-financiero-at-missionhires-4454776471,Supervisor de Desarrollo — (sector financiero),MissionHires,posted,2026-08-18T18:00:28.091237,2713
1f07f28b10ee0eaf,https://uy.linkedin.com/jobs/view/senior-aws-devops-engineer-at-specialized-bicycle-components-4436394049,Senior AWS DevOps Engineer,Specialized Bicycle Components,posted,2026-08-18T18:00:37.470805,2715
323ad089806f06a3,https://uy.linkedin.com/jobs/view/estudiante-de-contador-p%C3%BAblico-econom%C3%ADa-administraci%C3%B3n-o-equivalente-que-se-encuentre-cursando-segundo-a%C3%B1o-o-superior-de-la-carrera-ref-0826-15-at-corporaci%C3%B3n-nacional-para-el-desarrollo-4452804618,"Estudiante de Contador Público, Economía, Administración o equivalente, que se encuentre cursando segundo año o superior de la carrera. Ref.: 0826-15",,scraped,2026-08-18T18:00:41.257230,
ada913ecbef53b42,https://uy.linkedin.com/jobs/view/ingeniero-de-software-net-trabajo-remoto-at-bairesdev-4454270814,Ingeniero de Software .NET - Trabajo Remoto,BairesDev,posted,2026-08-18T18:00:50.655629,1952
ca14ea2819719d08,https://uy.linkedin.com/jobs/view/jefe-de-servicio-t%C3%A9cnico-at-luk-hr-4451254824,Jefe de servicio técnico,,scraped,2026-08-18T18:00:54.039119,
b8581a248fd9ae84,https://uy.linkedin.com/jobs/view/contador-p%C3%BAblico-con-experiencia-en-impuestos-at-kpmg-uruguay-4452631008,Contador Público con experiencia en Impuestos,KPMG Uruguay,posted,2026-08-18T18:01:09.402136,2717
3a1b07b787a0d8b1,https://uy.linkedin.com/jobs/view/regional-channel-sales-uruguay-paraguay-at-hikvision-latinoam%C3%A9rica-4452288640,Regional Channel Sales Uruguay-Paraguay,,scraped,2026-08-18T18:01:14.168785,
05bec25909cc9623,https://uy.linkedin.com/jobs/view/%D0%BC%D0%B5%D0%BD%D0%B5%D0%B4%D0%B6%D0%B5%D1%80-%D0%BF%D0%BE-%D0%BF%D1%80%D0%BE%D0%B4%D0%B0%D0%B6%D0%B0%D0%BC-%D0%B22%D0%B2-at-rim-mediagroup-4455709420,Менеджер по продажам В2В,,scraped,2026-08-18T18:01:24.921039,
a42bfc2db083523d,https://uy.linkedin.com/jobs/view/programador-full-stack-at-switch-software-4455333604,Programador Full Stack,,scraped,2026-08-18T18:01:33.050858,
27241a578cac1976,https://uy.linkedin.com/jobs/view/auxiliar-de-research-comercial-at-pilay-uruguay-4452523246,Auxiliar de Research Comercial,,scraped,2026-08-18T18:01:45.658340,
62851883540e0aac,https://uy.linkedin.com/jobs/view/estudiante-avanzado-o-ingeniero-jr-de-electr%C3%B3nica-o-telecomunicaciones-at-experis-uruguay-4452591447,Estudiante avanzado o Ingeniero jr de electrónica o telecomunicaciones.,,scraped,2026-08-18T18:01:54.706706,
67acca227005565f,https://uy.linkedin.com/jobs/view/estudiante-avanzado-contador-at-andersen-in-uruguay-4452284532,Estudiante avanzado Contador,Andersen in Uruguay,posted,2026-08-18T18:02:15.981248,2719
ceb9d5b98bf4334e,https://uy.linkedin.com/jobs/view/remote-customer-representative-at-terranova-hire-4453968675,Remote Customer Representative,Terranova Hire,posted,2026-08-18T18:02:27.243126,2721
78a7ead0eed11efe,https://uy.linkedin.com/jobs/view/sr-backend-developer-uruguay-at-eron-international-4454702173,Sr Backend Developer - Uruguay,ERON International,posted,2026-08-18T18:02:36.700886,2723
a363a083554c6f35,https://uy.linkedin.com/jobs/view/senior-frontend-engineer-at-plan-a-technologies-4454469144,Senior Frontend Engineer,Plan A Technologies,posted,2026-08-18T18:02:46.058577,2725
77e2c325b18256d4,https://uy.linkedin.com/jobs/view/consultor-de-ventas-at-forvis-mazars-in-uruguay-4452269861,Consultor de Ventas,,scraped,2026-08-18T18:02:48.654482,
185d2eabc58886d8,https://uy.linkedin.com/jobs/view/jefe-comercial-at-nexum-consulting-4452264938,Jefe Comercial,,scraped,2026-08-18T18:02:56.187063,
fd0702e002b19834,https://uy.linkedin.com/jobs/view/agentes-de-ventas-de-seguros-de-vida-montevideo-e-interior-del-pa%C3%ADs-para-mapfre-at-manpowergroup-4452247901,Agentes de ventas de seguros de vida (Montevideo e interior del país). Para Mapfre,ManpowerGroup,posted,2026-08-18T18:03:12.247029,2727
9ad407f1d1a1511f,https://uy.linkedin.com/jobs/view/vendedor-a-corporativo-a-con-experiencia-b2b-en-el-%C3%A1rea-de-tecnolog%C3%ADa-at-manpowergroup-uruguay-4452594302,Vendedor/a corporativo/a  (con experiencia B2B en el área de tecnología),,scraped,2026-08-18T18:03:16.890999,
06c52509d81128d8,https://uy.linkedin.com/jobs/view/sr-eng-software-app-eng-at-unisys-4444484646,Sr Eng Software App Eng,Unisys,posted,2026-08-18T18:03:28.998522,2729
b9c966972af4b0ed,https://uy.linkedin.com/jobs/view/ingeniero-civil-de-estructuras-4452218700,Ingeniero civil de estructuras,CCH Instalaciones SA,posted,2026-08-18T18:03:38.628475,2731
37e550072bd246a2,https://uy.linkedin.com/jobs/view/vendedora-dise%C3%B1o-y-decoraci%C3%B3n-at-divino-sa-4454435863,Vendedora | Diseño y Decoración,,scraped,2026-08-18T18:03:43.254398,
6c348cbf9eda74b8,https://uy.linkedin.com/jobs/view/contador-senior-outsourcing-at-andersen-in-uruguay-4451219926,Contador Senior  - Outsourcing,Andersen in Uruguay,posted,2026-08-18T18:04:01.040861,2733
ca47792e644eb306,https://uy.linkedin.com/jobs/view/supervisor-de-producci%C3%B3n-at-randstad-uruguay-4452263517,Supervisor de producción,,scraped,2026-08-18T18:04:07.683448,
2a6f0b4964a8efc1,https://uy.linkedin.com/jobs/view/estudiantes-de-it-con-experiencia-en-atenci%C3%B3n-al-p%C3%BAblico-at-sonda-4454552756,Estudiantes de IT con experiencia en atención al público,,scraped,2026-08-18T18:04:14.144750,
91bd326e7467d92f,https://uy.linkedin.com/jobs/view/responsable-de-contabilidad-y-reporting-at-entrust-servicios-profesionales-de-recursos-humanos-4452258907,Responsable de Contabilidad y Reporting,,scraped,2026-08-18T18:04:35.346030,
bef836b13b289459,https://uy.linkedin.com/jobs/view/r%C3%A9pondez-%C3%A0-des-enqu%C3%AAtes-de-chez-vous-pendant-votre-temps-libre-%21-studentjob-ch-at-jobster-4454759009,Répondez à des enquêtes de chez vous pendant votre temps libre ! - Studentjob.ch,,scraped,2026-08-18T18:04:45.938878,
b8ea30ecdde8df65,https://uy.linkedin.com/jobs/view/sinnvoller-job-als-dialoger-in-in-teamarbeit-%E2%80%93-einsatz-f%C3%BCr-menschenrechte-tiere-und-umwelt-studentjob-ch-at-jobster-4454724363,"Sinnvoller Job als Dialoger*in in Teamarbeit – Einsatz für Menschenrechte, Tiere und Umwelt - Studentjob.ch",,scraped,2026-08-18T18:05:01.808890,
7b39e4392ec0c3ac,https://uy.linkedin.com/jobs/view/top-verdienen-in-der-schweiz-200-%E2%82%AC-pro-tag-als-dialoger-in-m-w-d-studentjob-ch-at-jobster-4454719583,Top verdienen in der Schweiz: 200 € pro Tag als Dialoger*in (m/w/d) - Studentjob.ch,,scraped,2026-08-18T18:05:13.986013,
87f0032cacfdf4bd,https://uy.linkedin.com/jobs/view/von-zuhause-geld-verdienen%3F-es-war-nie-einfacher%21-homeoffice-studentjob-ch-at-jobster-4454705891,Von Zuhause Geld verdienen? Es war nie einfacher! Homeoffice - Studentjob.ch,,scraped,2026-08-18T18:05:30.109972,
d257bd8b3ed53b45,https://uy.linkedin.com/jobs/view/geld-verdienen-online-%E2%80%93-spiele-umfragen-cashback-flexibler-nebenjob-f%C3%BCr-studenten-studentjob-ch-at-jobster-4454725505,"Geld verdienen online – Spiele, Umfragen & Cashback | Flexibler Nebenjob für Studenten - Studentjob.ch",,scraped,2026-08-18T18:05:40.036639,
5b023dabdf3d31f2,https://uy.linkedin.com/jobs/view/t%C3%A9l%C3%A9travail-r%C3%A9pondez-%C3%A0-des-sondages-studentjob-ch-at-jobster-4454719820,Télétravail: Répondez à des sondages - Studentjob.ch,,scraped,2026-08-18T18:05:53.981815,
184df9407c353cbd,https://uy.linkedin.com/jobs/view/senior-backend-engineer-platform-distributed-systems-at-plan-a-technologies-4454485105,Senior Backend Engineer (Platform & Distributed Systems),Plan A Technologies,posted,2026-08-18T18:06:13.692932,2022
b7ee1b57644f8c2c,https://uy.linkedin.com/jobs/view/verdiene-geld-von-zuhause-aus-nebenjob-im-home-office-mit-umfragen-studentjob-ch-at-jobster-4454724919,Verdiene Geld von Zuhause aus: Nebenjob im Home Office mit Umfragen - Studentjob.ch,Jobster,posted,2026-08-18T18:06:33.964102,2735
f9c822bfb97b334f,https://uy.linkedin.com/jobs/view/minijob-nebenjob-ferienjob-remote-teilnehmer-f%C3%BCr-bezahlte-studien-gesucht%21-studentjob-ch-at-jobster-4454712889,Minijob / Nebenjob / Ferienjob / Remote: Teilnehmer für bezahlte Studien gesucht! - Studentjob.ch,Jobster,posted,2026-08-18T18:07:12.428253,2737
c24d82c099592995,https://uy.linkedin.com/jobs/view/homeoffice-mit-online-umfragen-geld-verdienen-von-%C3%BCberall%21-studentjob-ch-at-jobster-4454720362,Homeoffice: Mit online-Umfragen Geld verdienen von überall! - Studentjob.ch,,scraped,2026-08-18T18:07:15.230785,
288413e73ebde0a8,https://uy.linkedin.com/jobs/view/panelteilnehmer-in-%E2%80%93-askgfk-schweiz-studentjob-ch-at-jobster-4454712738,Panelteilnehmer:in – askGfK Schweiz - Studentjob.ch,,scraped,2026-08-18T18:07:24.718505,
8ef0b0948d2e12cf,https://uy.linkedin.com/jobs/view/home-office-ihre-meinung-ist-wertvoll-%E2%80%93-lassen-sie-sich-daf%C3%BCr-belohnen%21-studentjob-ch-at-jobster-4454724465,Home Office: Ihre Meinung ist wertvoll – lassen Sie sich dafür belohnen! - Studentjob.ch,,scraped,2026-08-18T18:07:35.327964,
8bc4cd136919d40a,https://uy.linkedin.com/jobs/view/staffing-fronters-consultant-remote-work-at-bairesdev-4455416168,Staffing Fronters Consultant - Remote Work,BairesDev,posted,2026-08-19T17:49:33.976131,445
c16355a6752ec77b,https://uy.linkedin.com/jobs/view/case-manager-in-personal-injury-at-nava-solution-4455422239,Case Manager in Personal Injury,NAVA Solution,posted,2026-08-19T17:49:52.623884,2739
b6994e0d2276e947,https://uy.linkedin.com/jobs/view/railways-specialist-at-ntu-international-a-s-4456319157,Railways Specialist,,scraped,2026-08-19T17:49:59.336838,
844f863606da828b,https://uy.linkedin.com/jobs/view/representante-de-sucursal-maldonado-at-afap-ita%C3%BA-4453442708,Representante de Sucursal Maldonado,,scraped,2026-08-19T17:50:14.783395,
2a9cd0c22faca42b,https://uy.linkedin.com/jobs/view/copy-editor-at-wpp-production-4456107751,Copy Editor,WPP Production,posted,2026-08-19T17:50:26.478388,1652
2cd2d18ba465e728,https://uy.linkedin.com/jobs/view/agente-inmobiliario-at-remax-vista-4453444324,Agente inmobiliario,,scraped,2026-08-19T17:50:37.124932,
ae07204a763e78f6,https://uy.linkedin.com/jobs/view/shopify-developer-mid-senior-latam-based-at-seta-workshop-4452290453,"Shopify Developer (Mid-senior, LATAM based)",,scraped,2026-08-19T17:50:47.070677,
db5b78192fb9151e,https://uy.linkedin.com/jobs/view/front-desk-receptionist-at-hyatt-centric-montevideo-4453458905,Front Desk Receptionist,Hyatt Centric Montevideo,posted,2026-08-19T17:51:03.937795,2741
2706cc4bc3fcf3c7,https://uy.linkedin.com/jobs/view/data-engineering-manager-at-blend-4456350061,Data Engineering Manager,Blend,posted,2026-08-19T17:51:12.966000,2743
73c6e0493fbb2d20,https://uy.linkedin.com/jobs/view/laboratorista-t%C3%A9cnico-ciudad-de-la-costa-at-aym-santa-lucia-4453704892,Laboratorista Técnico Ciudad de la Costa,AyM Santa Lucia,posted,2026-08-19T17:51:37.535576,2745
2c1407eb6f52f68a,https://uy.linkedin.com/jobs/view/auxiliares-de-tienda-y-cajeros-para-rocha-at-unilam-4452852048,Auxiliares de tienda y cajeros para Rocha,,scraped,2026-08-19T17:51:45.982849,
a5d2ec2ee612bf26,https://uy.linkedin.com/jobs/view/administrative-assistant-at-myremoteteam-inc-4456144526,Administrative Assistant,MyRemoteTeam Inc,posted,2026-08-19T17:51:55.493806,1416
e0d4a3baef5dad7d,https://uy.linkedin.com/jobs/view/supervisor-at-grupo-onesta-4453445108,Supervisor,,scraped,2026-08-19T17:52:02.193277,
45a8f44be786b36d,https://uy.linkedin.com/jobs/view/auxiliar-balanza-at-san-miguel-global-4453450877,Auxiliar Balanza,,scraped,2026-08-19T17:52:10.861833,
09a7bd7ab6d3dc1b,https://uy.linkedin.com/jobs/view/coordinador-log%C3%ADstico-jr-at-zonamerica-4420721833,Coordinador Logístico Jr.,,scraped,2026-08-19T17:52:27.535899,
a821ea44d5c47fc2,https://uy.linkedin.com/jobs/view/asistente-para-el-%C3%A1rea-de-impuestos-h%C3%ADbrido-at-ey-4454788291,Asistente para el área de Impuestos (híbrido),EY,posted,2026-08-19T17:52:46.655235,2747
89ed1dbb0920106b,https://uy.linkedin.com/jobs/view/analista-de-inteligencia-comercial-empresas-at-scotiabank-uruguay-4455439389,Analista de Inteligencia Comercial - Empresas,,scraped,2026-08-19T17:52:49.296965,
543771d5fa52e935,https://uy.linkedin.com/jobs/view/director-superior-de-garant%C3%ADa-de-calidad-at-pwc-4456347425,Director superior de garantía de calidad,PwC,posted,2026-08-19T17:53:11.496734,2749
91b107d01f95822c,https://uy.linkedin.com/jobs/view/vendedor-a-viajante-zona-este-del-pa%C3%ADs-at-manpowergroup-4452860105,Vendedor/a Viajante (Zona Este del País),ManpowerGroup,posted,2026-08-19T17:53:24.663741,2751
25f921fd19a14323,https://uy.linkedin.com/jobs/view/devops-trabajo-remoto-at-bairesdev-4454973896,DevOps - Trabajo Remoto,BairesDev,posted,2026-08-19T17:53:35.597554,1640
7a530690c1f4826b,https://uy.linkedin.com/jobs/view/recruiting-analyst-remote-work-at-bairesdev-4455411301,Recruiting Analyst - Remote Work,BairesDev,posted,2026-08-19T17:53:40.571444,2130
be05d78d4935fe94,https://uy.linkedin.com/jobs/view/analista-de-ciberseguridad-trabajo-remoto-at-bairesdev-4454422130,Analista de Ciberseguridad - Trabajo Remoto,BairesDev,posted,2026-08-19T17:53:51.586919,2753
895d0df2b629da1a,https://uy.linkedin.com/jobs/view/spark-data-engineer-remote-work-ref%23301554-at-bairesdev-4455967576,Spark Data Engineer - Remote work | REF#301554,BairesDev,posted,2026-08-19T17:54:02.711699,2755
b30f0951c08b5a39,https://uy.linkedin.com/jobs/view/cloud-sysops-engineer-at-scanntech-uruguay-4455757996,Cloud Sysops Engineer,,scraped,2026-08-19T17:54:09.436984,
4bb539141ae75dbc,https://uy.linkedin.com/jobs/view/full-stack-developer-elixir-phoenix-%2B-ruby-on-rails-remote-latin-america-at-fullstack-4455966451,Full Stack Developer (Elixir/Phoenix + Ruby on Rails) - Remote - Latin America,FullStack,posted,2026-08-19T17:54:24.466162,2757
6dd3fd46dda78b52,https://uy.linkedin.com/jobs/view/manual-qa-i-%2B-d-trabajo-remoto-at-bairesdev-4454293021,Manual QA / I + D - Trabajo Remoto,BairesDev,posted,2026-08-19T17:54:31.505401,1470
d7dca5e479efabe5,https://uy.linkedin.com/jobs/view/corporate-travel-and-mobility-agent-remote-work-at-bairesdev-4454738252,Corporate Travel and Mobility Agent - Remote Work,BairesDev,posted,2026-08-19T17:54:37.008814,579
667e58a342c62eb8,https://uy.linkedin.com/jobs/view/sr-data-ops-engineer-at-coderio-4455923504,Sr Data Ops Engineer,Coderio | Software Company,posted,2026-08-19T17:54:57.063565,2759
f6237c9fed145d00,https://uy.linkedin.com/jobs/view/fullstack-java-%2B-react-technical-leader-trabajo-remoto-at-bairesdev-4454793292,FullStack Java + React Technical Leader - Trabajo Remoto,BairesDev,posted,2026-08-19T17:55:02.213987,439
329524a17255867f,https://uy.linkedin.com/jobs/view/deep-learning-engineer-remote-work-ref%23300935-at-bairesdev-4455987229,Deep Learning Engineer - Remote Work | REF#300935,BairesDev,posted,2026-08-19T17:55:11.826640,2761
28dd417b2c0230d9,https://uy.linkedin.com/jobs/view/hr-business-partner-at-blend-4455796033,HR Business Partner,Blend,posted,2026-08-19T17:55:21.001561,2763
982055dc4444fea1,https://uy.linkedin.com/jobs/view/l%C3%ADder-t%C3%A9cnico-senior-devops-trabajo-remoto-at-bairesdev-4454910929,Líder Técnico Senior DevOps - Trabajo Remoto,BairesDev,posted,2026-08-19T17:55:41.847276,2765
ab847de8868522b5,https://uy.linkedin.com/jobs/view/hellotext-ruby-on-rails-frontend-and-backend-wizard-at-online-jobs-philippines-work-at-home-4451738752,HELLOTEXT: RUBY ON RAILS FRONTEND AND BACKEND WIZARD,Online Jobs Philippines - Work at Home,posted,2026-08-19T17:55:56.506315,2767
873d53c9a34b7873,https://uy.linkedin.com/jobs/view/solutions-specialist-legal-sales-specialist-latin-america-only-at-sussman-law-firm-pllc-4456173121,Solutions Specialist (Legal Sales Specialist) - Latin America Only,"Sussman Law Firm, PLLC",posted,2026-08-19T17:56:01.743374,2596
aa96e8c7635e17cc,https://uy.linkedin.com/jobs/view/asistente-pedag%C3%B3gico-a-at-ceibal-4456192850,Asistente pedagógico/a,Ceibal,posted,2026-08-19T17:56:20.579664,2769
4adcd57ff7532e65,https://uy.linkedin.com/jobs/view/agente-inmobiliario-4452829405,Agente inmobiliario,JS inmobiliaria,posted,2026-08-19T17:56:32.748106,213
7416b7fe9ab17a95,https://uy.linkedin.com/jobs/view/vendedor-a-de-productos-financieros-y-servicios-para-punta-shopping-at-cash-4455973862,Vendedor/a de Productos Financieros y Servicios para Punta Shopping,CASH,posted,2026-08-19T17:56:43.294194,1958
f6e5561f3f03b863,https://uy.linkedin.com/jobs/view/senior-product-design-engineer-at-duckduckgo-4455438017,Senior Product Design Engineer,DuckDuckGo,posted,2026-08-19T17:56:53.673973,2771
107239bc7fdb6d9d,https://uy.linkedin.com/jobs/view/contador-semi-senior-at-infocasas-4452802622,Contador Semi Senior,,scraped,2026-08-19T17:57:06.420049,
05a09ee190e7e29c,https://uy.linkedin.com/jobs/view/sales-representative-spanish-speaker-at-eteacher-group-4454276635,Sales Representative- Spanish Speaker,,scraped,2026-08-19T17:57:15.864800,
9f4cf7dee9c78d12,https://uy.linkedin.com/jobs/view/jefe-de-obra-4451272133,Jefe de obra,TAP CONSTRUCCIONES,posted,2026-08-19T17:57:24.235462,1606
870195bb8d6a2227,https://uy.linkedin.com/jobs/view/auxiliar-administrativo-a-contable-zona-col%C3%B3n-at-manpowergroup-uruguay-4453457955,Auxiliar Administrativo/a Contable / Zona Colón,,scraped,2026-08-19T17:57:26.872614,
022c071b317a7fad,https://uy.linkedin.com/jobs/view/tecn%C3%B3logo-a-industrial-mec%C3%A1nico-a-%E2%80%93-fr%C3%ADo-comercial-maldonado-at-el-dorado-4456115395,Tecnólogo/a Industrial Mecánico/a – (Frío Comercial)- Maldonado,,scraped,2026-08-19T17:57:39.748719,
54bab7506b44e222,https://uy.linkedin.com/jobs/view/user-experience-designer-at-virtustant-4452868332,User Experience Designer,Virtustant,posted,2026-08-19T17:57:56.261339,2773
529a91299669fd0f,https://uy.linkedin.com/jobs/view/responsable-de-marketing-e-commerce-at-luk-hr-4452267506,Responsable de Marketing & E-commerce,,scraped,2026-08-19T17:57:59.033678,
c81b4d7decaaa97a,https://uy.linkedin.com/jobs/view/contador-con-experiencia-para-impuestos-h%C3%ADbrido-at-ey-4454904126,Contador con experiencia para Impuestos (Híbrido),EY,posted,2026-08-19T17:58:18.335535,2775
2896792ec3ee0c0c,https://uy.linkedin.com/jobs/view/t%C3%A9cnico-electromec%C3%A1nico-at-paleson-4452850257,Técnico electromecánico,,scraped,2026-08-19T17:58:24.989315,
458500eb640430cd,https://uy.linkedin.com/jobs/view/auxiliar-de-ventas-jack-jones-punta-carretas-shopping-at-jack-jones-4455952184,Auxiliar de Ventas - Jack & Jones Punta Carretas Shopping,,scraped,2026-08-19T17:58:35.956759,
192d2308111aff10,https://uy.linkedin.com/jobs/view/analista-de-datos-y-procesos-para-riesgos-individuos-at-bbva-en-uruguay-4455355140,Analista de Datos y Procesos para Riesgos Individuos,BBVA en Uruguay,posted,2026-08-19T17:58:54.336541,2777
9e217cce66d95b1e,https://uy.linkedin.com/jobs/view/especialista-l%C3%ADder-en-tecnolog%C3%ADa-de-la-informaci%C3%B3n-at-experis-uruguay-4453476166,Especialista Líder en Tecnología de la Información,,scraped,2026-08-19T17:59:01.096827,
370136f56985913b,https://uy.linkedin.com/jobs/view/asistente-de-cuentas-marketing-digital-an%C3%A1lisis-de-datos-at-el-pa%C3%ADs-uruguay-4452853020,Asistente de Cuentas | Marketing Digital & Análisis de Datos,El País Uruguay,posted,2026-08-19T17:59:20.549391,2779
cd1ea60f6dc2db4d,https://uy.linkedin.com/jobs/view/analista-de-marketing-at-csi-4456346166,Analista de Marketing,,scraped,2026-08-19T17:59:23.210284,
2e169288d06a4a91,https://uy.linkedin.com/jobs/view/head-de-marketing-y-business-strategy-filial-uruguay-adium-at-page-executive-4455982852,Head de Marketing y Business Strategy - Filial Uruguay Adium-,,scraped,2026-08-19T17:59:33.914543,
4f8b3514a3f617da,https://uy.linkedin.com/jobs/view/dietary-aide-part-time-at-pikes-peak-post-acute-4454846261,Dietary Aide- Part Time,Pikes Peak Post Acute,posted,2026-08-19T17:59:47.311237,2781
7c1298706070f078,https://uy.linkedin.com/jobs/view/accounting-intern-at-l-or%C3%A9al-4452775020,Accounting Intern,,scraped,2026-08-19T17:59:50.034494,
3f8cd363dce241b9,https://uy.linkedin.com/jobs/view/recreador-a-fiestas-infantiles-at-gomibaya-4454906112,Recreador/a Fiestas infantiles,,scraped,2026-08-19T17:59:56.819334,
624dd7d475dbe49f,https://uy.linkedin.com/jobs/view/administrativo-para-corredor-de-seguros-at-work-office-4453627576,Administrativo para Corredor de Seguros,,scraped,2026-08-19T18:00:03.024955,
f90041981c477b76,https://uy.linkedin.com/jobs/view/ejecutivo-a-pyme-para-sucursal-colonia-contrato-a-t%C3%A9rmino-por-6-meses-at-bbva-en-uruguay-4454581087,Ejecutivo/a Pyme para Sucursal Colonia (contrato a término por 6 meses),BBVA en Uruguay,posted,2026-08-19T18:00:46.902779,2783
d82ae113c84c4ae6,https://uy.linkedin.com/jobs/view/marketing-assistant-latin-america-only-at-sussman-law-firm-pllc-4455937981,Marketing Assistant (Latin America only),"Sussman Law Firm, PLLC",posted,2026-08-19T18:00:51.962548,2550
d42d36f04e026cd5,https://uy.linkedin.com/jobs/view/sr-software-engineer-backend-at-mercado-libre-4452813882,Sr Software Engineer Backend,,scraped,2026-08-19T18:00:54.654763,
60470259ed16b99f,https://uy.linkedin.com/jobs/view/erp-senior-principal-consultant-netsuite-at-oracle-4452827475,ERP Senior Principal Consultant - NetSuite,Oracle,posted,2026-08-19T18:01:10.406849,2785
a143daa13756b04d,https://uy.linkedin.com/jobs/view/auxiliar-contable-at-credifama-4451271227,Auxiliar contable,,scraped,2026-08-19T18:01:15.091801,
642560545deeb1b8,https://uy.linkedin.com/jobs/view/ejecutivo-a-comercial-senior-sudam%C3%A9rica-at-pok-proof-of-knowledge-4452280894,Ejecutivo/a Comercial Senior - Sudamérica,,scraped,2026-08-19T18:01:23.878699,
e186dc6978dedbac,https://uy.linkedin.com/jobs/view/asesor-comercial-en-mercedes-4453446889,ASESOR COMERCIAL En Mercedes,Confidencial,posted,2026-08-19T18:01:36.718758,2787
cb4d2db313bbbccc,https://uy.linkedin.com/jobs/view/ingeniero-electricista-udelar-4452298151,Ingeniero electricista UDELAR,CCH Instalaciones SA,posted,2026-08-19T18:01:44.928873,2789
43c0c5f6bf5442b9,https://uy.linkedin.com/jobs/view/asesor-a-t%C3%A9cnico-comercial-at-darkolighting-4453438647,ASESOR/A TÉCNICO-COMERCIAL,Darko Lighting,posted,2026-08-19T18:01:54.443333,2791
8587b10f7ea790c1,https://uy.linkedin.com/jobs/view/mid-level-software-engineer-at-pensionbee-us-4455402361,Mid Level Software Engineer,PensionBee US,posted,2026-08-19T18:02:09.392975,2793
e606b852b1be49ea,https://uy.linkedin.com/jobs/view/ai-engineer-at-kinamic-4452594283,AI Engineer,,scraped,2026-08-19T18:02:14.088912,
0ca67f4f5148d11f,https://uy.linkedin.com/jobs/view/senior-java-software-engineer-at-monnet-payments-4456335304,Senior Java Software Engineer,,scraped,2026-08-19T18:02:23.589118,
d32dc0680ab0f69d,https://uy.linkedin.com/jobs/view/analista-funcional-bantotal-en-chile-4455390042,Analista Funcional Bantotal en Chile,Confidencial.,posted,2026-08-19T18:02:35.771876,2795
5b5100403bbbf771,https://uy.linkedin.com/jobs/view/senior-business-intelligence-analyst-remote-work-ref%23301625-at-bairesdev-4455978374,Senior Business Intelligence Analyst - Remote Work | REF#301625,BairesDev,posted,2026-08-19T18:02:48.986812,2797
36658c35ed13ce5f,https://uy.linkedin.com/jobs/view/software-engineer-storage-remote-work-ref%23301122-at-bairesdev-4455984291,Software Engineer (Storage) - Remote work | REF#301122,BairesDev,posted,2026-08-19T18:02:57.933407,2799
a176d34376f370af,https://uy.linkedin.com/jobs/view/sr-ia-engineer-at-coderio-4455795671,Sr IA Engineer,Coderio | Software Company,posted,2026-08-19T18:03:09.723253,2801
17c011bbc07fe542,https://uy.linkedin.com/jobs/view/senior-cloud-security-engineer-remote-work-ref%23301062-at-bairesdev-4455984288,Senior Cloud Security Engineer - Remote Work | REF#301062,BairesDev,posted,2026-08-19T18:03:19.156893,2803
6d892c20fcfc8d9e,https://uy.linkedin.com/jobs/view/heimarbeit-homeoffice-mit-online-umfragen-geld-verdienen-von-%C3%BCberall%21-studentjob-ch-at-jobster-4454724709,Heimarbeit / Homeoffice: Mit online-Umfragen Geld verdienen von überall! - Studentjob.ch,,scraped,2026-08-19T18:03:31.803952,
dd2417a941b1b43d,https://uy.linkedin.com/jobs/view/senior-software-engineer-insurance-remote-work-ref%23301272-at-bairesdev-4455977360,Senior Software Engineer (Insurance) - Remote Work | REF#301272,BairesDev,posted,2026-08-19T18:03:57.078366,2805
5174477ed9b77a64,https://uy.linkedin.com/jobs/view/verdiene-geld-mit-deinen-meinungen-%E2%80%93-flexibler-nebenjob-f%C3%BCr-studenten%21-studentjob-ch-at-jobster-4454731616,Verdiene Geld mit deinen Meinungen – Flexibler Nebenjob für Studenten! - Studentjob.ch,Jobster,posted,2026-08-19T18:04:29.083102,2807
47d657c46aecc399,https://uy.linkedin.com/jobs/view/senior-net-core-sql-engineer-remote-work-ref%23301499-at-bairesdev-4455970454,Senior .NET Core & SQL Engineer - Remote Work | REF#301499,BairesDev,posted,2026-08-19T18:04:39.890441,2809
a1bbdc092646ca8a,https://uy.linkedin.com/jobs/view/einfach-mit-umfragen-geld-verdienen-mit-toluna-studentjob-ch-at-jobster-4454723543,"Einfach mit Umfragen Geld verdienen, mit Toluna - Studentjob.ch",Jobster,posted,2026-08-19T18:05:06.912068,2138
991a6fc33f0ee578,https://uy.linkedin.com/jobs/view/nebenjob-%E2%80%93-home-office-mit-umfragen-geld-verdienen%21-einfach-von-zuhause-oder-unterwegs-studentjob-ch-at-jobster-4454737235,Nebenjob – Home Office: Mit Umfragen Geld verdienen! Einfach von zuhause oder unterwegs - Studentjob.ch,Jobster,posted,2026-08-19T18:05:55.475466,2811
375dd5f51f7cae61,https://uy.linkedin.com/jobs/view/online-umfragen-im-home-office-bearbeiten-f%C3%BCr-geld-studentjob-ch-at-jobster-4454757124,Online-Umfragen im Home-Office bearbeiten für Geld - Studentjob.ch,Jobster,posted,2026-08-19T18:06:43.142470,2813
96356b742597e7bf,https://uy.linkedin.com/jobs/view/sagen-sie-es%21-teilen-sie-ihre-erkenntnisse-mit%21-umfragen-durchf%C3%BChren-und-geld-verdienen%21-m-w-d-studentjob-ch-at-jobster-4454726132,Sagen Sie es! Teilen Sie Ihre Erkenntnisse mit! Umfragen durchführen und Geld verdienen! (m/w/d) - Studentjob.ch,Jobster,posted,2026-08-19T18:07:31.478044,2815
ecd27ae9f428c9ea,https://uy.linkedin.com/jobs/view/junior-transfer-pricing-at-pwc-uruguay-4456357560,Junior - Transfer Pricing,PwC Uruguay,posted,2026-08-19T18:07:42.216216,801
20d63c5d29a2ea1b,https://uy.linkedin.com/jobs/view/trade-marketing-perfect-store-leader-uy-py-at-pepsico-4453466372,Trade Marketing & Perfect Store Leader UY&PY,PepsiCo,posted,2026-08-19T18:07:51.559391,2817
0d93a10ab3978b76,https://uy.linkedin.com/jobs/view/t%C3%A9cnico-%C3%B3ptico-at-satellogic-4456351639,Técnico óptico,,scraped,2026-08-19T18:07:54.181691,
805b90cd8638cb58,https://uy.linkedin.com/jobs/view/estudiante-contador-primera-experiencia-at-andersen-in-uruguay-4453472412,Estudiante Contador - Primera Experiencia,Andersen in Uruguay,posted,2026-08-19T18:08:11.518440,2819
64500825b82ca853,https://uy.linkedin.com/jobs/view/t%C3%A9cnico-electr%C3%B3nico-at-satellogic-4456347616,Técnico electrónico,,scraped,2026-08-19T18:08:14.192165,
74eab3e3438de54e,https://uy.linkedin.com/jobs/view/ejecutivo-de-ventas-empresas-at-claro-uruguay-4455435533,Ejecutivo de Ventas Empresas,,scraped,2026-08-19T18:08:21.735523,
7c8cd2048932be9e,https://uy.linkedin.com/jobs/view/mobile-developer-fullstack-at-alabama-solutions-4453460453,Mobile Developer (Fullstack),,scraped,2026-08-19T18:08:28.727443,
44fd6b87423c9cd2,https://uy.linkedin.com/jobs/view/desarrollador-senior-react-%2B-typescript-trabajo-remoto-at-bairesdev-4455435552,Desarrollador Senior React + TypeScript  - Trabajo Remoto,BairesDev,posted,2026-08-19T18:08:37.509361,273
8383da3211bfea9e,https://uy.linkedin.com/jobs/view/in-room-dining-server-bottleworks-hotel-at-geronimo-hospitality-group-4455941964,In Room Dining Server- Bottleworks Hotel,Geronimo Hospitality Group,posted,2026-08-19T18:08:46.894601,2821
f662f3071701a403,https://uy.linkedin.com/jobs/view/talent-quality-auditor-remote-work-at-bairesdev-4455423175,Talent Quality Auditor - Remote Work,BairesDev,posted,2026-08-20T17:55:41.996538,1488
7830dd11cd410426,https://uy.linkedin.com/jobs/view/arquitecto-at-taranto-desarrollo-inmobiliario-4456371111,Arquitecto,,scraped,2026-08-20T17:55:48.618363,
49eb7288d589e3af,https://uy.linkedin.com/jobs/view/account-executive-smb-latam-south-cone-at-deel-4453883435,"Account Executive, SMB | LATAM (South Cone)",Deel,posted,2026-08-20T17:56:01.376176,2442
46ca0c42e2f9651b,https://uy.linkedin.com/jobs/view/ejecutivo-comercial-b2b-%E2%80%93-pr%C3%A9stamos-pym-at-paigo-4453484655,Ejecutivo Comercial B2B – Préstamos Pym,,scraped,2026-08-20T17:56:04.032458,
df636b8424079868,https://uy.linkedin.com/jobs/view/ai-red-team-sw-engineer-at-kreitech-4454103732,AI Red Team SW Engineer,Kreitech,posted,2026-08-20T17:56:18.842919,2823
fbccc2a40f590ed1,https://uy.linkedin.com/jobs/view/data-engineer-at-perform-4455455324,Data Engineer,Perform,posted,2026-08-20T17:56:23.736139,41
3cd59298e27e84b3,https://uy.linkedin.com/jobs/view/business-development-representative-latin-america-remote-position-at-bluelight-4455776257,"Business Development Representative, Latin America, Remote position",Bluelight,posted,2026-08-20T17:56:28.650590,2693
e386236925a93b2c,https://uy.linkedin.com/jobs/view/service-desk-analyst-at-tata-consultancy-services-4456365884,Service Desk Analyst,Tata Consultancy Services,posted,2026-08-20T17:56:47.541698,2825
a462602e6166e4ca,https://uy.linkedin.com/jobs/view/data-engineer-manager-at-blend-4456357348,Data Engineer Manager,Blend,posted,2026-08-20T17:56:57.388153,2827
7a7b01173bcbb428,https://uy.linkedin.com/jobs/view/product-owner-product-manager-%E2%80%93-banca-y-fintech-at-domus-global-4454420480,Product Owner / Product Manager – Banca y Fintech,,scraped,2026-08-20T17:57:00.107050,
2f1965d4e554362a,https://uy.linkedin.com/jobs/view/%D0%B1%D1%83%D1%85%D0%B3%D0%B0%D0%BB%D1%82%D0%B5%D1%80-%D1%8D%D0%BA%D0%BE%D0%BD%D0%BE%D0%BC%D0%B8%D1%81%D1%82-at-teplovodokhran-ltd-4456465528,Бухгалтер-экономист,Teplovodokhran Ltd,posted,2026-08-20T17:58:05.816625,2829
063c33da2a17d72a,https://uy.linkedin.com/jobs/view/jefe-de-mantenimiento-at-cibeles-4454100383,Jefe de mantenimiento,,scraped,2026-08-20T17:58:08.393314,
ada06162f083aecf,https://uy.linkedin.com/jobs/view/manager-sales-development-mid-market-latam-at-deel-4453892308,"Manager, Sales Development, Mid-Market | LATAM",Deel,posted,2026-08-20T17:58:24.240546,2831
8ecec689fcd62e3f,https://uy.linkedin.com/jobs/view/jefe-de-mantenimiento-at-del-este-rh-4452288380,Jefe de mantenimiento,Del Este RH,posted,2026-08-20T17:58:36.103931,2833
718d6bde1b133131,https://uy.linkedin.com/jobs/view/auxiliar-de-ventas-maldonado-at-el-dorado-4454449301,Auxiliar de Ventas - Maldonado,,scraped,2026-08-20T17:58:38.642012,
54d7afe7e67f9573,https://uy.linkedin.com/jobs/view/hr-manager-at-globe-24-7-4455756946,HR Manager,,scraped,2026-08-20T17:58:45.839640,
42f841a52b316dec,https://uy.linkedin.com/jobs/view/senior-revenue-operations-manager-at-spreedly-4455311521,Senior Revenue Operations Manager,Spreedly,posted,2026-08-20T17:59:00.161701,2835
3c75cbf82fccbdfb,https://uy.linkedin.com/jobs/view/auxiliar-de-suministros-at-rentokil-initial-4456775064,Auxiliar de Suministros,,scraped,2026-08-20T17:59:02.721186,
7db8b918709bcd4a,https://uy.linkedin.com/jobs/view/auxiliar-de-ventas-montevideo-y-ciudad-de-la-costa-at-tienda-inglesa-4456440559,Auxiliar de Ventas - Montevideo y Ciudad de la Costa,Tienda Inglesa,posted,2026-08-20T17:59:24.608382,2837
b018801c44c5d251,https://uy.linkedin.com/jobs/view/t%C3%A9cnico-mantenimiento-at-alsea-sudam%C3%A9rica-4453469278,Técnico Mantenimiento,Alsea Sudamérica,posted,2026-08-20T17:59:44.203637,2839
fad6fd2d5e867b51,https://uy.linkedin.com/jobs/view/job-mit-sinn-dialoger-m-w-d-80-%E2%80%93-100%25-chf-210-tag-fix-%2B-bonus-studentjob-ch-at-jobster-4455651553,Job mit Sinn: Dialoger (m/w/d) (80 – 100%) CHF 210.-/Tag fix + Bonus - Studentjob.ch,,scraped,2026-08-20T17:59:50.838641,
d7f0f523a08f15b2,https://uy.linkedin.com/jobs/view/administrativo-contable-at-auren-uruguay-4456706994,Administrativo contable,,scraped,2026-08-20T18:00:10.895434,
91fa3a2aab39b42c,https://uy.linkedin.com/jobs/view/buying-assistant-at-wpp-media-4453473698,Buying Assistant,WPP Media,posted,2026-08-20T18:00:28.314933,2841
f8bbfce579c1edfa,https://uy.linkedin.com/jobs/view/auxiliar-contable-4454742912,Auxiliar contable,Estudio Contable VDC,posted,2026-08-20T18:00:32.635002,59
8822cc08524e4c24,https://uy.linkedin.com/jobs/view/agente-inmobiliario-independiente-con-experiencia-comercial-at-keller-williams-uruguay-4446764882,Agente inmobiliario independiente con experiencia comercial,,scraped,2026-08-20T18:00:35.227170,
16464278951ca4a5,https://uy.linkedin.com/jobs/view/encargada-o-de-tienda-para-salto-at-chic-parisien-4454834902,Encargada/o de Tienda para Salto,Grupo Parisien,posted,2026-08-20T18:00:54.399068,2843
7fe0665390329c3a,https://uy.linkedin.com/jobs/view/hiring-journey-analyst-remote-work-at-bairesdev-4454752668,Hiring Journey Analyst - Remote Work,BairesDev,posted,2026-08-20T18:01:01.357332,227
423a82bc946fc060,https://uy.linkedin.com/jobs/view/sre-remote-work-ref%23301040-at-bairesdev-4455970436,SRE - Remote Work | REF#301040,BairesDev,posted,2026-08-20T18:01:12.927716,2845
fa559c9955335f04,https://uy.linkedin.com/jobs/view/salesforce-admin-remote-work-ref%23301146-at-bairesdev-4455965835,Salesforce Admin - Remote work | REF#301146,BairesDev,posted,2026-08-20T18:01:24.413453,2847
09156865088824b4,https://uy.linkedin.com/jobs/view/especialista-en-adquisici%C3%B3n-de-talento-trabajo-remoto-at-bairesdev-4455414968,Especialista en Adquisición de Talento - Trabajo Remoto,BairesDev,posted,2026-08-20T18:01:36.630944,2849
36fce95b50137ce3,https://uy.linkedin.com/jobs/view/marketing-specialist-remote-work-at-bairesdev-4455445713,Marketing Specialist - Remote Work,BairesDev,posted,2026-08-20T18:01:41.690036,2516
b293b7511e213118,https://uy.linkedin.com/jobs/view/manual-qa-engineer-agentic-testing-%2B-playwright-remote-latin-america-at-fullstack-4456743751,Manual QA Engineer (Agentic Testing + Playwright) - Remote - Latin America,FullStack,posted,2026-08-20T18:01:53.763442,2851
ffb1c6b8736b9d10,https://uy.linkedin.com/jobs/view/data-architect-gcp-bigquery-remote-work-ref%23301532-at-bairesdev-4455974440,Data Architect - GCP / BigQuery - Remote Work | REF#301532,BairesDev,posted,2026-08-20T18:02:03.365795,2853
785943b483567c73,https://uy.linkedin.com/jobs/view/semi-senior-project-manager-remote-work-at-bairesdev-4455463649,Semi Senior Project Manager - Remote Work,BairesDev,posted,2026-08-20T18:02:08.521657,2186
7a71f65005386fa4,https://uy.linkedin.com/jobs/view/senior-seo-analyst-remote-work-ref%23301356-at-bairesdev-4455979360,Senior SEO Analyst - Remote work | REF#301356,BairesDev,posted,2026-08-20T18:02:20.117819,2855
56c115ddb70c8351,https://uy.linkedin.com/jobs/view/manual-qa-engineer-agentic-testing-%2B-playwright-remote-latin-america-at-fullstack-4456747744,Manual QA Engineer (Agentic Testing + Playwright) - Remote - Latin America,FullStack,posted,2026-08-20T18:02:27.026209,2851
11660a207990cee0,https://uy.linkedin.com/jobs/view/senior-salesforce-lwc-developer-remote-work-ref%23301387-at-bairesdev-4455984331,Senior Salesforce & LWC Developer - Remote Work | REF#301387,BairesDev,posted,2026-08-20T18:02:36.964668,2857
6d570df8a15911f1,https://uy.linkedin.com/jobs/view/manual-qa-engineer-agentic-testing-%2B-playwright-remote-latin-america-at-fullstack-4456750772,Manual QA Engineer (Agentic Testing + Playwright) - Remote - Latin America,FullStack,posted,2026-08-20T18:02:41.949767,2851
d8ea8ed0b91ba7ce,https://uy.linkedin.com/jobs/view/analista-de-ingenier%C3%ADa-de-datos-trabajo-remoto-at-bairesdev-4454970986,Analista de Ingeniería de Datos - Trabajo Remoto,BairesDev,posted,2026-08-20T18:02:51.500347,2859
11dd6d6e44440d61,https://uy.linkedin.com/jobs/view/full-stack-developer-elixir-phoenix-%2B-ruby-on-rails-remote-latin-america-at-fullstack-4455974242,Full Stack Developer (Elixir/Phoenix + Ruby on Rails) - Remote - Latin America,FullStack,posted,2026-08-20T18:02:56.384193,2757
1e88ba8d92816c20,https://uy.linkedin.com/jobs/view/analista-de-ingenier%C3%ADa-de-datos-trabajo-remoto-at-bairesdev-4454775649,Analista de Ingeniería de Datos - Trabajo Remoto,BairesDev,posted,2026-08-20T18:03:06.347625,2861
bbb4b3c32672f6bf,https://uy.linkedin.com/jobs/view/manual-qa-engineer-agentic-testing-%2B-playwright-remote-latin-america-at-fullstack-4456746731,Manual QA Engineer (Agentic Testing + Playwright) - Remote - Latin America,FullStack,posted,2026-08-20T18:03:23.417715,2851
f37e8c553edbd7e0,https://uy.linkedin.com/jobs/view/dise%C3%B1ador-ui-ux-trabajo-remoto-at-bairesdev-4454900332,Diseñador UI/UX  - Trabajo Remoto,BairesDev,posted,2026-08-20T18:03:47.355362,2863
978fcec3ad36b363,https://uy.linkedin.com/jobs/view/senior-data-engineer-python-%2B-power-bi-remote-latin-america-at-fullstack-4456734853,Senior Data Engineer (Python + Power BI) - Remote - Latin America,FullStack,posted,2026-08-20T18:03:58.929969,2865
fa47bb59124a7e04,https://uy.linkedin.com/jobs/view/analista-contable-at-impactum-consultores-4454122182,Analista Contable,,scraped,2026-08-20T18:04:01.504286,
373a5f0a2ee794ae,https://uy.linkedin.com/jobs/view/cloud-devops-engineer-semi-senior-at-infocasas-4449216732,Cloud DevOps Engineer (Semi-Senior),,scraped,2026-08-20T18:04:08.533907,
2cf68aba3edb4df8,https://uy.linkedin.com/jobs/view/sr-machine-learning-engineer-at-promtior-4450863929,Sr. Machine Learning Engineer,,scraped,2026-08-20T18:04:15.501466,
bcf964e66d3bd8b4,https://uy.linkedin.com/jobs/view/vendedor-a-para-tienda-de-decoraci%C3%B3n-at-divino-sa-4454435863,Vendedor/a para tienda de decoración,,scraped,2026-08-20T18:04:28.387092,
d27794b65c6909e6,https://uy.linkedin.com/jobs/view/vendor-sourcing-specialist-at-altisource-4456359251,Vendor Sourcing Specialist,,scraped,2026-08-20T18:04:36.830275,
52932eec2c3fffe2,https://uy.linkedin.com/jobs/view/contador-p%C3%BAblico-accounting-reporting-at-andersen-in-uruguay-4454111646,Contador Público - Accounting & Reporting,Andersen in Uruguay,posted,2026-08-20T18:04:52.922572,2867
6af62550e4662cb9,https://uy.linkedin.com/jobs/view/analista-de-marketing-jr-ssr-at-experis-uruguay-4453890711,Analista de marketing JR SSR,,scraped,2026-08-20T18:04:55.544459,
f2b19485d90721f1,https://uy.linkedin.com/jobs/view/ejecutivo-a-de-cuentas-para-sucursal-rivera-at-bbva-en-uruguay-4456361415,Ejecutivo/a de cuentas para Sucursal Rivera,BBVA en Uruguay,posted,2026-08-20T18:05:52.639793,2869
32df5e9381ba0880,https://uy.linkedin.com/jobs/view/dise%C3%B1ador-a-de-modas-at-grupo-lolita-4453886474,Diseñador/a de Modas,,scraped,2026-08-20T18:05:59.250071,
ab97e3cf1471879a,https://uy.linkedin.com/jobs/view/vendedor-de-mostrador-para-ferreter%C3%ADas-en-montevideo-at-hinkediker-4454117411,Vendedor de mostrador para ferreterías en Montevideo,Hinkediker,posted,2026-08-20T18:06:17.431104,2871
514439f1b881d6fb,https://uy.linkedin.com/jobs/view/cocinero-a-carmelo-colonia-at-idea-consultores-4452252933,Cocinero/a (Carmelo - Colonia),,scraped,2026-08-20T18:06:23.894550,
7a46f804aa06de4f,https://uy.linkedin.com/jobs/view/data-scientist-tech-lead-at-promtior-4453484662,Data Scientist - Tech Lead,,scraped,2026-08-20T18:06:34.903342,
6a58576fa6644883,https://uy.linkedin.com/jobs/view/analista-de-gesti%C3%B3n-de-vulnerabilidades-at-domus-global-4455457237,Analista de Gestión de Vulnerabilidades,,scraped,2026-08-20T18:06:42.075099,
a3e56d1cf103eeb2,https://uy.linkedin.com/jobs/view/analista-contable-sr-at-pwc-4455304805,Analista Contable Sr.,PwC,posted,2026-08-20T18:07:12.069940,2873
ee949b21c94378fc,https://uy.linkedin.com/jobs/view/sr-data-scientist-lead-at-coderio-4455925694,Sr Data Scientist Lead,Coderio | Software Company,posted,2026-08-20T18:07:21.347890,2875
b97adcc6c9dd0e2f,https://uy.linkedin.com/jobs/view/enterprise-sales-at-ai-world-congress-4456429864,Enterprise Sales,America Digital,posted,2026-08-20T18:07:31.450413,2877
a37558a94e107ed8,https://uy.linkedin.com/jobs/view/estudiante-avanzado-o-recibido-de-ingenier%C3%ADa-el%C3%A9ctrica-at-berkes-group-4454411985,Estudiante avanzado o recibido de Ingeniería Eléctrica,,scraped,2026-08-20T18:07:34.048868,
526645c91f564220,https://uy.linkedin.com/jobs/view/client-partner-inside-sales-at-sportradar-4454111446,"Client Partner, Inside Sales",,scraped,2026-08-20T18:07:43.097992,
a6f3d5be05f44319,https://uy.linkedin.com/jobs/view/soporte-t%C3%A8cnico-jr-at-sonda-4456191663,Soporte tècnico Jr.,,scraped,2026-08-20T18:07:52.287643,
9d54988e3e572298,https://uy.linkedin.com/jobs/view/secretario-at-uruguay-laborales-4454123602,Secretario,Uruguay.Laborales,posted,2026-08-20T18:08:12.382843,2879
1604f4f5c295c56e,https://uy.linkedin.com/jobs/view/limpiador-operario-at-grupo-transamerican-4456112901,Limpiador operario,,scraped,2026-08-20T18:08:20.937335,
661901e3002e969b,https://uy.linkedin.com/jobs/view/dise%C3%B1ador-a-de-espacios-comerciales-y-retail-at-oxygeno-4452827734,Diseñador/a de Espacios Comerciales y Retail,,scraped,2026-08-20T18:08:38.979085,
e3c7bcf16d81af82,https://uy.linkedin.com/jobs/view/freelance-it-euc-engineer-at-itarmi-4453897416,Freelance IT/ EUC Engineer,,scraped,2026-08-20T18:08:45.509799,
b1e4e2bd7270792c,https://uy.linkedin.com/jobs/view/analista-sr-hrbp-temporal-at-alsea-4456401356,Analista Sr HRBP (TEMPORAL),,scraped,2026-08-20T18:08:52.314158,
c1c83e27e1e8f89e,https://uy.linkedin.com/jobs/view/auxiliar-administrativo-de-ventas-at-pilay-uruguay-4452519235,Auxiliar Administrativo de Ventas,,scraped,2026-08-20T18:08:58.942470,
52b74830328cc193,https://uy.linkedin.com/jobs/view/receptionist-part-time-at-pikes-peak-post-acute-4456448046,Receptionist- Part Time,Pikes Peak Post Acute,posted,2026-08-20T18:09:18.878798,2881
a1f803605ed97781,https://uy.linkedin.com/jobs/view/google-cloud-devops-engineer-temporary-contract-at-applaudo-4456432736,Google Cloud DevOps Engineer (Temporary Contract),,scraped,2026-08-20T18:09:25.514409,
c0ef621b2caaeb00,https://uy.linkedin.com/jobs/view/ingeniero-de-qa-de-software-trabajo-remoto-at-bairesdev-4454785956,Ingeniero de QA de Software - Trabajo Remoto,BairesDev,posted,2026-08-20T18:09:38.505581,1880
4c5518620d04df78,https://uy.linkedin.com/jobs/view/senior-data-engineer-python-%2B-power-bi-remote-latin-america-at-fullstack-4456743762,Senior Data Engineer (Python + Power BI) - Remote - Latin America,FullStack,posted,2026-08-20T18:09:47.404603,2865
e09ea8463badf537,https://uy.linkedin.com/jobs/view/senior-full-stack-engineer-react-%2B-node-js-%2B-crm-remote-latin-america-at-fullstack-4456747755,Senior Full Stack Engineer (React + Node.js + CRM) - Remote - Latin America,FullStack,posted,2026-08-20T18:09:57.034008,2883
25998362aac45ea6,https://uy.linkedin.com/jobs/view/senior-data-engineer-python-%2B-power-bi-remote-latin-america-at-fullstack-4456740779,Senior Data Engineer (Python + Power BI) - Remote - Latin America,FullStack,posted,2026-08-20T18:10:02.128555,2865
b7307779ac64fce8,https://uy.linkedin.com/jobs/view/senior-data-engineer-python-%2B-power-bi-remote-latin-america-at-fullstack-4456753745,Senior Data Engineer (Python + Power BI) - Remote - Latin America,FullStack,posted,2026-08-20T18:10:07.219059,2865
c0c82610414bd42f,https://uy.linkedin.com/jobs/view/senior-data-engineer-python-%2B-power-bi-remote-latin-america-at-fullstack-4456739787,Senior Data Engineer (Python + Power BI) - Remote - Latin America,FullStack,posted,2026-08-20T18:10:12.429481,2865
4b8fa39603f8758a,https://uy.linkedin.com/jobs/view/senior-full-stack-engineer-react-%2B-node-js-%2B-crm-remote-latin-america-at-fullstack-4456750764,Senior Full Stack Engineer (React + Node.js + CRM) - Remote - Latin America,FullStack,posted,2026-08-20T18:10:19.508609,2883
67bf23d00281387c,https://uy.linkedin.com/jobs/view/auxiliar-de-panaderia-at-el-dorado-4454758004,Auxiliar de Panaderia,,scraped,2026-08-20T18:10:24.177830,
785f4f1c6a82f48e,https://uy.linkedin.com/jobs/view/operario-para-centro-log%C3%ADstico-zona-malvin-norte-at-unilam-4456443528,Operario para Centro Logístico. Zona Malvin norte,,scraped,2026-08-20T18:10:30.991458,
8c4b5d4a665cb6a8,https://uy.linkedin.com/jobs/view/asistente-de-reclutamiento-y-selecci%C3%B3n-temporal-montevideo-at-manpowergroup-uruguay-4453438380,Asistente de reclutamiento y selección - Temporal (Montevideo),,scraped,2026-08-20T18:10:38.256014,
cc9487a513e782ad,https://uy.linkedin.com/jobs/view/encargado-a-de-recursos-humanos-norte-del-pais-at-entrust-servicios-profesionales-de-recursos-humanos-4452262775,Encargado/a de Recursos Humanos - norte del pais,,scraped,2026-08-20T18:10:45.304915,
74a1c540a31b5c51,https://uy.linkedin.com/jobs/view/sagen-sie-es%21-teilen-sie-ihre-erkenntnisse-mit%21-umfragen-durchf%C3%BChren-und-geld-verdienen%21-m-w-d-studentjob-ch-at-jobster-4455660352,Sagen Sie es! Teilen Sie Ihre Erkenntnisse mit! Umfragen durchführen und Geld verdienen! (m/w/d) - Studentjob.ch,,scraped,2026-08-20T18:11:00.823560,
36f3bc690a9b60c2,https://uy.linkedin.com/jobs/view/online-aufgaben-umfragen-flexible-m%C3%B6glichkeit-geld-online-zu-verdienen-studentjob-ch-at-jobster-4455661655,"Online Aufgaben & Umfragen - Flexible Möglichkeit, Geld online zu verdienen - Studentjob.ch",,scraped,2026-08-20T18:11:13.034267,
afd39ad12a123dd8,https://uy.linkedin.com/jobs/view/asistente-virtual-voluntariado-at-realidad-empoderada-4452855528,ASISTENTE VIRTUAL - VOLUNTARIADO,Realidad Empoderada,posted,2026-08-20T18:11:38.761364,2885
a586b426785c4231,https://uy.linkedin.com/jobs/view/retail-sales-associate-french-speaking-at-harding%2B-4453434947,Retail Sales Associate - French Speaking,,scraped,2026-08-20T18:11:41.501012,
d9784d55e7331dda,https://uy.linkedin.com/jobs/view/equipo-de-mantenimiento-at-cipriani-punta-4454112648,Equipo de Mantenimiento,,scraped,2026-08-20T18:11:49.578799,
3ef9ccfa7fdbd24a,https://uy.linkedin.com/jobs/view/minijob-nebenjob-ferienjob-remote-teilnehmer-f%C3%BCr-bezahlte-studien-gesucht%21-studentjob-ch-at-jobster-4455696164,Minijob / Nebenjob / Ferienjob / Remote: Teilnehmer für bezahlte Studien gesucht! - Studentjob.ch,Jobster,posted,2026-08-20T18:12:32.751915,2887
22c386b3ad348c65,https://uy.linkedin.com/jobs/view/minijob-von-zuhause-aus-verdiene-bares-geld-f%C3%BCr-umfragen-studentjob-ch-at-jobster-4455681073,Minijob von zuhause aus - verdiene bares Geld für Umfragen - Studentjob.ch,,scraped,2026-08-20T18:12:35.320877,
cf1bc90edd8dcfb8,https://uy.linkedin.com/jobs/view/heimarbeit-verdiene-geld-mit-umfragen-in-der-marktforschung-studentjob-ch-at-jobster-4455677215,Heimarbeit -Verdiene Geld mit Umfragen in der MARKTFORSCHUNG - Studentjob.ch,,scraped,2026-08-20T18:12:47.658647,
9b15f998bab99f2d,https://uy.linkedin.com/jobs/view/ferienjob-minijob-als-promoter-25-50-chf-h-w-m-d-studentjob-ch-at-jobster-4455679107,Ferienjob / Minijob als Promoter (25-50 CHF/h) (w/m/d) - Studentjob.ch,,scraped,2026-08-20T18:13:02.908746,
22b388a924699591,https://uy.linkedin.com/jobs/view/flexibler-nebenjob-f%C3%BCr-studenten-25-50-chf-h-w-m-d-studentjob-ch-at-jobster-4455666930,Flexibler Nebenjob für Studenten (25-50 CHF/h) (w/m/d) - Studentjob.ch,,scraped,2026-08-20T18:13:13.214053,
147afd87cdf0de03,https://uy.linkedin.com/jobs/view/enqu%C3%AAteur-pour-des-sondages-en-ligne-t%C3%A9l%C3%A9travail-h-f-studentjob-ch-at-jobster-4455661521,Enquêteur pour des sondages en ligne - télétravail H/F - Studentjob.ch,,scraped,2026-08-20T18:13:24.257617,
1e03b34c44527cca,https://uy.linkedin.com/jobs/view/top%C3%B3grafo-a-at-criba-4454646687,Topógrafo/a,,scraped,2026-08-21T17:55:25.909702,
049b1cc3813dbf6a,https://uy.linkedin.com/jobs/view/project-architect-at-slantis-4455450313,Project Architect,slantis,posted,2026-08-21T17:55:41.166042,459
d2c4d2f7d0675b40,https://uy.linkedin.com/jobs/view/auxiliar-de-limpieza-3951448897,Auxiliar de limpieza,Citygame.,posted,2026-08-21T17:55:47.413761,1920
dfdf7d1a4c9437b4,https://uy.linkedin.com/jobs/view/titan-event-coordinator-at-titan-ceo-4451240734,Titan Event Coordinator,TITAN CEO,posted,2026-08-21T17:55:59.403659,2889
54f062f4c56becf4,https://uy.linkedin.com/jobs/view/senior-seo-account-manager-at-veta-virtual-4456044727,Senior SEO Account Manager,,scraped,2026-08-21T17:56:06.064105,
b061c6f68d045a01,https://uy.linkedin.com/jobs/view/gerente-comercial-at-fiserv-4455432019,Gerente Comercial,Fiserv,posted,2026-08-21T17:56:20.855287,2891
c26445d32b87a4e5,https://uy.linkedin.com/jobs/view/manager-sales-development-mid-market-latam-at-deel-4454103278,"Manager, Sales Development, Mid-Market | LATAM",Deel,posted,2026-08-21T17:56:31.681653,2831
f32649e09952bd9c,https://uy.linkedin.com/jobs/view/llamado-ppf-102-04-firma-consultora-para-el-desarrollo-integral-de-la-cadena-de-valor-de-la-informaci%C3%B3n-clim%C3%A1tica-y-sistemas-de-alerta-temprana-basados-en-impactos-at-corporaci%C3%B3n-nacional-para-el-desarrollo-4454631461,Llamado PPF 102 - 04: Firma consultora para el desarrollo integral de la cadena de valor de la información climática y sistemas de alerta temprana basados en impactos,,scraped,2026-08-21T17:56:36.334858,
17738b248354ef9e,https://uy.linkedin.com/jobs/view/especialista-en-reclutamiento-y-selecci%C3%B3n-at-hipo-talent-acquisition-4454443710,ESPECIALISTA EN RECLUTAMIENTO Y SELECCIÓN,,scraped,2026-08-21T17:56:45.925771,
3b8b6c099b6b9708,https://uy.linkedin.com/jobs/view/emisor-junior-de-riesgos-masivos-at-barbuss-risk-4454644748,Emisor/ Junior de Riesgos Masivos,BARBUSS RISK,posted,2026-08-21T17:57:05.911161,2893
495232f63afd71a9,https://uy.linkedin.com/jobs/view/client-relationship-specialist-at-altisource-4456390264,Client Relationship Specialist,,scraped,2026-08-21T17:57:08.537618,
7976f1f2b6568b2a,https://uy.linkedin.com/jobs/view/director-a-ejecutivo-a-at-deloitte-4456776360,Director/a Ejecutivo/a,Deloitte,posted,2026-08-21T17:57:23.947337,2895
8ea67dad85e92404,https://uy.linkedin.com/jobs/view/costing-analyst-north-america-at-syngenta-4456350814,Costing Analyst North America,,scraped,2026-08-21T17:57:26.632031,
a596f16a8dd6ff8c,https://uy.linkedin.com/jobs/view/encargado-de-local-at-kpmg-uruguay-4456769128,Encargado de Local,KPMG Uruguay,posted,2026-08-21T17:57:40.918410,2897
851d6c963f4df43c,https://uy.linkedin.com/jobs/view/analista-growth-marketing-automation-ejecutivo-a-comercial-para-atracci%C3%B3n-de-inversiones-aftercare-at-uruguay-xxi-4454121822,Analista Growth Marketing & Automation.- Ejecutivo/a Comercial para Atracción de inversiones & Aftercare,,scraped,2026-08-21T17:57:43.598165,
31a3c133443ec5b9,https://uy.linkedin.com/jobs/view/responsable-de-unidad-de-negocio-at-corporaci%C3%B3n-de-maquinaria-4452282901,Responsable de unidad de negocio,,scraped,2026-08-21T17:57:52.891905,
014a9e67f88300a0,https://uy.linkedin.com/jobs/view/corporate-administrator-at-zonamerica-4405594118,Corporate Administrator,,scraped,2026-08-21T17:58:06.200877,
ddd8c47b66387125,https://uy.linkedin.com/jobs/view/copy-editor-at-wpp-production-4456382474,Copy Editor,WPP Production,posted,2026-08-21T17:58:18.655209,1652
c5eed9256780c02d,https://uy.linkedin.com/jobs/view/ejecutivo-de-cuentas-senior-tecnolog%C3%ADa-at-talenter-4455499980,Ejecutivo de Cuentas Senior (Tecnología),,scraped,2026-08-21T17:58:21.330556,
ce772e4c3de7e40e,https://uy.linkedin.com/jobs/view/ingeniero-a-el%C3%A9ctrico-at-sin-ingenier%C3%ADa-4454663204,Ingeniero/a Eléctrico,,scraped,2026-08-21T17:58:38.708481,
9e7bd6209ad3704b,https://uy.linkedin.com/jobs/view/empleada-dom%C3%A9stica-con-actividades-de-cocina-at-net2source-n2s-4455297913,Empleada Doméstica con actividades de cocina,Net2Source Inc.,posted,2026-08-21T17:58:51.386934,2899
ad9c7ebe047377af,https://uy.linkedin.com/jobs/view/senior-django-full-stack-engineer-remote-work-ref%23301700-at-bairesdev-4455965870,Senior Django Full Stack Engineer - Remote Work | REF#301700,BairesDev,posted,2026-08-21T17:59:00.055699,2901
68be22036ea43ad2,https://uy.linkedin.com/jobs/view/application-security-engineer-checkmarx-sast-trabajo-remoto-ref%23298366-at-bairesdev-4455984277,Application Security Engineer (Checkmarx / SAST) - Trabajo Remoto | REF#298366,BairesDev,posted,2026-08-21T17:59:04.842658,1332
58904d3090464e38,https://uy.linkedin.com/jobs/view/desarrollador-react-frontend-trabajo-remoto-at-bairesdev-4454927134,Desarrollador React Frontend - Trabajo Remoto,BairesDev,posted,2026-08-21T17:59:17.760998,1702
2cc1152c5c723d0f,https://uy.linkedin.com/jobs/view/senior-data-quality-engineer-remote-work-ref%23301498-at-bairesdev-4455983306,Senior Data Quality Engineer - Remote Work | REF#301498,BairesDev,posted,2026-08-21T17:59:26.690509,2903
1444dd310b52cd08,https://uy.linkedin.com/jobs/view/project-manager-senior-remote-work-at-bairesdev-4454910905,Project Manager Senior - Remote Work,BairesDev,posted,2026-08-21T17:59:37.749110,2236
e653585b42ef9442,https://uy.linkedin.com/jobs/view/project-manager-remote-work-at-bairesdev-4454994162,Project Manager - Remote Work,BairesDev,posted,2026-08-21T17:59:42.720382,471
9be77b5f816bea8d,https://uy.linkedin.com/jobs/view/project-manager-remote-work-at-bairesdev-4455426744,Project Manager - Remote Work,BairesDev,scraped,2026-08-21T17:59:46.944787,
d6d239c670970962,https://uy.linkedin.com/jobs/view/ingeniero-de-soluciones-ai-trabajo-remoto-at-bairesdev-4454401352,Ingeniero de Soluciones AI - Trabajo Remoto,BairesDev,posted,2026-08-21T17:59:51.892864,1718
919436f8d25f27a8,https://uy.linkedin.com/jobs/view/full-stack-developer-elixir-phoenix-%2B-ruby-on-rails-remote-latin-america-at-fullstack-4455966452,Full Stack Developer (Elixir/Phoenix + Ruby on Rails) - Remote - Latin America,FullStack,posted,2026-08-21T17:59:58.667304,2757
94a590b086499315,https://uy.linkedin.com/jobs/view/sap-functional-consultant-remote-work-ref%23301165-at-bairesdev-4455987232,SAP Functional Consultant - Remote Work | REF#301165,BairesDev,posted,2026-08-21T18:00:11.058220,2905
43acb3aa6db0f1b1,https://uy.linkedin.com/jobs/view/operations-qa-remote-work-ref%23301336-at-bairesdev-4455983302,Operations QA - Remote work | REF#301336,BairesDev,posted,2026-08-21T18:00:21.681876,2907
4884128fb734a995,https://uy.linkedin.com/jobs/view/senior-technical-writer-remote-work-ref%23301311-at-bairesdev-4455986271,Senior Technical Writer - Remote Work | REF#301311,BairesDev,posted,2026-08-21T18:00:38.390191,2909
d28332ece9b3ef56,https://uy.linkedin.com/jobs/view/power-systems-engineer-remote-work-ref%23301214-at-bairesdev-4455970447,Power Systems Engineer - Remote work | REF#301214,BairesDev,posted,2026-08-21T18:00:49.999746,2911
a3ba5d9537227d51,https://uy.linkedin.com/jobs/view/oracle-cloud-architect-remote-work-ref%23301035-at-bairesdev-4455982316,Oracle Cloud Architect - Remote Work | REF#301035,BairesDev,posted,2026-08-21T18:00:59.336576,2913
470cf2943a35e009,https://uy.linkedin.com/jobs/view/full-stack-developer-elixir-phoenix-%2B-ruby-on-rails-remote-latin-america-at-fullstack-4455983107,Full Stack Developer (Elixir/Phoenix + Ruby on Rails) - Remote - Latin America,FullStack,posted,2026-08-21T18:01:10.385082,2757
5ac5ddce5077a03b,https://uy.linkedin.com/jobs/view/senior-sap-business-warehouse-sac-developer-remote-work-ref%23301433-at-bairesdev-4455979361,Senior SAP Business Warehouse & SAC Developer - Remote work | REF#301433,BairesDev,posted,2026-08-21T18:01:20.375702,2915
4ee86d39b3b97dde,https://uy.linkedin.com/jobs/view/sitecore-engineer-remote-work-ref%23301189-at-bairesdev-4455965837,Sitecore Engineer - Remote work | REF#301189,BairesDev,posted,2026-08-21T18:01:29.617098,2917
a5fcf223b75f23b1,https://uy.linkedin.com/jobs/view/ingeniero-de-seguridad-inform%C3%A1tica-trabajo-remoto-at-bairesdev-4454904030,Ingeniero de Seguridad Informática - Trabajo Remoto,BairesDev,posted,2026-08-21T18:01:39.085346,2919
8404a3888130dfea,https://uy.linkedin.com/jobs/view/crm-manager-remote-work-at-bairesdev-4456030251,CRM Manager - Remote Work,BairesDev,posted,2026-08-21T18:01:54.148608,1258
e006e53208b86bbe,https://uy.linkedin.com/jobs/view/procurement-specialist-ii-at-sabre-4453791265,Procurement Specialist II,Sabre,posted,2026-08-21T18:02:05.914915,2921
1a91a2e1bbcea149,https://uy.linkedin.com/jobs/view/process-engineer-at-integer-holdings-corporation-4457359617,Process Engineer,Integer Holdings Corporation,posted,2026-08-21T18:02:27.046447,2923
65905e55f2da919e,https://uy.linkedin.com/jobs/view/risk-data-engineer-uruguay-at-prex-4448624513,Risk Data Engineer Uruguay,,scraped,2026-08-21T18:02:31.678284,
ec397c22d6c219f7,https://uy.linkedin.com/jobs/view/implementations-specialist-at-the-anything-group-4453447738,Implementations Specialist,The Anything Group,posted,2026-08-21T18:02:50.178446,2925
8008a4f4df46560f,https://uy.linkedin.com/jobs/view/accounting-analyst-uruguay-at-prex-4457012322,Accounting Analyst Uruguay,,scraped,2026-08-21T18:02:52.806666,
fee62c5a625add16,https://uy.linkedin.com/jobs/view/asistente-comercial-at-talenter-4454988195,Asistente Comercial,,scraped,2026-08-21T18:02:59.339007,
76d8db75fca968f0,https://uy.linkedin.com/jobs/view/contrato-a-t%C3%A9rmino-asistente-de-comunicaci%C3%B3n-y-soporte-institucional-at-work-office-4456450411,CONTRATO A TÉRMINO: Asistente de Comunicación y Soporte Institucional,,scraped,2026-08-21T18:03:11.908097,
3ab9b2e3e5f52b01,https://uy.linkedin.com/jobs/view/vendedor-de-terreno-junior-at-aglh-4456446486,Vendedor de Terreno Junior,AGLH,posted,2026-08-21T18:03:28.897487,2927
3b6265775715b4cf,https://uy.linkedin.com/jobs/view/senior-data-engineer-at-coderio-4455960574,Senior Data Engineer,Coderio | Software Company,posted,2026-08-21T18:03:35.892284,1028
8f2e878e63a403d5,https://uy.linkedin.com/jobs/view/ejecutivo-a-de-cuentas-at-rentokil-initial-4456754817,Ejecutivo/a de Cuentas,,scraped,2026-08-21T18:03:38.582000,
71f067c8da8333bb,https://uy.linkedin.com/jobs/view/launch-contractor-uruguay-at-windborne-systems-4455965884,Launch Contractor - Uruguay,WindBorne Systems,posted,2026-08-21T18:03:54.524237,2929
f9d26d4dca0a867d,https://uy.linkedin.com/jobs/view/client-partner-inside-sales-at-sportradar-4454129121,"Client Partner, Inside Sales",,scraped,2026-08-21T18:03:57.134353,
7f9fb905c8d078e9,https://uy.linkedin.com/jobs/view/client-partner-inside-sales-at-sports-careers-4457022680,"Client Partner, Inside Sales",Sports Careers,posted,2026-08-21T18:04:13.866669,2931
cfa5e2def4b77c36,https://uy.linkedin.com/jobs/view/project-manager-operaciones-log%C3%ADsticas-y-portuarias-at-ams-agenciamiento-y-soluciones-integrales-4455356372,Project Manager | Operaciones Logísticas y Portuarias,,scraped,2026-08-21T18:04:16.658719,
8b4fc0b7c600c993,https://uy.linkedin.com/jobs/view/agente-de-viajes-independiente-remoto-at-wonder-magical-trips-4454138560,Agente de Viajes Independiente (remoto),Wonder Magical Trips,posted,2026-08-21T18:04:32.521514,2933
9fe8d158c156f4df,https://uy.linkedin.com/jobs/view/analista-de-ingenier%C3%ADa-at-joyson-safety-systems-4455278875,Analista de ingeniería,Joyson Safety Systems,posted,2026-08-21T18:04:41.379274,2935
4577dcd3f6fd5128,https://uy.linkedin.com/jobs/view/red-team-software-engineer-at-kreitech-4454633805,Red Team Software Engineer,Kreitech,posted,2026-08-21T18:04:49.322100,2937
8c60e022deb2586a,https://uy.linkedin.com/jobs/view/auxiliar-contable-at-manpowergroup-4454145216,Auxiliar contable,ManpowerGroup,posted,2026-08-21T18:04:58.270845,59
ea0c88fb1d4dc88a,https://uy.linkedin.com/jobs/view/ejecutivo-de-ventas-4454151533,Ejecutivo de ventas,Smartgym App,posted,2026-08-21T18:05:06.495143,161
9fd444e7012b17fc,https://uy.linkedin.com/jobs/view/ingeniero-el%C3%A9ctrico-junior-at-oym-obras-y-mantenimiento-sas-4452816594,Ingeniero Eléctrico Junior,,scraped,2026-08-21T18:05:19.133847,
2b404dbbd258cb33,https://uy.linkedin.com/jobs/view/contador-auditor-semi-senior-at-andersen-in-uruguay-4454122869,Contador Auditor - Semi Senior,Andersen in Uruguay,posted,2026-08-21T18:05:36.637625,2939
566d17c8269a184e,https://uy.linkedin.com/jobs/view/performance-marketing-growth-manager-app-campaigns-at-idt-corporation-4456766460,Performance Marketing/Growth Manager (App Campaigns),IDT Corporation,posted,2026-08-21T18:05:45.049558,2941
557a1192cbfb4a9b,https://uy.linkedin.com/jobs/view/ingenieros-as-%E2%80%93-proyecto-de-modernizaci%C3%B3n-energ%C3%A9tica-salto-grande-at-friedman-4453806088,Ingenieros/as – Proyecto de Modernización Energética | Salto Grande,,scraped,2026-08-21T18:05:49.614047,
75c04f7411bfcd31,https://uy.linkedin.com/jobs/view/t%C3%A9cnico-o-tecn%C3%B3logo-%C3%B3ptico-para-punta-del-este-at-este%C3%B1a-consultores-4454113729,Técnico o Tecnólogo Óptico para Punta del Este,Esteña Consultores,posted,2026-08-21T18:06:05.663615,2943
3744291e4c39a02b,https://uy.linkedin.com/jobs/view/jefe-a-de-sala-%E2%80%93-ma%C3%AEtre-hotel-bah%C3%ADa-vik-en-jos%C3%A9-ignacio-uruguay-at-puerino-rrhh-4455368723,JEFE/A DE SALA – MAÎTRE | HOTEL BAHÍA VIK EN JOSÉ IGNACIO-URUGUAY,,scraped,2026-08-21T18:06:08.215513,
b7dd09b2e61554d9,https://uy.linkedin.com/jobs/view/analista-senior-de-tesorer%C3%ADa-y-administraci%C3%B3n-at-randstad-uruguay-4454665094,Analista senior de tesorería y administración.,,scraped,2026-08-21T18:06:15.884058,
0113482da479d78d,https://uy.linkedin.com/jobs/view/trainee-de-mantenimiento-at-darnel-group-4457309779,Trainee de Mantenimiento,,scraped,2026-08-21T18:06:22.543240,
1abd2d5e7ee8372f,https://uy.linkedin.com/jobs/view/operario-a-de-dep%C3%B3sito-abayub%C3%A1-col%C3%B3n-at-aglh-4456447468,Operario/a de depósito - Abayubá/Colón,AGLH,posted,2026-08-21T18:06:35.593062,2945
1de91bb0113bddeb,https://uy.linkedin.com/jobs/view/desarrollador-de-negocio-at-auren-uruguay-4456487987,Desarrollador de Negocio,,scraped,2026-08-21T18:06:38.018992,
a2be54710b8b545d,https://uy.linkedin.com/jobs/view/t%C3%A9cnico-a-en-plataformas-de-contenedores-at-itc-s-a-4455425950,Técnico/a en Plataformas de Contenedores,ITC S.A,posted,2026-08-21T18:07:31.430334,2947
4b6f8dd0c5ff2f89,https://uy.linkedin.com/jobs/view/%D0%BC%D0%B5%D0%BD%D0%B5%D0%B4%D0%B6%D0%B5%D1%80-%D0%BF%D0%BE-%D0%BF%D1%80%D0%BE%D0%B4%D0%B0%D0%B6%D0%B0%D0%BC-%D0%B22%D0%B2-at-rim-mediagroup-4457021388,Менеджер по продажам В2В,,scraped,2026-08-21T18:07:35.897477,
c8c0b98ec38bcb95,https://uy.linkedin.com/jobs/view/auxiliar-docente-%E2%80%93-sector-maternal-at-colegio-bilingue-ciudad-vieja-4454644918,AUXILIAR DOCENTE – SECTOR MATERNAL,,scraped,2026-08-21T18:07:45.080575,
5a9f7e819c8cd96a,https://uy.linkedin.com/jobs/view/supervisor-a-de-ventas-canal-horeca-at-montse-perera-consultor%C3%ADa-y-transformaci%C3%B3n-organizacional-4454153274,Supervisor(a) de Ventas - Canal Horeca,,scraped,2026-08-21T18:07:53.280585,
e8e9a5c837bb1456,https://uy.linkedin.com/jobs/view/purchasing-specialist-ai-trainer-at-dataannotation-4457009903,Purchasing Specialist - AI Trainer,DataAnnotation,posted,2026-08-21T18:08:04.120782,803
ea1faa0a5d087593,https://uy.linkedin.com/jobs/view/ingeniero-de-qa-automatizaci%C3%B3n-trabajo-remoto-at-bairesdev-4455413599,Ingeniero de QA - Automatización - Trabajo Remoto,BairesDev,posted,2026-08-21T18:08:22.624047,2949
d25d9c47ef8d8bd0,https://uy.linkedin.com/jobs/view/ingeniero-de-ml-senior-trabajo-remoto-at-bairesdev-4454797597,Ingeniero de ML Senior - Trabajo Remoto,BairesDev,posted,2026-08-21T18:08:29.616637,2052
6c91b5c29742a95d,https://uy.linkedin.com/jobs/view/software-engineer-robotics-remote-work-ref%23301234-at-bairesdev-4455971443,Software Engineer (Robotics) - Remote Work | REF#301234,BairesDev,posted,2026-08-21T18:08:40.368582,2951
de4ccb88772f6295,https://uy.linkedin.com/jobs/view/ingeniero-de-software-java-trabajo-remoto-at-bairesdev-4456002236,Ingeniero de Software Java - Trabajo Remoto,BairesDev,posted,2026-08-21T18:08:45.339107,1950
e4859e5bdec34295,https://uy.linkedin.com/jobs/view/asesor-comercial-b2b-at-talenter-4455479724,Asesor Comercial B2B,,scraped,2026-08-21T18:08:50.047302,
2dd4163487e9cbfb,https://uy.linkedin.com/jobs/view/senior-full-stack-engineer-react-%2B-node-js-%2B-crm-remote-latin-america-at-fullstack-4456753737,Senior Full Stack Engineer (React + Node.js + CRM) - Remote - Latin America,FullStack,posted,2026-08-21T18:09:02.623438,2883
cd3dc9de3ce54059,https://uy.linkedin.com/jobs/view/senior-full-stack-engineer-react-%2B-node-js-%2B-crm-remote-latin-america-at-fullstack-4456736796,Senior Full Stack Engineer (React + Node.js + CRM) - Remote - Latin America,FullStack,posted,2026-08-21T18:09:09.707736,2883
2f08fa10598d7c4a,https://uy.linkedin.com/jobs/view/senior-it-project-manager-remote-work-at-bairesdev-4456007925,Senior IT Project Manager - Remote Work,BairesDev,posted,2026-08-21T18:09:14.981903,2312
677b7d515f216b3e,https://uy.linkedin.com/jobs/view/senior-data-engineer-python-%2B-power-bi-remote-latin-america-at-fullstack-4456741718,Senior Data Engineer (Python + Power BI) - Remote - Latin America,FullStack,posted,2026-08-21T18:09:19.846130,2865
b33e475cf0fa83ac,https://uy.linkedin.com/jobs/view/senior-full-stack-engineer-react-%2B-node-js-%2B-crm-remote-latin-america-at-fullstack-4456745741,Senior Full Stack Engineer (React + Node.js + CRM) - Remote - Latin America,FullStack,posted,2026-08-21T18:09:24.708381,2883
46d85487ba6d261c,https://uy.linkedin.com/jobs/view/senior-full-stack-engineer-react-%2B-node-js-%2B-crm-remote-latin-america-at-fullstack-4456736795,Senior Full Stack Engineer (React + Node.js + CRM) - Remote - Latin America,FullStack,posted,2026-08-21T18:09:31.729559,2883
3d0b1675cbedd769,https://uy.linkedin.com/jobs/view/scrum-master-remote-work-at-bairesdev-4455437052,Scrum Master - Remote Work,BairesDev,posted,2026-08-21T18:09:38.521368,341
d82ffb0bc4241c5b,https://uy.linkedin.com/jobs/view/vacantes-por-temporada-la-paloma-at-el-dorado-4456060442,Vacantes por Temporada - La Paloma,,scraped,2026-08-21T18:09:41.063590,
6bf7e5a792a836ae,https://uy.linkedin.com/jobs/view/vacantes-por-temporada-la-tuna-at-el-dorado-4456066402,Vacantes por Temporada - La Tuna,,scraped,2026-08-21T18:09:48.038273,
c3c733a1979e8259,https://uy.linkedin.com/jobs/view/einfach-mit-umfragen-geld-verdienen-mit-toluna-studentjob-ch-at-jobster-4455659551,"Einfach mit Umfragen Geld verdienen, mit Toluna - Studentjob.ch",Jobster,posted,2026-08-21T18:10:29.515009,2138
4081c7502da735f7,https://uy.linkedin.com/jobs/view/gesucht-teilnehmer-f%C3%BCr-bezahlte-studien-studentjob-ch-at-jobster-4455650975,Gesucht: Teilnehmer für bezahlte Studien - Studentjob.ch,,scraped,2026-08-21T18:10:32.088057,
e81690ba5b2aed77,https://uy.linkedin.com/jobs/view/nebenjob-%E2%80%93-home-office-mit-umfragen-geld-verdienen%21-einfach-von-zuhause-oder-unterwegs-studentjob-ch-at-jobster-4455665536,Nebenjob – Home Office: Mit Umfragen Geld verdienen! Einfach von zuhause oder unterwegs - Studentjob.ch,,scraped,2026-08-21T18:10:44.827514,
19aaa8d281ee0a0e,https://uy.linkedin.com/jobs/view/responsable-comercial-sr-at-experis-uruguay-4454667203,Responsable Comercial Sr.,,scraped,2026-08-21T18:11:00.494506,
47827ea4babcc3a7,https://uy.linkedin.com/jobs/view/senior-fullstack-developer-java-%2B-angular-at-sunnydata-4456787770,Senior Fullstack Developer (Java + Angular),SunnyData,posted,2026-08-21T18:11:13.227181,2953
706c3e050adb3e61,https://uy.linkedin.com/jobs/view/ingeniero-a-mec%C3%A1nico-a-de-producci%C3%B3n-qu%C3%ADmico-a-o-afines-at-manpowergroup-4454144191,"Ingeniero/a Mecánico/a, de Producción, Químico/a o afines",ManpowerGroup,posted,2026-08-21T18:11:26.074594,2955
d01400c0ea52b0d8,https://uy.linkedin.com/jobs/view/business-development-representative-at-frontline-4454663954,Business Development Representative,Frontline,posted,2026-08-22T17:44:46.705994,307
ec4a0facae91d725,https://uy.linkedin.com/jobs/view/manager-sales-development-mid-market-latam-at-deel-4453891344,"Manager, Sales Development, Mid-Market | LATAM",Deel,posted,2026-08-22T17:44:55.962576,2831
361d850878b15a2d,https://uy.linkedin.com/jobs/view/promotora-de-v%C3%ADa-p%C3%BAblica-at-cash-4455544337,Promotora de vía pública,CASH,posted,2026-08-22T17:45:21.119290,2957
2a48ae5350f6a2e8,https://uy.linkedin.com/jobs/view/senior-devops-platform-engineer-remote-uruguay-at-kake-4452272893,Senior DevOps/Platform Engineer - Remote - Uruguay,Kake,posted,2026-08-22T17:45:45.182879,2959
10aedeb19bb067ad,https://uy.linkedin.com/jobs/view/account-manager-at-manpowergroup-4454129900,Account Manager,ManpowerGroup,posted,2026-08-22T17:45:52.206032,417
c98d032be81c3fc4,https://uy.linkedin.com/jobs/view/supervisor-de-operaciones-at-nexum-consulting-4454671599,Supervisor de Operaciones,,scraped,2026-08-22T17:45:58.914246,
2db4e7abdef1ab66,https://uy.linkedin.com/jobs/view/test-architect-%E2%80%93-regression-quality-strategy-at-oowlish-4457014564,Test Architect – Regression & Quality Strategy,,scraped,2026-08-22T17:46:12.512266,
26f4172ec0ef2a07,https://uy.linkedin.com/jobs/view/data-analyst-at-pluxee-4452861596,Data Analyst,,scraped,2026-08-22T17:46:21.477794,
c228c126b5666318,https://uy.linkedin.com/jobs/view/ticketing-and-fulfillment-support-specialist-at-nexion-travel-group-4455932946,Ticketing and Fulfillment Support Specialist,Nexion Travel Group,posted,2026-08-22T17:46:32.836931,2697
b64ffabd12f1568c,https://uy.linkedin.com/jobs/view/supervisor-de-ventas-canal-horeca-at-montse-perera-consultor%C3%ADa-y-transformaci%C3%B3n-organizacional-4457550671,Supervisor de Ventas - Canal Horeca,,scraped,2026-08-22T17:46:37.378675,
11340e7b3d9cfa52,https://uy.linkedin.com/jobs/view/search-specialist-at-wpp-media-4454661436,Search Specialist,WPP Media,posted,2026-08-22T17:47:05.526687,2961
7a7afbc47a629a48,https://uy.linkedin.com/jobs/view/data-scientist-azure-databricks-at-tata-consultancy-services-4457501066,Data Scientist Azure Databricks,Tata Consultancy Services,posted,2026-08-22T17:47:20.402057,2963
ec9e61c24bf62475,https://uy.linkedin.com/jobs/view/marketing-project-manager-at-whs-inc-4457075099,Marketing Project Manager,WHS Inc.,posted,2026-08-22T17:47:51.083065,2965
dd4225ce28d45577,https://uy.linkedin.com/jobs/view/full-stack-elixir-%2B-react-engineer-remote-work-at-bairesdev-4454996022,Full-Stack Elixir + React Engineer - Remote Work,BairesDev,posted,2026-08-22T17:48:07.960995,1684
3eb053303eebd26c,https://uy.linkedin.com/jobs/view/desarrollador-salesforce-trabajo-remoto-at-bairesdev-4454792150,Desarrollador Salesforce - Trabajo Remoto,BairesDev,posted,2026-08-22T17:48:24.955419,1860
66f2c53066e91f8e,https://uy.linkedin.com/jobs/view/full-stack-developer-elixir-phoenix-%2B-ruby-on-rails-remote-latin-america-at-fullstack-4455964884,Full Stack Developer (Elixir/Phoenix + Ruby on Rails) - Remote - Latin America,FullStack,posted,2026-08-22T17:48:29.878720,2757
1a4941d8e7460ad8,https://uy.linkedin.com/jobs/view/microsoft-dynamics-365-developer-remote-latin-america-at-fullstack-4446936266,Microsoft Dynamics 365 Developer - Remote - Latin America,FullStack,posted,2026-08-22T17:48:40.884248,1974
5313e02307c53d66,https://uy.linkedin.com/jobs/view/full-stack-developer-elixir-phoenix-%2B-ruby-on-rails-remote-latin-america-at-fullstack-4455975189,Full Stack Developer (Elixir/Phoenix + Ruby on Rails) - Remote - Latin America,FullStack,posted,2026-08-22T17:48:45.763486,2757
361bed7c8d0bd482,https://uy.linkedin.com/jobs/view/full-stack-developer-elixir-phoenix-%2B-ruby-on-rails-remote-latin-america-at-fullstack-4455976204,Full Stack Developer (Elixir/Phoenix + Ruby on Rails) - Remote - Latin America,FullStack,posted,2026-08-22T17:48:54.895436,2757
d11ce6775b316fee,https://uy.linkedin.com/jobs/view/project-manager-it-remote-work-at-bairesdev-4456001393,Project Manager (IT) - Remote Work,BairesDev,posted,2026-08-22T17:49:03.358690,2967
c66c3db3278ef60c,https://uy.linkedin.com/jobs/view/machine-learning-engineer-remote-work-at-bairesdev-4455683870,Machine Learning Engineer - Remote Work,BairesDev,posted,2026-08-22T17:49:10.525048,1009
ed966b412a9c36b9,https://uy.linkedin.com/jobs/view/electrical-engineer-iii-at-integer-holdings-corporation-4457087062,Electrical Engineer III,Integer Holdings Corporation,posted,2026-08-22T17:49:50.436700,2969
f7343c5132720b15,https://uy.linkedin.com/jobs/view/sales-executive-for-campus-live-remote-work-at-bairesdev-4454784357,Sales Executive for Campus Live - Remote Work,BairesDev,posted,2026-08-22T17:49:55.479924,567
dbbd750521a08171,https://uy.linkedin.com/jobs/view/senior-data-engineer-python-%2B-power-bi-remote-latin-america-at-fullstack-4456752708,Senior Data Engineer (Python + Power BI) - Remote - Latin America,FullStack,posted,2026-08-22T17:50:00.730984,2865
defd9d044f307609,https://uy.linkedin.com/jobs/view/planner-de-manufactura-at-satellogic-4457521082,Planner de Manufactura,,scraped,2026-08-22T17:50:09.305220,
1ef03d510b8eea96,https://uy.linkedin.com/jobs/view/regional-compliance-officer-at-zonamerica-4453498138,Regional Compliance Officer,,scraped,2026-08-22T17:50:17.285236,
0c5a315b636f02f1,https://uy.linkedin.com/jobs/view/analista-financiero-at-experis-uruguay-4454642065,Analista financiero,,scraped,2026-08-22T17:50:25.717057,
da1ad59314554d0a,https://uy.linkedin.com/jobs/view/consultor-a-de-soporte-%C3%A1rea-de-recursos-humanos-at-work-office-4457060350,Consultor/a de Soporte - Área de Recursos Humanos,,scraped,2026-08-22T17:50:33.825619,
ecaed16ab3beb446,https://uy.linkedin.com/jobs/view/project-manager-it-services-at-tata-consultancy-services-4457384132,Project Manager IT Services,Tata Consultancy Services,posted,2026-08-22T17:50:56.375951,2971
7fb69ee3e9ac15e3,https://uy.linkedin.com/jobs/view/sales-executive-at-pluxee-uruguay-4453888693,Sales Executive,,scraped,2026-08-22T17:50:58.999071,
b5453c27eb8f62fb,https://uy.linkedin.com/jobs/view/finance-and-reporting-junior-specialist-at-kuehne%2Bnagel-4456406618,Finance and Reporting Junior Specialist,,scraped,2026-08-22T17:51:05.883306,
33dd3d733b077b79,https://uy.linkedin.com/jobs/view/sap-abap-fiori-consultant-at-tata-consultancy-services-4457500034,SAP ABAP/FIORI Consultant,Tata Consultancy Services,posted,2026-08-22T17:51:22.518461,2973
43d50fc66c1edaa0,https://uy.linkedin.com/jobs/view/ejecutivo-comercial-b2b-iluminaci%C3%B3n-electricidad-construcci%C3%B3n-at-talenter-4457340254,"Ejecutivo Comercial B2B - (iluminación, electricidad, construcción)",,scraped,2026-08-22T17:51:31.210905,
bb23876e904c6c8c,https://uy.linkedin.com/jobs/view/project-specialist-at-altisource-4457009148,Project Specialist,,scraped,2026-08-22T17:51:45.903335,
6621a9522549a53c,https://uy.linkedin.com/jobs/view/semi-senior-de-contabilidad-reporting-at-forvis-mazars-in-uruguay-4455016717,Semi Senior de Contabilidad & Reporting,,scraped,2026-08-22T17:51:57.063771,
37773c479bfbe03c,https://uy.linkedin.com/jobs/view/senior-machine-learning-engineer-at-coderio-4455918178,Senior Machine Learning Engineer,Coderio | Software Company,posted,2026-08-22T17:52:10.380588,2975
78a37531db80f155,https://uy.linkedin.com/jobs/view/lawyer-at-pluspetrol-4457016382,LAWYER,Pluspetrol,posted,2026-08-22T17:52:28.117807,2977
f601ba474bd61e23,https://uy.linkedin.com/jobs/view/auxiliar-t%C3%A9cnico-qu%C3%ADmico-at-ciemsa-4457059366,Auxiliar Técnico Químico,,scraped,2026-08-22T17:52:30.717733,
4acdca319c9d6d43,https://uy.linkedin.com/jobs/view/entertainment-and-corporate-specialist-at-internova-travel-group-4454654193,Entertainment and Corporate Specialist,Internova Travel Group,posted,2026-08-22T17:52:41.666948,1080
78e83c6d87d1ad6a,https://uy.linkedin.com/jobs/view/idb-invest-development-impact-director-real-sector-operations-at-idb-invest-4454694515,IDB Invest - Development Impact Director - Real Sector Operations,BID Invest,posted,2026-08-22T17:52:50.785078,2979
4c54c9c2b0c0a6d3,https://uy.linkedin.com/jobs/view/sr-data-engineer-at-promtior-4453494557,Sr. Data Engineer,,scraped,2026-08-22T17:52:55.422456,
b693389e08c7e3b5,https://uy.linkedin.com/jobs/view/lead-visual-designer-at-%2B%2Bhellohello-4456757606,Lead Visual Designer,,scraped,2026-08-22T17:53:02.193016,
411883fc94662434,https://uy.linkedin.com/jobs/view/promovendedor-a-at-manitos-4454669676,Promovendedor/a,,scraped,2026-08-22T17:53:11.021121,
0bb1482934539da8,https://uy.linkedin.com/jobs/view/analista-senior-de-comercio-exterior-at-auren-uruguay-4457536388,Analista Senior de Comercio Exterior,,scraped,2026-08-22T17:53:18.807330,
b2c9c2f08188b2f9,https://uy.linkedin.com/jobs/view/supervisor-a-de-canal-supermercados-at-grupo-arcor-4454672341,Supervisor/a de Canal Supermercados,,scraped,2026-08-22T17:53:28.540273,
0d86e4810f530d4c,https://uy.linkedin.com/jobs/view/animador-a-at-gomibaya-4454900169,Animador/a,,scraped,2026-08-22T17:53:35.618476,
90cd833799cc53ff,https://uy.linkedin.com/jobs/view/oficial-de-mantenimiento-el%C3%A9ctrico-at-grupo-transamerican-4457065327,Oficial de Mantenimiento Eléctrico,,scraped,2026-08-22T17:53:45.915802,
0fa1aeb67fd42fcc,https://uy.linkedin.com/jobs/view/mobile-paid-media-growth-manager-app-campaigns-at-idt-corporation-4456766460,Mobile Paid Media/Growth Manager (App Campaigns),IDT Corporation,posted,2026-08-22T17:54:01.597470,2981
f6c52c2b30c6f2c3,https://uy.linkedin.com/jobs/view/vendedor-a-para-punto-de-venta-en-montevideo-at-ucm-4457567430,Vendedor/a para Punto de venta en Montevideo,,scraped,2026-08-22T17:54:04.211891,
b30d621c85b39a44,https://uy.linkedin.com/jobs/view/gerente-de-servicios-at-corporaci%C3%B3n-de-maquinaria-4449227661,Gerente de servicios,,scraped,2026-08-22T17:54:12.940595,
5a5900b29a7a7d72,https://uy.linkedin.com/jobs/view/supply-operations-quality-manager-market-lead-uruguay-paraguay-at-pfizer-4457011122,Supply Operations Quality Manager/ Market Lead Uruguay/ Paraguay,Pfizer,posted,2026-08-22T17:54:35.095668,2983
a7cc3d05b8ffe6bf,https://uy.linkedin.com/jobs/view/%F0%9F%9A%9B-vendedor-senior-de-camiones-4454646486,🚛 Vendedor Senior de Camiones,Sodamerica,posted,2026-08-22T17:54:48.582367,2985
4b7fd4f359c3fc89,https://uy.linkedin.com/jobs/view/estudiantes-universitarios-at-megalabs-4457568445,Estudiantes universitarios,,scraped,2026-08-22T17:54:51.218133,
1014d641005da579,https://uy.linkedin.com/jobs/view/analista-sr-hrbp-temporal-at-alsea-sudam%C3%A9rica-4453487623,Analista SR HRBP (TEMPORAL),Alsea Sudamérica,posted,2026-08-22T17:55:06.921755,2987
73dd2b2fdfcae708,https://uy.linkedin.com/jobs/view/freelance-electrcial-bim-specialist-global-projects-hourly-rate-at-eng-4405256605,Freelance Electrcial BIM Specialist- Global Projects / Hourly rate,ENG,posted,2026-08-22T17:55:15.321390,2989
97656f2acc2dfa8d,https://uy.linkedin.com/jobs/view/remote-property-manager-at-allview-real-estate-4457381753,Remote Property Manager,AllView Real Estate,posted,2026-08-22T17:55:20.343070,779
963de01968abfaeb,https://uy.linkedin.com/jobs/view/pasante-de-finanzas-uruguay-at-msd-latam-4457512412,Pasante de Finanzas - Uruguay,,scraped,2026-08-22T17:55:22.981564,
81fc1027c0ba3266,https://uy.linkedin.com/jobs/view/financial-reporting-semi-senior-analyst-na-fixed-term-project-based-at-basf-4454682642,Financial Reporting Semi Senior Analyst NA (fixed-term project-based),,scraped,2026-08-22T17:55:31.801236,
d0439660b36ab8b0,https://uy.linkedin.com/jobs/view/consultor-pec-dise%C3%B1o-programa-mejora-est%C3%A1ndares-de-elaboraci%C3%B3n-inocuidad-y-capacidades-enol%C3%B3gicas-at-inter-american-development-bank-4454162203,"Consultor PEC - Diseño Programa Mejora Estándares de Elaboración, Inocuidad y Capacidades Enológicas",Banco Interamericano de Desarrollo,posted,2026-08-22T17:55:45.773396,2991
69c2303436b5edc1,https://uy.linkedin.com/jobs/view/foguista-frigorista-contrato-a-t%C3%A9rmino-florida-at-conaprole-4456126159,Foguista Frigorista (Contrato a término)- Florida,,scraped,2026-08-22T17:55:50.367119,
db46cda270833cc9,https://uy.linkedin.com/jobs/view/video-recorder-at-crossing-hurdles-4456214634,Video Recorder,Crossing Hurdles,posted,2026-08-22T17:56:07.418036,2993
d04594fc0ae4ce70,https://uy.linkedin.com/jobs/view/ssr-comm-back-office-analyst-at-pluspetrol-4456388509,SSR. COMM. BACK OFFICE ANALYST,Pluspetrol,posted,2026-08-22T17:56:20.474875,2995
6164078a9d5df9a5,https://uy.linkedin.com/jobs/view/asesor-t%C3%A9cnico-de-contexto-suplencia-maternal-at-aldeas-infantiles-sos-uruguay-4454685230,Asesor Técnico de Contexto - Suplencia Maternal,,scraped,2026-08-22T17:56:25.149887,
9ef11f07450e9311,https://uy.linkedin.com/jobs/view/ingeniero-o-tecn%C3%B3logo-mec%C3%A1nico-at-estilo-srl-4453476447,Ingeniero o Tecnólogo Mecánico,Estilo SRL,posted,2026-08-22T17:56:45.519811,2997
4fa37506b01b137e,https://uy.linkedin.com/jobs/view/r%C3%A9pondez-%C3%A0-des-enqu%C3%AAtes-de-chez-vous-pendant-votre-temps-libre-%21-studentjob-ch-at-jobster-4455664377,Répondez à des enquêtes de chez vous pendant votre temps libre ! - Studentjob.ch,,scraped,2026-08-22T17:57:00.199683,
0dab32fce4fbfaf7,https://uy.linkedin.com/jobs/view/sinnvoller-job-als-dialoger-in-in-teamarbeit-%E2%80%93-einsatz-f%C3%BCr-menschenrechte-tiere-und-umwelt-studentjob-ch-at-jobster-4455671714,"Sinnvoller Job als Dialoger*in in Teamarbeit – Einsatz für Menschenrechte, Tiere und Umwelt - Studentjob.ch",,scraped,2026-08-22T17:57:16.832466,
b289fe9641cf649c,https://uy.linkedin.com/jobs/view/top-verdienen-in-der-schweiz-200-%E2%82%AC-pro-tag-als-dialoger-in-m-w-d-studentjob-ch-at-jobster-4455648655,Top verdienen in der Schweiz: 200 € pro Tag als Dialoger*in (m/w/d) - Studentjob.ch,,scraped,2026-08-22T17:57:27.116248,
5049585a41ad8ace,https://uy.linkedin.com/jobs/view/vendedores-telemarketers-at-forvis-mazars-in-uruguay-4455052037,Vendedores Telemarketers,,scraped,2026-08-22T17:57:38.212337,
62a7b68aafcc2fba,https://uy.linkedin.com/jobs/view/verdienen-sie-geld-mit-umfragen-die-nur-f%C3%BCr-sie-gemacht-sind-mit-toluna-studentjob-ch-at-jobster-4455648368,"Verdienen Sie Geld mit Umfragen, die nur für Sie gemacht sind, mit Toluna - Studentjob.ch",,scraped,2026-08-22T17:57:48.019929,
4266909786051d39,https://uy.linkedin.com/jobs/view/heimarbeit-homeoffice-mit-online-umfragen-geld-verdienen-von-%C3%BCberall%21-studentjob-ch-at-jobster-4455677255,Heimarbeit / Homeoffice: Mit online-Umfragen Geld verdienen von überall! - Studentjob.ch,,scraped,2026-08-22T17:57:56.810438,
2ce4b684163ffcdb,https://uy.linkedin.com/jobs/view/verdiene-geld-mit-deinen-meinungen-%E2%80%93-flexibler-nebenjob-f%C3%BCr-studenten%21-studentjob-ch-at-jobster-4455677012,Verdiene Geld mit deinen Meinungen – Flexibler Nebenjob für Studenten! - Studentjob.ch,,scraped,2026-08-22T17:58:05.310070,
b03439d52feb3fd8,https://uy.linkedin.com/jobs/view/verdiene-geld-von-zuhause-aus-nebenjob-im-home-office-mit-umfragen-studentjob-ch-at-jobster-4455662624,Verdiene Geld von Zuhause aus: Nebenjob im Home Office mit Umfragen - Studentjob.ch,Jobster,posted,2026-08-22T17:59:12.104393,2999
8bbcc007ce722d53,https://uy.linkedin.com/jobs/view/von-zuhause-geld-verdienen%3F-es-war-nie-einfacher%21-homeoffice-studentjob-ch-at-jobster-4455654683,Von Zuhause Geld verdienen? Es war nie einfacher! Homeoffice - Studentjob.ch,,scraped,2026-08-22T17:59:14.660898,
0496b72a9abf6080,https://uy.linkedin.com/jobs/view/mds-nurse-lvn-part-time-at-pikes-peak-post-acute-4457550239,MDS Nurse LVN- Part Time,Pikes Peak Post Acute,posted,2026-08-22T17:59:32.256638,3001
c6e59b26ab704879,https://uy.linkedin.com/jobs/view/ticketing-and-fulfillment-support-specialist-at-internova-travel-group-4453478719,Ticketing and Fulfillment Support Specialist,Internova Travel Group,posted,2026-08-23T17:44:23.180453,2697
b53785f9e1d2a177,https://uy.linkedin.com/jobs/view/infrastructure-engineer-infra-engineering-at-deel-4453883440,Infrastructure Engineer - Infra Engineering,Deel,posted,2026-08-23T17:44:32.595453,477
1be2306f96a88601,https://uy.linkedin.com/jobs/view/entertainment-and-corporate-specialist-at-internova-global-services-4457388681,Entertainment and Corporate Specialist,Internova Global Services,posted,2026-08-23T17:45:16.688687,1080
f1d9616d49beba0d,https://uy.linkedin.com/jobs/view/revops-solutions-architect-at-go-nimbly-4457395965,RevOps Solutions Architect,Go Nimbly,posted,2026-08-23T17:45:29.237274,3003
2b987acb2a05ea0f,https://uy.linkedin.com/jobs/view/auxiliar-de-elaboraci%C3%B3n-panader%C3%ADa-maldonado-at-el-dorado-4456282885,Auxiliar de Elaboración Panadería - Maldonado,,scraped,2026-08-23T17:45:35.785442,
2803d8e454854513,https://uy.linkedin.com/jobs/view/ejecutivo-comercial-sr-at-aglh-4457888007,Ejecutivo Comercial Sr.,AGLH,posted,2026-08-23T17:46:09.365448,3005
54ecec6f7c8450f6,https://uy.linkedin.com/jobs/view/analyst-strategic-development-at-internova-global-services-4457003364,"Analyst, Strategic Development",Internova Global Services,posted,2026-08-23T17:47:01.230381,3007
4fd238df7b864b99,https://uy.linkedin.com/jobs/view/asistente-de-procesamiento-de-datos-ury-at-craft-4455484247,ASISTENTE DE PROCESAMIENTO DE DATOS_URY,,scraped,2026-08-23T17:47:03.842962,
33d06204e914d994,https://uy.linkedin.com/jobs/view/leisure-booking-coordinator-at-duquesa-travel-group-4456685672,Leisure Booking Coordinator,Duquesa Travel Group,posted,2026-08-23T17:47:23.874636,3009
7dbb45e06cd85b34,https://uy.linkedin.com/jobs/view/quality-assurance-analyst-at-sparq-4456461917,Quality Assurance Analyst,Sparq,posted,2026-08-23T17:47:32.318752,3011
4819685599e58476,https://uy.linkedin.com/jobs/view/ui-engineer-analytics-remote-work-ref%23300962-at-bairesdev-4455971417,UI Engineer (Analytics) - Remote Work | REF#300962,BairesDev,posted,2026-08-23T17:48:01.712613,3013
6414fe5476f1c972,https://uy.linkedin.com/jobs/view/desarrollador-c-c%2B%2B-trabajo-remoto-at-bairesdev-4454759888,Desarrollador C/C++ - Trabajo Remoto,BairesDev,posted,2026-08-23T17:48:06.722137,1814
8e6d2e64be7456a1,https://uy.linkedin.com/jobs/view/especialista-en-adquisici%C3%B3n-de-talento-trabajo-remoto-at-bairesdev-4455433000,Especialista en Adquisición de Talento - Trabajo Remoto,BairesDev,posted,2026-08-23T17:48:32.060052,3015
344c178b364dbb9c,https://uy.linkedin.com/jobs/view/talent-acquisition-associate-remote-work-at-bairesdev-4455419791,Talent Acquisition Associate - Remote Work,BairesDev,posted,2026-08-23T17:48:36.892147,1182
7b320b4bfeeb02f4,https://uy.linkedin.com/jobs/view/mean-developer-at-tata-consultancy-services-4457389106,MEAN Developer,Tata Consultancy Services,posted,2026-08-23T17:48:51.773733,3017
1957e2236d2fbc5d,https://uy.linkedin.com/jobs/view/microsoft-dynamics-365-developer-remote-latin-america-at-fullstack-4446934299,Microsoft Dynamics 365 Developer - Remote - Latin America,FullStack,posted,2026-08-23T17:49:10.769444,1974
e41783bdab568a5f,https://uy.linkedin.com/jobs/view/technical-project-manager-remote-work-at-bairesdev-4454797253,Technical Project Manager - Remote Work,BairesDev,posted,2026-08-23T17:49:15.819122,2188
73572c9ce0224b95,https://uy.linkedin.com/jobs/view/vendedor-non-food-at-el-dorado-4456298916,Vendedor - Non Food,,scraped,2026-08-23T17:49:36.453384,
d85778da4c6b402a,https://uy.linkedin.com/jobs/view/encargados-y-sub-encargados-para-montevideo-at-unilam-4457054466,Encargados y sub encargados para Montevideo,,scraped,2026-08-23T17:49:53.272746,
36b840d12ee3980d,https://uy.linkedin.com/jobs/view/%C3%B3ptico-t%C3%A9cnico-responsable-4455092242,Óptico Técnico Responsable,Óptica Targaryen,posted,2026-08-23T17:50:12.304120,3019
91c0c90a9a064bf2,https://uy.linkedin.com/jobs/view/crm-manager-remote-work-at-bairesdev-4456042166,CRM Manager - Remote Work,BairesDev,posted,2026-08-23T17:50:17.339057,1258
5f00e2ad1f6c034d,https://uy.linkedin.com/jobs/view/ejecutivo-a-de-ventas-de-motos-at-forvis-mazars-in-uruguay-4455015675,Ejecutivo/a de Ventas de Motos,,scraped,2026-08-23T17:50:19.945769,
c850df8127e11f4c,https://uy.linkedin.com/jobs/view/oficial-de-ciberseguridad-at-universal-soluciones-tecnol%C3%B3gicas-4453890888,Oficial de Ciberseguridad,Universal,posted,2026-08-23T17:51:03.251079,3021
14550b94ef303c07,https://uy.linkedin.com/jobs/view/oficiales-de-mantenimiento-electricista-refrigeraci%C3%B3n-at-tienda-inglesa-4456440560,Oficiales de Mantenimiento - Electricista/Refrigeración,Tienda Inglesa,posted,2026-08-23T17:51:26.415425,3023
98eed36cfb488489,https://uy.linkedin.com/jobs/view/%D0%BC%D0%B5%D0%BD%D0%B5%D0%B4%D0%B6%D0%B5%D1%80-%D0%BF%D0%BE-%D0%BF%D1%80%D0%BE%D0%B4%D0%B0%D0%B6%D0%B0%D0%BC-b2b-at-rim-mediagroup-4457885923,Менеджер по продажам B2B,,scraped,2026-08-23T17:51:43.108912,
ec4b56e53170764b,https://uy.linkedin.com/jobs/view/consultor-a-de-soporte-%C3%A1rea-contable-at-work-office-4457070295,Consultor/a de Soporte - Área Contable,,scraped,2026-08-23T17:52:23.947285,
8d7abed7fd4d6a7b,https://uy.linkedin.com/jobs/view/tecn%C3%B3logo-mec%C3%A1nico-at-grupo-transamerican-4457068273,Tecnólogo Mecánico,,scraped,2026-08-23T17:52:30.354767,
565486af596060f0,https://uy.linkedin.com/jobs/view/se%C3%B1or-con-conocimientos-en-sistemas-de-calefacci%C3%B3n-4454677343,Señor con conocimientos en sistemas de calefacción,Cecilia Martinez Carioben SA,posted,2026-08-23T17:52:51.822723,3025
d224e9548f5da910,https://uy.linkedin.com/jobs/view/analista-genexus-senior-at-guf-consultancy-services-4454120576,Analista GeneXus Senior,,scraped,2026-08-23T17:53:08.442409,
540a62c2d37d5cbf,https://uy.linkedin.com/jobs/view/semi-senior-contador-p%C3%BAblico-accounting-reporting-at-andersen-in-uruguay-4454625636,Semi Senior Contador Público - Accounting & Reporting,Andersen in Uruguay,posted,2026-08-23T17:53:25.133020,3027
a0657a5341cc7aa9,https://uy.linkedin.com/jobs/view/financial-advisor-at-fiserv-4456608911,Financial Advisor,Fiserv,posted,2026-08-23T17:53:34.442340,3029
211f4a2e9fea368c,https://uy.linkedin.com/jobs/view/vendedor-part-time-nuevo-centro-uruguay-at-southbay-4454965082,"Vendedor Part Time Nuevo Centro, Uruguay",,scraped,2026-08-23T17:53:37.125948,
6c145524abb372dd,https://uy.linkedin.com/jobs/view/equipo-de-seguridad-at-cipriani-punta-4454127578,Equipo de Seguridad,,scraped,2026-08-23T17:53:51.770522,
de409172a2b9d554,https://uy.linkedin.com/jobs/view/warehouse-handler-i-at-alta-genetics-4452859763,Warehouse Handler I,,scraped,2026-08-23T17:54:02.865071,
dbba26be54ddcb44,https://uy.linkedin.com/jobs/view/housekeeping-base-de-datos-de-talento-at-cipriani-punta-4454682237,Housekeeping:  Base de Datos de Talento,,scraped,2026-08-23T17:54:17.464862,
5b8657617ffadc93,https://uy.linkedin.com/jobs/view/home-office-ihre-meinung-ist-wertvoll-%E2%80%93-lassen-sie-sich-daf%C3%BCr-belohnen%21-studentjob-ch-at-jobster-4455666673,Home Office: Ihre Meinung ist wertvoll – lassen Sie sich dafür belohnen! - Studentjob.ch,,scraped,2026-08-23T17:54:23.907189,
538c0aaede7348a6,https://uy.linkedin.com/jobs/view/docente-de-biolog%C3%ADa-suplencia-at-centros-educativos-impulso-4454119772,Docente de Biología - Suplencia,,scraped,2026-08-23T17:54:38.251073,
fb773c702c958ed7,https://uy.linkedin.com/jobs/view/manager-sales-development-mid-market-latam-at-deel-4455891957,"Manager, Sales Development, Mid-Market | LATAM",Deel,posted,2026-08-24T17:56:35.756937,2831
c61a31d14df0171f,https://uy.linkedin.com/jobs/view/sales-development-representative-mid-market-latam-at-deel-4455899479,"Sales Development Representative, Mid Market | LATAM",Deel,posted,2026-08-24T17:56:47.331944,3031
234506d3d5a1055f,https://uy.linkedin.com/jobs/view/camionero-at-negley-s-a-4454659063,Camionero,Negley S.A.,posted,2026-08-24T17:57:06.876860,3033
03e59274cffbc3a3,https://uy.linkedin.com/jobs/view/infrastructure-engineer-infra-engineering-at-deel-4456500388,Infrastructure Engineer - Infra Engineering,Deel,posted,2026-08-24T17:57:24.047612,477
33e9b3e7b21b50c0,https://uy.linkedin.com/jobs/view/guest-relations-officer-ugy-at-celebrity-cruises-4456855761,Guest Relations Officer - UGY,Celebrity Cruises,posted,2026-08-24T17:57:32.944834,3035
f7f2d4527ef52222,https://uy.linkedin.com/jobs/view/telemarketer-at-casa-tres-contact-center-4455859974,Telemarketer,,scraped,2026-08-24T17:57:39.592406,
6776e2b858b08d43,https://uy.linkedin.com/jobs/view/auxiliar-de-punto-de-venta-at-rigor-pizza-4457069274,Auxiliar de Punto de Venta,RIGOR PIZZA,posted,2026-08-24T17:58:10.538583,3037
218ca563ec5d69ae,https://uy.linkedin.com/jobs/view/auxiliar-de-deposito-en-las-piedras-primera-experiencia-laboral-at-chic-parisien-4457062356,AUXILIAR DE DEPOSITO EN LAS PIEDRAS- PRIMERA EXPERIENCIA LABORAL,Grupo Parisien,posted,2026-08-24T17:58:24.100043,3039
72f73f9ff7c398c9,https://uy.linkedin.com/jobs/view/%D0%BE%D0%BF%D0%B5%D1%80%D0%B0%D1%82%D0%BE%D1%80-%D1%8D%D0%B2%D0%BC-%D0%BD%D0%B0-%D0%BF%D1%80%D0%BE%D1%88%D0%B8%D0%B2%D0%BA%D1%83-%D0%BF%D0%BB%D0%B0%D1%82-at-teplovodokhran-ltd-4458107760,Оператор ЭВМ на прошивку плат,Teplovodokhran Ltd,failed|wp_post_failed,2026-08-24T17:59:05.326082,
2cbf71007d9f09d6,https://uy.linkedin.com/jobs/view/lider-de-ofertas-de-arquitectura-at-berkes-group-4456039892,Lider de Ofertas de Arquitectura,,scraped,2026-08-24T17:59:08.003767,
6b16d6f839df8081,https://uy.linkedin.com/jobs/view/%D1%81%D0%BB%D0%B5%D1%81%D0%B0%D1%80%D1%8C-%D1%81%D0%B1%D0%BE%D1%80%D1%89%D0%B8%D0%BA-%D1%80%D1%8D%D0%B0%D0%B8%D0%BF-at-teplovodokhran-ltd-4457894969,Слесарь-сборщик РЭАиП,Teplovodokhran Ltd,posted,2026-08-24T18:00:06.335629,3041
6443e294df256457,https://uy.linkedin.com/jobs/view/analista-de-planta-de-producci%C3%B3n-at-randstad-uruguay-4454663113,Analista de Planta de Producción,,scraped,2026-08-24T18:00:09.080627,
261cc4e6f898a3a0,https://uy.linkedin.com/jobs/view/auxiliar-de-ventas-jack-jones-montevideo-shopping-at-jack-jones-4456107663,Auxiliar de Ventas - Jack & Jones Montevideo Shopping,,scraped,2026-08-24T18:00:18.356995,
39d2042ed5f027e5,https://uy.linkedin.com/jobs/view/auxiliar-contable-at-kpmg-uruguay-4458191921,Auxiliar contable,KPMG Uruguay,posted,2026-08-24T18:00:30.647976,59
4d97b24604c7840f,https://uy.linkedin.com/jobs/view/modelador-bim-el%C3%A9ctrica-at-csi-4456352136,Modelador BIM - Eléctrica,,scraped,2026-08-24T18:00:37.294470,
84f8f2232e7c4983,https://uy.linkedin.com/jobs/view/qa-automation-engineer-at-applaudo-4456764499,QA Automation Engineer,,scraped,2026-08-24T18:00:48.597735,
36576e2943cc51c9,https://uy.linkedin.com/jobs/view/senior-power-bi-developer-at-round-table-devops-series-%23rtdos-4454748540,senior power bi developer,,scraped,2026-08-24T18:00:55.178256,
22e63d6cda382431,https://uy.linkedin.com/jobs/view/jefe-de-obra-at-tectuy-construcciones-4455896540,Jefe de obra,TECTUY Construcciones,posted,2026-08-24T18:01:16.292960,1606
1b546fc0d3430cf6,https://uy.linkedin.com/jobs/view/automation-tester-engineer-at-tata-consultancy-services-4457379160,Automation Tester Engineer,Tata Consultancy Services,posted,2026-08-24T18:02:08.046146,3043
51e5cb39ee6e387f,https://uy.linkedin.com/jobs/view/manager-sales-development-mid-market-latam-at-deel-4455892907,"Manager, Sales Development, Mid-Market | LATAM",Deel,scraped,2026-08-24T18:02:16.267764,
6f8a4c1352ce928c,https://uy.linkedin.com/jobs/view/business-development-representative-latin-america-remote-position-at-bluelight-4458137009,"Business Development Representative, Latin America, Remote position",Bluelight,posted,2026-08-24T18:02:23.606361,2693
7ca75ccb50d39e19,https://uy.linkedin.com/jobs/view/fullstack-python-%2B-react-engineer-remote-work-at-bairesdev-4456891447,Fullstack Python + React Engineer - Remote Work,BairesDev,posted,2026-08-24T18:02:35.177723,3045
ad57449024a96f02,https://uy.linkedin.com/jobs/view/founding-forward-deployed-engineer-at-deel-4455894483,Founding Forward-Deployed Engineer,Deel,posted,2026-08-24T18:02:44.323356,421
f94991f9a88b5d40,https://uy.linkedin.com/jobs/view/python-ai-engineer-remote-work-at-bairesdev-4457133303,Python AI Engineer - Remote Work,BairesDev,posted,2026-08-24T18:03:06.236497,3047
ec0439f2984c39b1,https://uy.linkedin.com/jobs/view/odont%C3%B3logos-as-para-cl%C3%ADnica-odontol%C3%B3gica-at-euro-4457055405,Odontólogos/as para clínica odontológica,Euro,posted,2026-08-24T18:03:27.776991,3049
c0fb4f7ad3a2d2f2,https://uy.linkedin.com/jobs/view/coordinador-de-emisi%C3%B3n-otros-riesgos-jefe-comercial-grandes-brokers-at-advice-uruguay-4454653355,Coordinador de Emisión Otros Riesgos / Jefe Comercial Grandes Brokers,,scraped,2026-08-24T18:03:32.581006,
7dcb20e1347d23e3,https://uy.linkedin.com/jobs/view/responsable-de-administraci%C3%B3n-y-finanzas-4454635473,Responsable de Administración y Finanzas,Hebraica y Macabi Uruguay,posted,2026-08-24T18:03:47.347821,3051
6c128bba5ffc9a67,https://uy.linkedin.com/jobs/view/devops-senior-at-geopagos-4454122554,DevOps Senior,,scraped,2026-08-24T18:03:51.974917,
1cfea8081b7eaddd,https://uy.linkedin.com/jobs/view/online-aufgaben-umfragen-flexible-m%C3%B6glichkeit-geld-online-zu-verdienen-studentjob-ch-at-jobster-4457122751,"Online Aufgaben & Umfragen - Flexible Möglichkeit, Geld online zu verdienen - Studentjob.ch",,scraped,2026-08-24T18:03:58.511198,
5ced030031b3023f,https://uy.linkedin.com/jobs/view/supervisor-de-desarrollo-%E2%80%94-empresa-nacional-del-sector-financiero-at-missionhires-4457103193,Supervisor de Desarrollo — Empresa nacional del sector financiero,MissionHires,posted,2026-08-24T18:04:26.368072,3053
2fa5dbd735e014c3,https://uy.linkedin.com/jobs/view/encargado-de-sala-y-eventos-at-oxygeno-4455088285,Encargado de sala y eventos,,scraped,2026-08-24T18:04:35.117753,
1777d970f4cc7fba,https://uy.linkedin.com/jobs/view/gerente-de-proyectos-obras-construcci%C3%B3n-at-mta-ingenier%C3%ADa-4458240418,Gerente de proyectos (Obras /Construcción),,scraped,2026-08-24T18:04:43.456978,
b58eaccfab6944db,https://uy.linkedin.com/jobs/view/medio-oficial-electricista-at-elecnor-group-4457394497,Medio Oficial Electricista,,scraped,2026-08-24T18:04:51.674364,
2d08e9404f9a3839,https://uy.linkedin.com/jobs/view/asistente-de-proyectos-educativos-at-redemc-4456514166,Asistente de Proyectos Educativos,,scraped,2026-08-24T18:05:02.035028,
38ac94916f3fc140,https://uy.linkedin.com/jobs/view/english-spanish-bilingual-speaker-voice-recording-remote-at-mindrift-data-annotation-projects-4458204031,English-Spanish Bilingual Speaker - Voice Recording (Remote),Mindrift Data Annotation Projects,posted,2026-08-24T18:05:19.016258,3055
92214f3f5332eca2,https://uy.linkedin.com/jobs/view/asistente-t%C3%A9cnico-unidad-de-saneamiento-ciudad-de-la-costa-at-aym-santa-lucia-4456027217,Asistente Técnico Unidad de Saneamiento Ciudad de la Costa,AyM Santa Lucia,posted,2026-08-24T18:06:36.893009,3057
df8f6dbdaa1f256c,https://uy.linkedin.com/jobs/view/client-services-administrator-at-dreams-travel-cr-4456084066,Client Services Administrator,Dreams Travel CR,posted,2026-08-24T18:06:50.171740,3059
d319f124c5a86e0d,https://uy.linkedin.com/jobs/view/empleado-a-de-mostrador-de-farmacia-at-farmacity-s-a-4454738879,Empleado/a de mostrador de farmacia,,scraped,2026-08-24T18:07:00.806716,
b495ad57227b8a84,https://uy.linkedin.com/jobs/view/administrative-assistant-at-virtustant-4455867454,Administrative Assistant,Virtustant,posted,2026-08-24T18:07:18.761250,1416
8bcc0c0c5e4d220c,https://uy.linkedin.com/jobs/view/arquitecto-a-senior-de-software-vuce-vui-at-uruguay-xxi-4455875431,Arquitecto/a Senior de Software VUCE-VUI,,scraped,2026-08-24T18:07:25.397322,
d721affb70aa308b,https://uy.linkedin.com/jobs/view/purchase-to-pay-finance-analyst-fixed-term-project-based-at-basf-4454683671,Purchase to Pay Finance Analyst (fixed-term project-based),,scraped,2026-08-24T18:07:38.927137,
ed42b934542bf403,https://uy.linkedin.com/jobs/view/asistente-t%C3%A9cnico-a-en-g%C3%A9nero-econom%C3%ADa-y-desarrollo-sostenible-at-undp-careers-4457330524,"Asistente técnico/a en género, economía y desarrollo sostenible",UNDP Careers,posted,2026-08-24T18:08:04.088243,3061
a5509ec05c0b8e59,https://uy.linkedin.com/jobs/view/estudiante-de-contador-p%C3%BAblico-at-pwc-uruguay-4457353797,Estudiante de Contador Público,PwC Uruguay,posted,2026-08-24T18:08:19.681725,3063
b6a1de83c05de805,https://uy.linkedin.com/jobs/view/ingeniero-a-el%C3%A9ctrico-a-at-sin-ingenier%C3%ADa-4454663204,Ingeniero/a Eléctrico/a,,scraped,2026-08-24T18:08:22.152463,
b34f495789156b09,https://uy.linkedin.com/jobs/view/consultor-pec-dise%C3%B1o-agenda-sectorial-de-innovaci%C3%B3n-sostenibilidad-y-adopci%C3%B3n-de-vitivinicultura-at-inter-american-development-bank-4454162204,"Consultor PEC - Diseño Agenda Sectorial de Innovación, Sostenibilidad y Adopción de Vitivinicultura",Banco Interamericano de Desarrollo,posted,2026-08-24T18:08:35.688336,3065
f25913d514eeff30,https://uy.linkedin.com/jobs/view/ai-full-stack-engineer-next-%2B-python-remote-work-at-bairesdev-4456895035,AI Full-stack Engineer (Next + Python) - Remote Work,BairesDev,posted,2026-08-24T18:08:51.337182,3067
05720ed26071153a,https://uy.linkedin.com/jobs/view/fullstack-python-%2B-react-engineer-remote-work-at-bairesdev-4457106284,Fullstack Python + React Engineer - Remote Work,BairesDev,posted,2026-08-24T18:08:58.596107,3045
da7225cfb0eecc27,https://uy.linkedin.com/jobs/view/ai-full-stack-engineer-next-%2B-python-remote-work-at-bairesdev-4456871914,AI Full-stack Engineer (Next + Python) - Remote Work,BairesDev,posted,2026-08-24T18:09:05.684404,3067
a136c11f7d43125e,https://uy.linkedin.com/jobs/view/vendedor-a-de-calle-para-mercado-pago-montevideo-at-manpowergroup-uruguay-4454653620,Vendedor/a de calle para Mercado Pago (Montevideo),,scraped,2026-08-24T18:09:08.384819,
358f4684dcced180,https://uy.linkedin.com/jobs/view/top-verdienen-in-der-schweiz-200-%E2%82%AC-pro-tag-als-dialoger-in-m-w-d-studentjob-ch-at-jobster-4457146307,Top verdienen in der Schweiz: 200 € pro Tag als Dialoger*in (m/w/d) - Studentjob.ch,,scraped,2026-08-24T18:09:23.475226,
3762076389063f3b,https://uy.linkedin.com/jobs/view/von-zuhause-geld-verdienen%3F-es-war-nie-einfacher%21-homeoffice-studentjob-ch-at-jobster-4457129407,Von Zuhause Geld verdienen? Es war nie einfacher! Homeoffice - Studentjob.ch,,scraped,2026-08-24T18:09:34.345425,
eb5b498e220878b9,https://uy.linkedin.com/jobs/view/einfach-mit-umfragen-geld-verdienen-mit-toluna-studentjob-ch-at-jobster-4457115447,"Einfach mit Umfragen Geld verdienen, mit Toluna - Studentjob.ch",,scraped,2026-08-24T18:09:52.723802,
1e96764a40172a81,https://uy.linkedin.com/jobs/view/nebenjob-%E2%80%93-home-office-mit-umfragen-geld-verdienen%21-einfach-von-zuhause-oder-unterwegs-studentjob-ch-at-jobster-4457128992,Nebenjob – Home Office: Mit Umfragen Geld verdienen! Einfach von zuhause oder unterwegs - Studentjob.ch,,scraped,2026-08-24T18:10:01.438565,
cacc7ec3b0b17a5c,https://uy.linkedin.com/jobs/view/online-umfragen-im-home-office-bearbeiten-f%C3%BCr-geld-studentjob-ch-at-jobster-4457155161,Online-Umfragen im Home-Office bearbeiten für Geld - Studentjob.ch,,scraped,2026-08-24T18:10:10.049019,
6a4b403610d115f7,https://uy.linkedin.com/jobs/view/sagen-sie-es%21-teilen-sie-ihre-erkenntnisse-mit%21-umfragen-durchf%C3%BChren-und-geld-verdienen%21-m-w-d-studentjob-ch-at-jobster-4457119214,Sagen Sie es! Teilen Sie Ihre Erkenntnisse mit! Umfragen durchführen und Geld verdienen! (m/w/d) - Studentjob.ch,,scraped,2026-08-24T18:10:18.766344,
877d7808bee9af42,https://uy.linkedin.com/jobs/view/geld-verdienen-online-%E2%80%93-spiele-umfragen-cashback-flexibler-nebenjob-f%C3%BCr-studenten-studentjob-ch-at-jobster-4457143330,"Geld verdienen online – Spiele, Umfragen & Cashback | Flexibler Nebenjob für Studenten - Studentjob.ch",,scraped,2026-08-24T18:10:27.432764,
df292da5f5663fd2,https://uy.linkedin.com/jobs/view/t%C3%A9l%C3%A9travail-r%C3%A9pondez-%C3%A0-des-sondages-studentjob-ch-at-jobster-4457142523,Télétravail: Répondez à des sondages - Studentjob.ch,,scraped,2026-08-24T18:10:35.751779,
a14b2ef56438ef93,https://uy.linkedin.com/jobs/view/verdiene-geld-von-zuhause-aus-nebenjob-im-home-office-mit-umfragen-studentjob-ch-at-jobster-4457142420,Verdiene Geld von Zuhause aus: Nebenjob im Home Office mit Umfragen - Studentjob.ch,,scraped,2026-08-24T18:10:44.236580,
24a7fa55214fd7e6,https://uy.linkedin.com/jobs/view/minijob-nebenjob-ferienjob-remote-teilnehmer-f%C3%BCr-bezahlte-studien-gesucht%21-studentjob-ch-at-jobster-4457136240,Minijob / Nebenjob / Ferienjob / Remote: Teilnehmer für bezahlte Studien gesucht! - Studentjob.ch,,scraped,2026-08-24T18:10:55.156664,
f68ab5ef03979f23,https://uy.linkedin.com/jobs/view/minijob-von-zuhause-aus-verdiene-bares-geld-f%C3%BCr-umfragen-studentjob-ch-at-jobster-4457133832,Minijob von zuhause aus - verdiene bares Geld für Umfragen - Studentjob.ch,,scraped,2026-08-24T18:11:03.618792,
7ea90ee5978b9e03,https://uy.linkedin.com/jobs/view/oracle-data-base-administrator-at-tata-consultancy-services-4457501147,Oracle Data Base Administrator,Tata Consultancy Services,posted,2026-08-25T17:54:23.180952,3069
354575f122d52a25,https://uy.linkedin.com/jobs/view/workday-analyst-remote-work-at-bairesdev-4457600672,Workday Analyst - Remote Work,BairesDev,posted,2026-08-25T17:54:37.377265,3071
95abcd580b70082d,https://uy.linkedin.com/jobs/view/hiring-journey-analyst-remote-work-at-bairesdev-4457605726,Hiring Journey Analyst - Remote Work,BairesDev,posted,2026-08-25T17:54:42.267973,227
9f96d0f43bd6ad63,https://uy.linkedin.com/jobs/view/t%C3%A9cnico-de-presupuestaci%C3%B3n-at-gatt%C3%A1s-constructora-4455859467,Técnico de Presupuestación,,scraped,2026-08-25T17:54:44.842017,
8814af06f15a9ba0,https://uy.linkedin.com/jobs/view/senior-corporate-travel-consultant-at-paramek-4455885721,Senior Corporate Travel Consultant,Paramek,posted,2026-08-25T17:55:08.095361,3073
bbe66c1f249f75f9,https://uy.linkedin.com/jobs/view/auxiliar-de-carnicer%C3%ADa-maldonado-at-el-dorado-4456067392,Auxiliar de Carnicería - Maldonado,,scraped,2026-08-25T17:55:24.656556,
cfe7434127867278,https://uy.linkedin.com/jobs/view/et-fcc-epm-techno-functional-specialist-at-plan-a-technologies-4456296577,ET FCC / EPM Techno-Functional Specialist,Plan A Technologies,posted,2026-08-25T17:55:42.154818,3075
6b189c696b610cff,https://uy.linkedin.com/jobs/view/trader-s%C3%AAnior-at-3tentos-4458515228,Trader Sênior,,scraped,2026-08-25T17:55:50.864926,
7976cf16b55b5450,https://uy.linkedin.com/jobs/view/solutions-architect-at-qubika-4445943701,Solutions Architect,Qubika,posted,2026-08-25T17:55:59.863457,1796
03c17150e8af6fd9,https://uy.linkedin.com/jobs/view/socio-consultor-at-era-group-4458778572,Socio Consultor,ERA Group,posted,2026-08-25T17:56:10.004949,3077
51a2833cae840b22,https://uy.linkedin.com/jobs/view/auxiliar-de-gestion-despachante-de-aduanas-at-human-experience-4456900583,Auxiliar de gestion. despachante de aduanas,human experience,posted,2026-08-25T17:56:29.776454,3079
091f7901650f9f9a,https://uy.linkedin.com/jobs/view/full-stack-laravel-%2B-react-developer-remote-latin-america-at-bluelight-4458582284,"Full Stack Laravel + React Developer - Remote, Latin America",Bluelight,posted,2026-08-25T17:56:42.515172,3081
ff5fdd01910bdf14,https://uy.linkedin.com/jobs/view/analista-prevenci%C3%B3n-de-fraude-robo-de-identidad-at-mercado-libre-4455885708,Analista Prevención de Fraude - Robo de Identidad,,scraped,2026-08-25T17:56:59.138318,
5e8bf13b52d9cd3a,https://uy.linkedin.com/jobs/view/agente-inmobiliario-at-fine-country-4433132327,Agente inmobiliario,Fine &amp; Country,posted,2026-08-25T17:57:12.156925,213
8c8d06b7286bb4b4,https://uy.linkedin.com/jobs/view/devops-i%2Bd-trabajo-remoto-at-bairesdev-4457604041,DevOps / I+D - Trabajo Remoto,BairesDev,posted,2026-08-25T17:57:51.306178,3083
99d598e2fe5572d9,https://uy.linkedin.com/jobs/view/manager-sales-development-mid-market-latam-at-deel-4456510304,"Manager, Sales Development, Mid-Market | LATAM",Deel,posted,2026-08-25T17:58:00.357863,2831
59e58cbb9c78b878,https://uy.linkedin.com/jobs/view/python-developer-investigaci%C3%B3n-y-desarrollo-trabajo-remoto-at-bairesdev-4457495390,Python Developer / Investigación y Desarrollo - Trabajo Remoto,BairesDev,posted,2026-08-25T17:58:23.141450,3085
85ed3a6496ff4fe0,https://uy.linkedin.com/jobs/view/full-stack-developer-at-tata-consultancy-services-4457398042,Full Stack Developer,Tata Consultancy Services,posted,2026-08-25T17:58:31.110626,253
04ce0494078be9fe,https://uy.linkedin.com/jobs/view/ai-engineer-remote-work-at-bairesdev-4457602764,AI Engineer - Remote Work,BairesDev,posted,2026-08-25T17:58:43.171693,3087
aff8b03e12e1401e,https://uy.linkedin.com/jobs/view/vacantes-por-temporada-rocha-at-el-dorado-4456071352,Vacantes por Temporada - Rocha,,scraped,2026-08-25T17:58:47.738118,
8a5b56817cc30285,https://uy.linkedin.com/jobs/view/full-stack-developer-java-%2B-typescript-%2B-react-native-remote-latin-america-at-fullstack-4448630740,Full Stack Developer (Java + TypeScript + React Native) - Remote - Latin America,FullStack,posted,2026-08-25T17:59:01.276925,2230
ffd25643acebe740,https://uy.linkedin.com/jobs/view/senior-accounts-receivable-revenue-operations-specialist-at-veta-virtual-4457410780,Senior Accounts Receivable & Revenue Operations Specialist,,scraped,2026-08-25T17:59:08.032619,
5244f8bbceaea5b0,https://uy.linkedin.com/jobs/view/comercial-jr-uruguay-interior-del-pa%C3%ADs-at-cargill-4456948286,Comercial Jr. Uruguay (Interior del País),Cargill,posted,2026-08-25T17:59:38.668302,3089
2c3883af45550cca,https://uy.linkedin.com/jobs/view/global-delivery-center-analyst-at-wtw-4457602075,Global Delivery Center Analyst,WTW,posted,2026-08-25T17:59:56.595475,3091
96667d419ab2c92d,https://uy.linkedin.com/jobs/view/comercial-jr-uruguay-interior-del-pa%C3%ADs-at-cargill-4456963153,Comercial Jr. Uruguay (Interior del País),Cargill,posted,2026-08-25T18:00:08.730993,3093
464255317b6f16c0,https://uy.linkedin.com/jobs/view/administrador-a-de-servidores-senior-at-entrust-servicios-profesionales-de-recursos-humanos-4456520229,Administrador/a de Servidores Senior,,scraped,2026-08-25T18:00:11.324145,
099ad68c9a1774f8,https://uy.linkedin.com/jobs/view/full-stack-laravel-%2B-react-developer-remote-latin-america-at-bluelight-4458597193,"Full Stack Laravel + React Developer - Remote, Latin America",Bluelight,posted,2026-08-25T18:00:35.405353,3081
99e4bf7a543ebfbd,https://uy.linkedin.com/jobs/view/representante-del-servicio-de-atenci%C3%B3n-al-cliente-at-paselibre-4454141464,Representante del servicio de atención al cliente,,scraped,2026-08-25T18:00:44.146362,
5756daa2c47e10c0,https://uy.linkedin.com/jobs/view/encargado-fiscal-at-estudio-nopitsch-asociados-4454111599,Encargado Fiscal,,scraped,2026-08-25T18:00:51.052801,
8a2aea08b4583e00,https://uy.linkedin.com/jobs/view/analista-de-marketing-y-cx-at-getnet-4458284782,Analista de Marketing y CX,,scraped,2026-08-25T18:01:07.480612,
66186dc0c3ca8d0f,https://uy.linkedin.com/jobs/view/comercial-at-alsina-formwork-4458762930,Comercial,,scraped,2026-08-25T18:01:22.131622,
0a771cee3f540721,https://uy.linkedin.com/jobs/view/operador-de-soporte-at-scanntech-uruguay-4458280175,Operador de soporte,,scraped,2026-08-25T18:01:42.939001,
6b15f063089c08a2,https://uy.linkedin.com/jobs/view/intercompany-invoicing-analyst-fixed-term-project-based-at-basf-4452856236,Intercompany & Invoicing Analyst (fixed-term project-based),,scraped,2026-08-25T18:02:01.972939,
8995177db0ab7b2a,https://uy.linkedin.com/jobs/view/analista-senior-de-prevenci%C3%B3n-de-fraude-account-device-takeover-at-mercado-libre-4455885707,Analista Senior de Prevención de Fraude - Account & Device Takeover,,scraped,2026-08-25T18:02:09.757217,
de12ca1ee9889b0d,https://uy.linkedin.com/jobs/view/l%C3%ADder-de-implementaci%C3%B3n-erp-at-laboratorio-gram%C3%B3n-bag%C3%B3-4453447828,Líder de Implementación ERP,,scraped,2026-08-25T18:02:18.849274,
197aa4502ae1356f,https://uy.linkedin.com/jobs/view/business-analyst-trainee-%E2%80%94-marketing-automation-ai-at-clear-summit-group-4456897449,Business Analyst Trainee — Marketing Automation & AI,Clear Summit Group,posted,2026-08-25T18:02:55.215643,3095
0dc38cdacf76ccef,https://uy.linkedin.com/jobs/view/asistente-de-reclutamiento-y-selecci%C3%B3n-temporal-maldonado-at-tienda-inglesa-4457886016,Asistente de Reclutamiento y Selección Temporal - Maldonado,Tienda Inglesa,posted,2026-08-25T18:03:18.690003,3097
5192d4c9d6d15542,https://uy.linkedin.com/jobs/view/home-office-ihre-meinung-ist-wertvoll-%E2%80%93-lassen-sie-sich-daf%C3%BCr-belohnen%21-studentjob-ch-at-jobster-4457129510,Home Office: Ihre Meinung ist wertvoll – lassen Sie sich dafür belohnen! - Studentjob.ch,Jobster,posted,2026-08-25T18:03:54.838583,3099
216565480521c01f,https://uy.linkedin.com/jobs/view/mid-senior-full-stack-engineer-java-python-%2B-react-typescript-aws-latam-at-athenaworks-4455612909,"Mid-Senior Full-Stack Engineer (Java /Python + React, TypeScript, AWS) -LATAM",Athenaworks,posted,2026-08-25T18:04:09.169831,3101
e7a7aad7f68caf8c,https://uy.linkedin.com/jobs/view/analista-en-ciberseguridad-at-talenter-4457153962,Analista en Ciberseguridad,,scraped,2026-08-25T18:04:13.891713,
0f45120c15240740,https://uy.linkedin.com/jobs/view/mid-senior-full-stack-engineer-java-python-%2B-react-typescript-aws-latam-at-athenaworks-4455607963,"Mid-Senior Full-Stack Engineer (Java /Python + React, TypeScript, AWS) -LATAM",Athenaworks,posted,2026-08-25T18:04:24.472045,3101
e16996ec9b6a4f53,https://uy.linkedin.com/jobs/view/fullstack-developer-python-react-at-talan-4458743267,Fullstack Developer (Python/React),,scraped,2026-08-25T18:04:33.055720,
a38e476770201b07,https://uy.linkedin.com/jobs/view/senior-accountant-at-veta-virtual-4457197906,Senior Accountant,,scraped,2026-08-25T18:04:48.104993,
ac29ae47e69f35da,https://uy.linkedin.com/jobs/view/sinnvoller-job-als-dialoger-in-in-teamarbeit-%E2%80%93-einsatz-f%C3%BCr-menschenrechte-tiere-und-umwelt-studentjob-ch-at-jobster-4457139524,"Sinnvoller Job als Dialoger*in in Teamarbeit – Einsatz für Menschenrechte, Tiere und Umwelt - Studentjob.ch",,scraped,2026-08-25T18:05:02.417247,
c364e82eedf036af,https://uy.linkedin.com/jobs/view/senior-ai-engineer-python-llms-remote-work-at-bairesdev-4457481838,"Senior AI Engineer (Python, LLMs) - Remote Work",BairesDev,posted,2026-08-25T18:05:21.199340,3103
ba9de0333438543b,https://uy.linkedin.com/jobs/view/talent-quality-auditor-remote-work-at-bairesdev-4457951850,Talent Quality Auditor - Remote Work,BairesDev,posted,2026-08-26T19:23:49.498000,1488
dbdfaa85e2935d6d,https://uy.linkedin.com/jobs/view/corporate-spanish-trainer-english-bilingual-at-gofluent-4457944664,Corporate Spanish Trainer (English Bilingual),,scraped,2026-08-26T19:23:52.145920,
ac3eb4aac66a1bbb,https://uy.linkedin.com/jobs/view/devops-trabajo-remoto-at-bairesdev-4457961011,DevOps - Trabajo Remoto,BairesDev,posted,2026-08-26T19:24:04.547267,1640
5f7448547a6ef1a2,https://uy.linkedin.com/jobs/view/career-day-2026-trafigura-uruguay-at-trafigura-4457286277,Career Day 2026 Trafigura Uruguay,,scraped,2026-08-26T19:24:07.181043,
97b016b31ee89677,https://uy.linkedin.com/jobs/view/dba-aurora-at-boz-4459030556,DBA ( Aurora),BOZ,posted,2026-08-26T19:24:20.448097,3105
a0f33858da1fb26e,https://uy.linkedin.com/jobs/view/vendedor-4451777551,Vendedor,Svideo SRL,posted,2026-08-26T19:24:24.900836,1454
ed5c7307b626691f,https://uy.linkedin.com/jobs/view/analista-de-cumplimiento-at-scanntech-uruguay-4458236292,Analista de Cumplimiento,,scraped,2026-08-26T19:24:41.503852,
e1f6320a704496d8,https://uy.linkedin.com/jobs/view/executivo-de-vendas-em-portugu%C3%AAs-telemarketing-at-seek4talent-4457271444,Executivo de vendas em Português - Telemarketing,Seek4Talent,posted,2026-08-26T19:24:56.996240,3107
d8df0334e8a1fcc4,https://uy.linkedin.com/jobs/view/devops-engineer-senior-level-at-globant-4457638560,DevOps Engineer Senior-Level,Globant,posted,2026-08-26T19:25:07.538299,3109
c398fe9424a7db5d,https://uy.linkedin.com/jobs/view/complaints-specialist-at-cover-genius-4458531729,Complaints Specialist,Cover Genius,posted,2026-08-26T19:25:19.626818,3111
6e3ec11c0e82c3b1,https://uy.linkedin.com/jobs/view/contador-p%C3%BAblico-lider-de-equipo-at-fern%C3%A1ndez-secco-asociados-4455868843,Contador Público lider de equipo,,scraped,2026-08-26T19:25:24.483612,
29fa354d08d1f730,https://uy.linkedin.com/jobs/view/business-growth-manager-at-flokzu-4455876827,Business Growth Manager,,scraped,2026-08-26T19:25:35.547439,
fda65982571357e1,https://uy.linkedin.com/jobs/view/qa-analyst-at-jam-city-4456531150,QA Analyst,Jam City,posted,2026-08-26T19:25:44.726102,651
e7973bb3e5c6b565,https://uy.linkedin.com/jobs/view/logistics-foreman-uy-at-core-code-io-4457657697,Logistics Foreman UY,Core Code io,posted,2026-08-26T19:25:58.121449,3113
17e26b2626a35122,https://uy.linkedin.com/jobs/view/staff-platform-engineer-at-nango-4459196559,Staff Platform Engineer,Nango,posted,2026-08-26T19:26:12.901410,3115
fcb10be8547a1001,https://uy.linkedin.com/jobs/view/media-project-manager-at-nexum-consulting-4455888801,Media Project Manager,,scraped,2026-08-26T19:26:15.589091,
37c88e5882c7c6ae,https://uy.linkedin.com/jobs/view/arquitecto-a-senior-de-software-vuce-vui-at-uruguay-xxi-4457266295,Arquitecto/a Senior de Software VUCE-VUI,,scraped,2026-08-26T19:26:30.428318,
92062958a6a55eb0,https://uy.linkedin.com/jobs/view/analytics-analyst-at-homera-health-4459111030,Analytics Analyst,Homera Health,posted,2026-08-26T19:26:44.595020,3117
60462e425439f4c3,https://uy.linkedin.com/jobs/view/especialista-en-prevenci%C3%B3n-de-fraudes-at-mercado-libre-4456965654,Especialista en Prevención de Fraudes,,scraped,2026-08-26T19:26:47.349060,
406493322dafdc29,https://uy.linkedin.com/jobs/view/facility-manager-at-criteria-4456529650,Facility Manager,,scraped,2026-08-26T19:26:59.876704,
56b798c8b929d62f,https://uy.linkedin.com/jobs/view/jefe-a-de-pintura-at-nordex-sa-4457261346,Jefe/a de Pintura,,scraped,2026-08-26T19:27:14.326837,
a3a72f846e6a2805,https://uy.linkedin.com/jobs/view/ingeniero-de-software-net-trabajo-remoto-at-bairesdev-4457158615,Ingeniero de Software .NET - Trabajo Remoto,BairesDev,posted,2026-08-26T19:27:27.373066,1952
d132a460b953107c,https://uy.linkedin.com/jobs/view/desarrollador-c-c%2B%2B-trabajo-remoto-at-bairesdev-4457948053,Desarrollador C/C++ - Trabajo Remoto,BairesDev,posted,2026-08-26T19:27:32.290918,1814
a2556f98acb76202,https://uy.linkedin.com/jobs/view/supervisor-a-de-calidad-y-operaciones-de-transmisiones-en-vivo-at-city-explorer-live-streaming-hub-4457482269,SUPERVISOR/A DE CALIDAD Y OPERACIONES DE TRANSMISIONES EN VIVO,City Explorer - Live Streaming Hub,posted,2026-08-26T19:27:44.815511,3119
766896a4990a3cef,https://uy.linkedin.com/jobs/view/virtual-assistant-at-cs-outsource-4457653434,Virtual Assistant,CS Outsource,posted,2026-08-26T19:27:51.597825,383
abb78d7c6b56d2e2,https://uy.linkedin.com/jobs/view/customer-service-representative-uy-at-core-code-io-4457650772,Customer Service Representative UY,Core Code io,posted,2026-08-26T19:28:00.915732,3121
76f0075433d33f60,https://uy.linkedin.com/jobs/view/analista-de-marketing-y-cx-at-getnet-4456508758,Analista de Marketing y CX,,scraped,2026-08-26T19:28:07.703270,
13652a70c2511ff5,https://uy.linkedin.com/jobs/view/recruiting-analyst-remote-work-at-bairesdev-4457993074,Recruiting Analyst - Remote Work,BairesDev,posted,2026-08-26T19:28:17.082177,2130
4867d8e3c326313c,https://uy.linkedin.com/jobs/view/project-manager-remote-work-at-bairesdev-4457945473,Project Manager - Remote Work,BairesDev,posted,2026-08-26T19:28:28.041421,471
357d4815f7a76a05,https://uy.linkedin.com/jobs/view/machine-learning-engineer-remote-work-at-bairesdev-4457967127,Machine Learning Engineer - Remote Work,BairesDev,posted,2026-08-26T19:28:56.999218,1009
99f717616ea56d56,https://uy.linkedin.com/jobs/view/l%C3%ADder-t%C3%A9cnico-senior-devops-trabajo-remoto-at-bairesdev-4457144783,Líder Técnico Senior DevOps - Trabajo Remoto,BairesDev,posted,2026-08-26T19:29:10.565110,3123
e5581d469a39c9b1,https://uy.linkedin.com/jobs/view/probador-de-software-qa-investigaci%C3%B3n-y-desarrollo-trabajo-remoto-at-bairesdev-4457614236,Probador de Software (QA) / Investigación y Desarrollo - Trabajo Remoto,BairesDev,posted,2026-08-26T19:29:19.840234,3125
28455e8fb021598b,https://uy.linkedin.com/jobs/view/analista-de-hiring-journey-trabajo-remoto-at-bairesdev-4457929146,Analista de Hiring Journey - Trabajo Remoto,BairesDev,posted,2026-08-26T19:29:28.724024,309
9a3d08fbfeda7bde,https://uy.linkedin.com/jobs/view/jefe-de-obra-at-mta-ingenier%C3%ADa-4458252268,Jefe de obra,,scraped,2026-08-26T19:29:41.441582,
cb52fc4f4f810628,https://uy.linkedin.com/jobs/view/net-software-developer-at-descartes-systems-group-4459334805,.NET Software Developer,,scraped,2026-08-26T19:29:56.829577,
787e21e5ac0db870,https://uy.linkedin.com/jobs/view/supervisor-at-agua-asencio-4452596634,Supervisor,,scraped,2026-08-26T19:30:04.174139,
3bc4cfab070dcf30,https://uy.linkedin.com/jobs/view/proyectista-hidr%C3%A1ulico-at-friedman-4457289561,Proyectista Hidráulico,,scraped,2026-08-26T19:30:12.305405,
2a20784ef6edc76f,https://uy.linkedin.com/jobs/view/laravel-developer-%2B-react-remote-latin-america-at-bluelight-4459098303,"Laravel Developer + React - Remote, Latin America",Bluelight,posted,2026-08-26T19:30:28.658975,3127
28e1af5cc72d010a,https://uy.linkedin.com/jobs/view/wordpress-support-developer-at-veta-virtual-4457619992,WordPress Support Developer,,scraped,2026-08-26T19:30:47.348077,
4d9fdfed676c16e3,https://uy.linkedin.com/jobs/view/analista-funcional-erp-%E2%80%93-nexo-negocio-ti-at-missionhires-4456893326,Analista Funcional ERP – Nexo Negocio & TI,MissionHires,posted,2026-08-26T19:31:02.985598,3129
384217caafcd78ba,https://uy.linkedin.com/jobs/view/software-engineer-secure-container-images-at-canonical-4458798676,Software Engineer - Secure Container Images,,scraped,2026-08-26T19:31:07.586735,
d4a82b70e1b30ab2,https://uy.linkedin.com/jobs/view/laravel-developer-%2B-react-remote-latin-america-at-bluelight-4459113023,"Laravel Developer + React - Remote, Latin America",Bluelight,posted,2026-08-26T19:31:22.423928,3127
73991f101bbefd58,https://uy.linkedin.com/jobs/view/mds-nurse-lvn-at-pikes-peak-post-acute-4457569020,MDS Nurse LVN,Pikes Peak Post Acute,posted,2026-08-26T19:31:36.035874,3131
b867993ab1d83303,https://uy.linkedin.com/jobs/view/operations-compliance-analyst-at-entrust-servicios-profesionales-de-recursos-humanos-4454649556,Operations & Compliance Analyst,,scraped,2026-08-26T19:31:38.688758,
3ef9c6a5e64024c8,https://uy.linkedin.com/jobs/view/analista-funcional-at-advice-uruguay-4454658724,Analista Funcional,,scraped,2026-08-26T19:31:53.992711,
b89a415ed73dfe1d,https://uy.linkedin.com/jobs/view/representante-comercial-soldadura-con-experiencia-en-el-rubro-metal%C3%BArgico-o-similar-at-manpowergroup-uruguay-4457262274,Representante comercial Soldadura - Con experiencia en el rubro metalúrgico o similar,,scraped,2026-08-26T19:32:06.282142,
24bd81deeb756cbc,https://uy.linkedin.com/jobs/view/analista-de-riesgo-operacional-at-btg-pactual-uruguay-4454657982,Analista de Riesgo Operacional,,scraped,2026-08-26T19:32:13.719541,
3abbc46f378e140e,https://uy.linkedin.com/jobs/view/t%C3%A9cnico-soporte-1a-at-sonda-4459026465,Técnico Soporte 1A,,scraped,2026-08-26T19:32:22.832101,
f5445d79d24df558,https://uy.linkedin.com/jobs/view/vendedora-colonia-del-sacramento-at-grupo-lolita-4459098369,Vendedora - Colonia del Sacramento,,scraped,2026-08-26T19:32:33.448628,
bf5428b6ee9d646c,https://uy.linkedin.com/jobs/view/l%C3%ADder-de-operaciones-y-alianzas-en-empresas-contact-center-at-igs-i-integral-group-solution-4459332426,Líder de Operaciones y Alianzas en empresas Contact Center,IGS I Integral Group Solution,posted,2026-08-26T19:32:49.073641,3133
812de034248a6591,https://uy.linkedin.com/jobs/view/devops-site-reliability-engineer-sre-at-eightroom-4457255654,DevOps / Site Reliability Engineer (SRE),,scraped,2026-08-26T19:32:51.730498,
cd1d7fa29d0c4a12,https://uy.linkedin.com/jobs/view/tecn%C3%B3logo-a-qu%C3%ADmico-turnos-rotativos-villa-aeroparque-at-manpowergroup-uruguay-4457251303,Tecnólogo/a Químico (turnos rotativos) / Villa Aeroparque,,scraped,2026-08-26T19:33:01.825647,
6df81dde88019b62,https://uy.linkedin.com/jobs/view/senior-people-operations-analyst-at-blend-4458265792,Senior People Operations Analyst,Blend,posted,2026-08-26T19:33:27.016137,3135
dd23762d0175b43b,https://uy.linkedin.com/jobs/view/estudiantes-de-ciencias-econ%C3%B3micas-para-auditor%C3%ADa-at-kpmg-uruguay-4457338165,Estudiantes de Ciencias Económicas para Auditoría,KPMG Uruguay,posted,2026-08-26T19:33:39.574528,3137
1d5351988e36c4b8,https://uy.linkedin.com/jobs/view/skills-and-lifelong-learning-specialist-at-tvet-jobs-4456935698,Skills and Lifelong Learning Specialist,TVET Jobs,posted,2026-08-26T19:33:52.694644,3139
bdf7217b55e74ea0,https://uy.linkedin.com/jobs/view/asistente-comercial-at-plaza-desarrollos-4457287664,Asistente comercial,PLAZA DESARROLLOS,posted,2026-08-26T19:34:15.535826,3141
a0c025c1a1a75862,https://uy.linkedin.com/jobs/view/representante-comercial-independiente-b2b-saas-at-manejototal-4455735774,Representante Comercial Independiente B2B SaaS,,scraped,2026-08-26T19:34:18.179426,
9839dd9f0cd3b8f4,https://uy.linkedin.com/jobs/view/senior-full-stack-engineer-react-%2B-node-js-%2B-crm-remote-latin-america-at-fullstack-4456739786,Senior Full Stack Engineer (React + Node.js + CRM) - Remote - Latin America,FullStack,posted,2026-08-26T19:34:36.751173,2883
309430cc0262cc26,https://uy.linkedin.com/jobs/view/heimarbeit-homeoffice-mit-online-umfragen-geld-verdienen-von-%C3%BCberall%21-studentjob-ch-at-jobster-4457120515,Heimarbeit / Homeoffice: Mit online-Umfragen Geld verdienen von überall! - Studentjob.ch,,scraped,2026-08-26T19:34:41.397690,
01c9db4b796a7783,https://uy.linkedin.com/jobs/view/verdiene-geld-mit-deinen-meinungen-%E2%80%93-flexibler-nebenjob-f%C3%BCr-studenten%21-studentjob-ch-at-jobster-4457120511,Verdiene Geld mit deinen Meinungen – Flexibler Nebenjob für Studenten! - Studentjob.ch,,scraped,2026-08-26T19:34:53.493415,
ee76e0e11e1f31f6,https://uy.linkedin.com/jobs/view/ferienjob-minijob-als-promoter-25-50-chf-h-w-m-d-studentjob-ch-at-jobster-4457135628,Ferienjob / Minijob als Promoter (25-50 CHF/h) (w/m/d) - Studentjob.ch,,scraped,2026-08-26T19:35:09.490882,
f37e46b6ccf4c1d5,https://uy.linkedin.com/jobs/view/flexibler-nebenjob-f%C3%BCr-studenten-25-50-chf-h-w-m-d-studentjob-ch-at-jobster-4457138400,Flexibler Nebenjob für Studenten (25-50 CHF/h) (w/m/d) - Studentjob.ch,,scraped,2026-08-26T19:35:17.201660,
391590546b387f50,https://uy.linkedin.com/jobs/view/enqu%C3%AAteur-pour-des-sondages-en-ligne-t%C3%A9l%C3%A9travail-h-f-studentjob-ch-at-jobster-4457115493,Enquêteur pour des sondages en ligne - télétravail H/F - Studentjob.ch,,scraped,2026-08-26T19:35:25.562362,
dd2ec4124c2c88f1,https://uy.linkedin.com/jobs/view/homeoffice-mit-online-umfragen-geld-verdienen-von-%C3%BCberall%21-studentjob-ch-at-jobster-4457137243,Homeoffice: Mit online-Umfragen Geld verdienen von überall! - Studentjob.ch,,scraped,2026-08-26T19:35:33.514554,
b5bd4c483fb318be,https://uy.linkedin.com/jobs/view/panelteilnehmer-in-%E2%80%93-askgfk-schweiz-studentjob-ch-at-jobster-4457120601,Panelteilnehmer:in – askGfK Schweiz - Studentjob.ch,,scraped,2026-08-26T19:35:41.411230,
998e473e3502abed,https://uy.linkedin.com/jobs/view/t%C3%A9cnico-soporte-1a-at-sonda-4457399927,Técnico Soporte 1A,,scraped,2026-08-26T19:35:53.277032,
79eb276c652f4026,https://uy.linkedin.com/jobs/view/support-specialist-6-month-contract-at-cover-genius-4419460907,Support Specialist (6-month contract),Cover Genius,posted,2026-08-26T19:36:02.582454,507
dd377f0583bec4c0,https://uy.linkedin.com/jobs/view/staffing-fronters-consultant-remote-work-at-bairesdev-4458664011,Staffing Fronters Consultant - Remote Work,BairesDev,posted,2026-08-28T01:36:02.505434,445
24743556e3c9418a,https://uy.linkedin.com/jobs/view/sdr-sales-development-representative-with-exponential-bonus-at-eutalents-4457968890,SDR - Sales Development Representative with exponential bonus,,scraped,2026-08-28T01:36:07.166466,
78eed7309240168d,https://uy.linkedin.com/jobs/view/kitchen-base-de-datos-de-talentos-at-cipriani-punta-4458001902,Kitchen: Base de Datos de Talentos,,scraped,2026-08-28T01:36:18.064080,
5ced9be616414777,https://uy.linkedin.com/jobs/view/commission-collections-specialist-at-internova-global-services-4459361849,Commission Collections Specialist,Internova Global Services,posted,2026-08-28T01:37:15.287265,3143
4bb93a36e4a38505,https://uy.linkedin.com/jobs/view/base-de-talentos-personas-con-discapacidad-at-getnet-4457285713,Base de Talentos | Personas con Discapacidad,,scraped,2026-08-28T01:37:22.150178,
389379764131e181,https://uy.linkedin.com/jobs/view/encargado-a-de-compras-at-randstad-uruguay-4457797000,Encargado/a de Compras,,scraped,2026-08-28T01:37:31.455303,
7034b15d63c31ce3,https://uy.linkedin.com/jobs/view/mid-level-technical-product-manager-at-sunnydata-4458286508,Mid-level Technical Product Manager,SunnyData,posted,2026-08-28T01:37:44.506017,3145
63f9445f8848b3fa,https://uy.linkedin.com/jobs/view/personal-de-cocina-y-personal-de-salon-4457793707,Personal de cocina y personal de salon,Muelle 3,posted,2026-08-28T01:37:52.435109,3147
5be60d54234c2184,https://uy.linkedin.com/jobs/view/auxiliar-de-mantenimiento-lacc-at-consultora-citrino-4458026149,Auxiliar de Mantenimiento - LACC,,scraped,2026-08-28T01:37:57.036879,
ee7e36955515109c,https://uy.linkedin.com/jobs/view/conductor-profesional-4458022038,Conductor profesional,San Jose,posted,2026-08-28T01:38:16.684867,3149
7be35ab78c18360b,https://uy.linkedin.com/jobs/view/responsable-de-selecci%C3%B3n-de-pedidos-4458029816,Responsable de selección de pedidos,Distribuidora Alquimista,posted,2026-08-28T01:38:24.294711,3151
aa7668371d6b132d,https://uy.linkedin.com/jobs/view/product-manager-at-arionkoder-4459859294,Product Manager,Arionkoder,posted,2026-08-28T01:38:29.430199,211
02d2d2fce83f1acd,https://uy.linkedin.com/jobs/view/auxiliar-de-ventas-maldonado-at-tienda-inglesa-4459095792,Auxiliar de Ventas - Maldonado,Tienda Inglesa,posted,2026-08-28T01:38:41.924824,3153
7d19579857959cd4,https://uy.linkedin.com/jobs/view/t%C3%A9cnico-a-prevencionista-jr-at-berkes-group-4458621928,Técnico/a prevencionista jr.,,scraped,2026-08-28T01:38:46.761503,
3c9a7eab7c9a7fb3,https://uy.linkedin.com/jobs/view/advisor-partnerships-associate-at-ultimate-jet-vacations-4458310303,Advisor Partnerships Associate,Ultimate Jet Vacations,posted,2026-08-28T01:39:02.655807,3155
d8a174a409a1a9ca,https://uy.linkedin.com/jobs/view/commercial-container-shipping-specialist-at-trafigura-4458033864,Commercial Container Shipping Specialist,,scraped,2026-08-28T01:39:05.260311,
2f194a78f7255f3c,https://uy.linkedin.com/jobs/view/security-compliance-analyst-at-sur-global-4459340863,Security Compliance Analyst,Sur Global,posted,2026-08-28T01:39:16.950370,1800
69b571c42d8d5a56,https://uy.linkedin.com/jobs/view/coordinador-a-de-presupuestos-y-obras-4457700301,Coordinador/a de presupuestos y obras,https://www.linkedin.com/in/f2-sistemas-combate-incendio-25a256116/,posted,2026-08-28T01:39:28.682980,3157
9a823cd4f38a3bca,https://uy.linkedin.com/jobs/view/voip-engineer-remote-at-telnyx-4459079573,VoIP Engineer - Remote,Telnyx,posted,2026-08-28T01:39:33.793327,269
8b9d6dfcb79261df,https://uy.linkedin.com/jobs/view/senior-peoplesoft-hcm-consultant-at-applaudo-4459620897,Senior PeopleSoft HCM Consultant,,scraped,2026-08-28T01:39:40.473139,
d484115bc09a2f43,https://uy.linkedin.com/jobs/view/property-manager-at-taranto-desarrollo-inmobiliario-4459889438,Property Manager,,scraped,2026-08-28T01:39:49.347737,
32937733a84aac8f,https://uy.linkedin.com/jobs/view/performance-marketing-lead-at-lumepic-4457285353,Performance Marketing Lead,Lumepic,posted,2026-08-28T01:40:12.288741,3159
4ac5f589d7b5b8f9,https://uy.linkedin.com/jobs/view/supervisor-de-seguridad-de-turno-bilingue-at-allied-universal-4459648916,Supervisor de Seguridad de Turno Bilingue,Allied Universal,posted,2026-08-28T01:40:28.405976,3161
2f8e08656196ab19,https://uy.linkedin.com/jobs/view/desarrollador-front-end-angular-trabajo-remoto-at-bairesdev-4457965032,Desarrollador Front-End (Angular) - Trabajo Remoto,BairesDev,posted,2026-08-28T01:40:45.335753,2016
6c0ac6ed0a7fea6e,https://uy.linkedin.com/jobs/view/desarrollador-react-frontend-trabajo-remoto-at-bairesdev-4457489671,Desarrollador React Frontend - Trabajo Remoto,BairesDev,posted,2026-08-28T01:40:54.164711,1702
f00f03e3b5e4614a,https://uy.linkedin.com/jobs/view/analista-de-inteligencia-comercial-at-forvis-mazars-in-uruguay-4457272069,Analista de Inteligencia Comercial,,scraped,2026-08-28T01:40:59.013372,
2a77af550fe6530b,https://uy.linkedin.com/jobs/view/gerente-de-growth-marketing-at-confidential-jobs-4457710129,Gerente de Growth Marketing,Confidential Jobs,posted,2026-08-28T01:41:15.361282,3163
6f8bcc9dfc74bcbc,https://uy.linkedin.com/jobs/view/finance-and-reporting-advanced-specialist-at-kuehne%2Bnagel-4459874012,Finance and Reporting Advanced Specialist,,scraped,2026-08-28T01:41:26.269523,
24a3431b19e84b45,https://uy.linkedin.com/jobs/view/crm-manager-remote-work-at-bairesdev-4458625007,CRM Manager - Remote Work,BairesDev,posted,2026-08-28T01:41:35.276511,1258
8362f1d6694811c9,https://uy.linkedin.com/jobs/view/marketing-specialist-remote-work-at-bairesdev-4458622435,Marketing Specialist - Remote Work,BairesDev,posted,2026-08-28T01:41:42.262280,2516
3c9946b54709ad42,https://uy.linkedin.com/jobs/view/semi-senior-project-manager-remote-work-at-bairesdev-4458659147,Semi Senior Project Manager - Remote Work,BairesDev,posted,2026-08-28T01:41:47.201480,2186
7bde98c3d246923f,https://uy.linkedin.com/jobs/view/full-stack-python-ai-engineer-remote-work-at-bairesdev-4457498553,Full-stack Python AI Engineer - Remote Work,BairesDev,posted,2026-08-28T01:41:55.727923,3165
9888c1deba6b9a53,https://uy.linkedin.com/jobs/view/python-ai-engineer-remote-work-at-bairesdev-4456894865,Python AI Engineer - Remote Work,BairesDev,posted,2026-08-28T01:42:00.720374,3047
29a5f89ac930ae1e,https://uy.linkedin.com/jobs/view/full-stack-engineer-clojure-clojurescript-remote-work-at-bairesdev-4458623136,Full Stack Engineer (Clojure/ClojureScript) - Remote Work,BairesDev,posted,2026-08-28T01:42:15.235346,3167
7b44209a0f8f2f3b,https://uy.linkedin.com/jobs/view/data-engineer-python-%2B-aws-%2B-dbt-remote-latin-america-at-fullstack-4459398688,Data Engineer (Python + AWS + DBT) - Remote - Latin America,FullStack,posted,2026-08-28T01:42:29.106107,3169
53270950ff6d340f,https://uy.linkedin.com/jobs/view/analista-de-ingenier%C3%ADa-de-datos-trabajo-remoto-at-bairesdev-4457966018,Analista de Ingeniería de Datos - Trabajo Remoto,BairesDev,posted,2026-08-28T01:42:38.295095,3171
1b6940d0249f7cdc,https://uy.linkedin.com/jobs/view/staff-engineer-platform-infrastructure-at-nango-4459196560,"Staff Engineer, Platform & Infrastructure",Nango,posted,2026-08-28T01:42:46.299638,3173
a51209e111df1627,https://uy.linkedin.com/jobs/view/corporate-travel-and-mobility-agent-remote-work-at-bairesdev-4457490805,Corporate Travel and Mobility Agent - Remote Work,BairesDev,posted,2026-08-28T01:42:51.246146,579
3b2ca1f6d573a2d0,https://uy.linkedin.com/jobs/view/data-engineer-python-%2B-aws-%2B-dbt-remote-latin-america-at-fullstack-4459608656,Data Engineer (Python + AWS + DBT) - Remote - Latin America,FullStack,posted,2026-08-28T01:42:56.129659,3169
3bf4409ad51823eb,https://uy.linkedin.com/jobs/view/data-engineer-python-%2B-aws-%2B-dbt-remote-latin-america-at-fullstack-4459389742,Data Engineer (Python + AWS + DBT) - Remote - Latin America,FullStack,posted,2026-08-28T01:43:09.050697,3169
0837215e1e9b4f34,https://uy.linkedin.com/jobs/view/contract-review-specialist-sales-operations-at-sabre-4458300335,"Contract Review Specialist, Sales Operations",Sabre,posted,2026-08-28T01:43:26.014100,3175
105326f5abafb552,https://uy.linkedin.com/jobs/view/senior-full-stack-engineer-node-%2B-vue-remote-latin-america-at-fullstack-4449085183,Senior Full Stack Engineer (Node + Vue) - Remote - Latin America,FullStack,posted,2026-08-28T01:43:35.439145,1954
6fe035ca6083e8bc,https://uy.linkedin.com/jobs/view/crm-manager-remote-work-at-bairesdev-4458626038,CRM Manager - Remote Work,BairesDev,posted,2026-08-28T01:43:40.649862,1258
5ad33fd7cc562589,https://uy.linkedin.com/jobs/view/encargado-de-taller-junior-at-ecotecno-4459108199,Encargado de taller Junior,,scraped,2026-08-28T01:43:47.321657,
48ffffaec7e63b96,https://uy.linkedin.com/jobs/view/regional-key-account-executive-at-o%2Bh-organizaciones-%2B-humanas-4458688449,Regional Key Account Executive,,scraped,2026-08-28T01:44:02.809987,
d9eaefdbf459ed40,https://uy.linkedin.com/jobs/view/maestro-cervecero-at-cerveceria-malafama-4454672142,Maestro Cervecero,,scraped,2026-08-28T01:44:09.439868,
aa5466b4aef725e7,https://uy.linkedin.com/jobs/view/senior-it-project-manager-remote-work-at-bairesdev-4458665397,Senior IT Project Manager - Remote Work,BairesDev,posted,2026-08-28T01:44:19.477626,2312
1f0450234d4122d8,https://uy.linkedin.com/jobs/view/laravel-developer-%2B-react-remote-latin-america-at-bluelight-4457685198,"Laravel Developer + React - Remote, Latin America",Bluelight,posted,2026-08-28T01:44:36.497295,3127
13a44e4a9edf7d53,https://uy.linkedin.com/jobs/view/empresa-metal%C3%BArgica-de-rocha-solicita-personal-4457281637,Empresa metalúrgica de Rocha solicita personal,CeciliaCasulo&asoc,posted,2026-08-28T01:44:46.089913,3177
c038f41f44c1daa7,https://uy.linkedin.com/jobs/view/supervisor-de-ventas-4458022822,Supervisor de ventas,Distribuidora Alquimista,posted,2026-08-28T01:44:53.138043,3179
249a0c42d817b01e,https://uy.linkedin.com/jobs/view/vendedor-a-viajante-zona-este-del-pa%C3%ADs-at-manpowergroup-4456518370,Vendedor/a Viajante (Zona Este del País),ManpowerGroup,posted,2026-08-28T01:45:03.043766,3181
90a41eae92209607,https://uy.linkedin.com/jobs/view/senior-specialist-commercial-development-at-upm-4459841958,"Senior Specialist, Commercial Development",,scraped,2026-08-28T01:45:05.767837,
7a4201d5d8b7ed81,https://uy.linkedin.com/jobs/view/talent-pool-escribanos-as-jr-at-fidocar-4455887746,Talent Pool: Escribanos/as Jr.,,scraped,2026-08-28T01:45:13.125485,
fb47f7f35d77105b,https://uy.linkedin.com/jobs/view/%C3%BCzemeltet%C3%A9si-szak%C3%A9rt%C5%91-%E2%80%93-elektromos-t%C3%B6lt%C5%91h%C3%A1l%C3%B3zat-at-mvm-4457274346,Üzemeltetési szakértő – elektromos töltőhálózat,,scraped,2026-08-28T01:45:21.399078,
6b29fa483759a987,https://uy.linkedin.com/jobs/view/asistente-banca-preferencial-banca-privada-at-btg-pactual-uruguay-4454666921,Asistente Banca Preferencial / Banca Privada,,scraped,2026-08-28T01:45:32.013154,
2713b699ab51a574,https://uy.linkedin.com/jobs/view/creador-a-de-contenido-redes-sociales-rubro-deportes-y-moda-at-tienda-4457875055,Creador/a de Contenido & Redes Sociales (Rubro Deportes y Moda),tienda,posted,2026-08-28T01:45:47.251063,3183
00ff018a5f8f36ac,https://uy.linkedin.com/jobs/view/anti-money-laundering-analyst-at-veta-virtual-4458692287,Anti-Money Laundering Analyst,,scraped,2026-08-28T01:45:50.124783,
4971f88c23100693,https://uy.linkedin.com/jobs/view/tester-semi-senior-at-ceibal-4459859711,Tester Semi Senior,Ceibal,posted,2026-08-28T01:46:06.375633,3185
eb379ee311b39d1e,https://uy.linkedin.com/jobs/view/ptr-regulatory-program-manager-at-roche-4458518235,PTR Regulatory Program Manager,,scraped,2026-08-28T01:46:09.103729,
f74cbf867758ce9c,https://uy.linkedin.com/jobs/view/especialista-en-ventas-4458023840,Especialista en ventas,Distribuidora Alquimista,posted,2026-08-28T01:46:21.500609,3187
c586bea4ae5974dc,https://uy.linkedin.com/jobs/view/treasury-specialist-uruguay-at-eron-international-4457460374,Treasury Specialist - Uruguay,ERON International,posted,2026-08-28T01:46:30.732484,3189
2b9e3cd0e294b05e,https://uy.linkedin.com/jobs/view/alimentos-bebidas-base-de-datos-de-talento-at-cipriani-punta-4458000925,Alimentos & Bebidas: Base de Datos de Talento,,scraped,2026-08-28T01:46:33.578301,
d72d80effee93762,https://uy.linkedin.com/jobs/view/asesor-de-desarrollo-de-ventas-comerciales-at-get-orange-4458039338,Asesor de desarrollo de ventas comerciales,Get Orange,posted,2026-08-28T01:46:46.954208,3191
68793df7550b0fa6,https://uy.linkedin.com/jobs/view/ingeniero-el%C3%A9ctrico-potencia-at-ingea-4441067274,"Ingeniero eléctrico, Potencia",,scraped,2026-08-28T01:46:55.630357,
12ce1f3ff62e3506,https://uy.linkedin.com/jobs/view/consultor-sap-ewm-senior-%E2%80%93-remoto-latam-horario-cet-uruguay-at-sapindex-4459032173,Consultor SAP EWM Senior – Remoto LATAM | Horario CET - Uruguay,,scraped,2026-08-28T01:47:14.481719,
eee16a8b7a9cdf23,https://uy.linkedin.com/jobs/view/ai-engineering-consultant-part-time-at-braintrust-4459880310,AI Engineering Consultant - Part time,Braintrust,posted,2026-08-28T01:47:33.504448,3193
17efe748fd9c1323,https://uy.linkedin.com/jobs/view/telefonista-atenci%C3%B3n-al-cliente-at-gianni-store-4459101289,Telefonista | Atención al Cliente,,scraped,2026-08-28T01:47:42.100953,
dd15ffdadbb96f44,https://uy.linkedin.com/jobs/view/devops-engineer-talent-pipeline-github-migration-projects-remote-latam-at-flexremote-4458318066,"DevOps Engineer, Talent Pipeline (GitHub Migration Projects) (Remote - LATAM)",FlexRemote,posted,2026-08-28T01:48:08.153440,3195
7cba2e3af9ab9502,https://uy.linkedin.com/jobs/view/senior-qa-qc-engineer-civil-structural-mechanical-electrical-uy-at-core-code-io-4457647856,"Senior QA/QC Engineer (Civil, Structural, Mechanical & Electrical) UY",Core Code io,posted,2026-08-28T01:48:21.537337,3197
6bb2f7b0791d6c2a,https://uy.linkedin.com/jobs/view/senior-ai-python-engineer-remote-work-at-bairesdev-4457608846,Senior AI & Python Engineer - Remote Work,BairesDev,posted,2026-08-28T01:48:37.977511,3199
186c3a410ddba23d,https://uy.linkedin.com/jobs/view/representante-de-customer-experience-at-mercado-libre-4454696054,Representante de Customer Experience,,scraped,2026-08-28T01:48:40.605907,
a8097fabe86cb642,https://uy.linkedin.com/jobs/view/heimarbeit-homeoffice-mit-online-umfragen-geld-verdienen-von-%C3%BCberall%21-studentjob-ch-at-jobster-4458604636,Heimarbeit / Homeoffice: Mit online-Umfragen Geld verdienen von überall! - Studentjob.ch,,scraped,2026-08-28T01:49:51.433056,
a3e448cbeeaf1db7,https://uy.linkedin.com/jobs/view/verdiene-geld-mit-deinen-meinungen-%E2%80%93-flexibler-nebenjob-f%C3%BCr-studenten%21-studentjob-ch-at-jobster-4458392492,Verdiene Geld mit deinen Meinungen – Flexibler Nebenjob für Studenten! - Studentjob.ch,,scraped,2026-08-28T01:49:59.747461,
7193904cb1ccce25,https://uy.linkedin.com/jobs/view/r%C3%A9pondez-%C3%A0-des-enqu%C3%AAtes-de-chez-vous-pendant-votre-temps-libre-%21-studentjob-ch-at-jobster-4458387902,Répondez à des enquêtes de chez vous pendant votre temps libre ! - Studentjob.ch,,scraped,2026-08-28T01:51:11.543570,
db8695184504c16a,https://uy.linkedin.com/jobs/view/verdiene-geld-von-zuhause-aus-nebenjob-im-home-office-mit-umfragen-studentjob-ch-at-jobster-4458607444,Verdiene Geld von Zuhause aus: Nebenjob im Home Office mit Umfragen - Studentjob.ch,,scraped,2026-08-28T01:52:23.288058,
e3f2adecc1f746a0,https://uy.linkedin.com/jobs/view/von-zuhause-geld-verdienen%3F-es-war-nie-einfacher%21-homeoffice-studentjob-ch-at-jobster-4458390614,Von Zuhause Geld verdienen? Es war nie einfacher! Homeoffice - Studentjob.ch,,scraped,2026-08-28T01:52:31.127011,
09519030248dbbf6,https://uy.linkedin.com/jobs/view/sagen-sie-es%21-teilen-sie-ihre-erkenntnisse-mit%21-umfragen-durchf%C3%BChren-und-geld-verdienen%21-m-w-d-studentjob-ch-at-jobster-4458370982,Sagen Sie es! Teilen Sie Ihre Erkenntnisse mit! Umfragen durchführen und Geld verdienen! (m/w/d) - Studentjob.ch,,scraped,2026-08-28T01:52:39.212749,
a7de8be6f3148946,https://uy.linkedin.com/jobs/view/online-aufgaben-umfragen-flexible-m%C3%B6glichkeit-geld-online-zu-verdienen-studentjob-ch-at-jobster-4458387696,"Online Aufgaben & Umfragen - Flexible Möglichkeit, Geld online zu verdienen - Studentjob.ch",,scraped,2026-08-28T01:52:47.181435,
a038763097ca0076,https://uy.linkedin.com/jobs/view/responsable-de-administraci%C3%B3n-part-time-at-manpowergroup-uruguay-4457292241,Responsable de Administración - Part Time,,scraped,2026-08-28T01:52:55.281101,
d8da01a1d4187e7c,https://uy.linkedin.com/jobs/view/online-umfragen-im-home-office-bearbeiten-f%C3%BCr-geld-studentjob-ch-at-jobster-4458377871,Online-Umfragen im Home-Office bearbeiten für Geld - Studentjob.ch,,scraped,2026-08-28T01:53:02.085293,
f32091609fc7887f,https://uy.linkedin.com/jobs/view/heimarbeit-verdiene-geld-mit-umfragen-in-der-marktforschung-studentjob-ch-at-jobster-4458379585,Heimarbeit -Verdiene Geld mit Umfragen in der MARKTFORSCHUNG - Studentjob.ch,,scraped,2026-08-28T01:53:09.993950,
